solid OpenSCAD_Model
  facet normal 0 0 1
    outer loop
      vertex 23 0 6
      vertex 25 0 6
      vertex 24.9507 1.56976 6
    endloop
  endfacet
  facet normal 0 0 1
    outer loop
      vertex 22.9546 1.44418 6
      vertex 24.9507 1.56976 6
      vertex 24.8029 3.13333 6
    endloop
  endfacet
  facet normal 0 0 1
    outer loop
      vertex 25 0 6
      vertex 23 0 6
      vertex 24.9507 -1.56976 6
    endloop
  endfacet
  facet normal 0 0 1
    outer loop
      vertex 22.8186 2.88266 6
      vertex 24.8029 3.13333 6
      vertex 24.5572 4.68453 6
    endloop
  endfacet
  facet normal -0 0 1
    outer loop
      vertex 22.9546 -1.44418 6
      vertex 24.9507 -1.56976 6
      vertex 23 0 6
    endloop
  endfacet
  facet normal 0 0 1
    outer loop
      vertex 22.5926 4.30977 6
      vertex 24.5572 4.68453 6
      vertex 24.2146 6.21725 6
    endloop
  endfacet
  facet normal 0 0 1
    outer loop
      vertex 24.9507 -1.56976 6
      vertex 22.9546 -1.44418 6
      vertex 24.8029 -3.13333 6
    endloop
  endfacet
  facet normal 0 0 1
    outer loop
      vertex 22.2774 5.71987 6
      vertex 24.2146 6.21725 6
      vertex 23.7764 7.72542 6
    endloop
  endfacet
  facet normal -0 0 1
    outer loop
      vertex 22.8186 -2.88266 6
      vertex 24.8029 -3.13333 6
      vertex 22.9546 -1.44418 6
    endloop
  endfacet
  facet normal 0 0 1
    outer loop
      vertex 21.8743 7.10739 6
      vertex 23.7764 7.72542 6
      vertex 23.2444 9.20311 6
    endloop
  endfacet
  facet normal 0 0 1
    outer loop
      vertex 24.8029 -3.13333 6
      vertex 22.8186 -2.88266 6
      vertex 24.5572 -4.68453 6
    endloop
  endfacet
  facet normal -0 0 1
    outer loop
      vertex 22.5926 -4.30977 6
      vertex 24.5572 -4.68453 6
      vertex 22.8186 -2.88266 6
    endloop
  endfacet
  facet normal 0 0 1
    outer loop
      vertex 24.9507 1.56976 6
      vertex 22.9546 1.44418 6
      vertex 23 0 6
    endloop
  endfacet
  facet normal 0 0 1
    outer loop
      vertex 24.8029 3.13333 6
      vertex 22.8186 2.88266 6
      vertex 22.9546 1.44418 6
    endloop
  endfacet
  facet normal 0 0 1
    outer loop
      vertex 21.3849 8.46686 6
      vertex 23.2444 9.20311 6
      vertex 22.6207 10.6445 6
    endloop
  endfacet
  facet normal 0 0 1
    outer loop
      vertex 24.5572 4.68453 6
      vertex 22.5926 4.30977 6
      vertex 22.8186 2.88266 6
    endloop
  endfacet
  facet normal 0 0 1
    outer loop
      vertex 24.2146 6.21725 6
      vertex 22.2774 5.71987 6
      vertex 22.5926 4.30977 6
    endloop
  endfacet
  facet normal 0 0 1
    outer loop
      vertex 20.811 9.79292 6
      vertex 22.6207 10.6445 6
      vertex 21.9077 12.0438 6
    endloop
  endfacet
  facet normal 0 0 1
    outer loop
      vertex 23.7764 7.72542 6
      vertex 21.8743 7.10739 6
      vertex 22.2774 5.71987 6
    endloop
  endfacet
  facet normal 0 0 1
    outer loop
      vertex 23.2444 9.20311 6
      vertex 21.3849 8.46686 6
      vertex 21.8743 7.10739 6
    endloop
  endfacet
  facet normal 0 0 1
    outer loop
      vertex 20.1551 11.0803 6
      vertex 21.9077 12.0438 6
      vertex 21.1082 13.3957 6
    endloop
  endfacet
  facet normal 0 0 1
    outer loop
      vertex 22.6207 10.6445 6
      vertex 20.811 9.79292 6
      vertex 21.3849 8.46686 6
    endloop
  endfacet
  facet normal 0 0 1
    outer loop
      vertex 19.4195 12.324 6
      vertex 21.1082 13.3957 6
      vertex 20.2254 14.6946 6
    endloop
  endfacet
  facet normal 0 0 1
    outer loop
      vertex 21.9077 12.0438 6
      vertex 20.1551 11.0803 6
      vertex 20.811 9.79292 6
    endloop
  endfacet
  facet normal 0 0 1
    outer loop
      vertex 21.1082 13.3957 6
      vertex 19.4195 12.324 6
      vertex 20.1551 11.0803 6
    endloop
  endfacet
  facet normal 0 0 1
    outer loop
      vertex 18.6074 13.5191 6
      vertex 20.2254 14.6946 6
      vertex 19.2628 15.9356 6
    endloop
  endfacet
  facet normal 0 0 1
    outer loop
      vertex 20.2254 14.6946 6
      vertex 18.6074 13.5191 6
      vertex 19.4195 12.324 6
    endloop
  endfacet
  facet normal 0 0 1
    outer loop
      vertex 17.7218 14.6608 6
      vertex 19.2628 15.9356 6
      vertex 18.2242 17.1137 6
    endloop
  endfacet
  facet normal 0 0 1
    outer loop
      vertex 19.2628 15.9356 6
      vertex 17.7218 14.6608 6
      vertex 18.6074 13.5191 6
    endloop
  endfacet
  facet normal 0 0 1
    outer loop
      vertex 16.7663 15.7446 6
      vertex 18.2242 17.1137 6
      vertex 17.1137 18.2242 6
    endloop
  endfacet
  facet normal 0 0 1
    outer loop
      vertex 18.2242 17.1137 6
      vertex 16.7663 15.7446 6
      vertex 17.7218 14.6608 6
    endloop
  endfacet
  facet normal 0 0 1
    outer loop
      vertex 15.7446 16.7663 6
      vertex 17.1137 18.2242 6
      vertex 15.9356 19.2628 6
    endloop
  endfacet
  facet normal 0 0 1
    outer loop
      vertex 17.1137 18.2242 6
      vertex 15.7446 16.7663 6
      vertex 16.7663 15.7446 6
    endloop
  endfacet
  facet normal 0 0 1
    outer loop
      vertex 14.6608 17.7218 6
      vertex 15.9356 19.2628 6
      vertex 14.6946 20.2254 6
    endloop
  endfacet
  facet normal 0 0 1
    outer loop
      vertex 15.9356 19.2628 6
      vertex 14.6608 17.7218 6
      vertex 15.7446 16.7663 6
    endloop
  endfacet
  facet normal 0 0 1
    outer loop
      vertex 14.6946 20.2254 6
      vertex 13.5191 18.6074 6
      vertex 14.6608 17.7218 6
    endloop
  endfacet
  facet normal 0 0 1
    outer loop
      vertex 13.3957 21.1082 6
      vertex 13.5191 18.6074 6
      vertex 14.6946 20.2254 6
    endloop
  endfacet
  facet normal 0 0 1
    outer loop
      vertex 13.3957 21.1082 6
      vertex 12.324 19.4195 6
      vertex 13.5191 18.6074 6
    endloop
  endfacet
  facet normal 0 0 1
    outer loop
      vertex 12.0438 21.9077 6
      vertex 12.324 19.4195 6
      vertex 13.3957 21.1082 6
    endloop
  endfacet
  facet normal 0 0 1
    outer loop
      vertex 12.0438 21.9077 6
      vertex 11.0803 20.1551 6
      vertex 12.324 19.4195 6
    endloop
  endfacet
  facet normal 0 0 1
    outer loop
      vertex 10.6445 22.6207 6
      vertex 11.0803 20.1551 6
      vertex 12.0438 21.9077 6
    endloop
  endfacet
  facet normal 0 0 1
    outer loop
      vertex 10.6445 22.6207 6
      vertex 9.79292 20.811 6
      vertex 11.0803 20.1551 6
    endloop
  endfacet
  facet normal 0 0 1
    outer loop
      vertex 9.20311 23.2444 6
      vertex 9.79292 20.811 6
      vertex 10.6445 22.6207 6
    endloop
  endfacet
  facet normal 0 0 1
    outer loop
      vertex 9.20311 23.2444 6
      vertex 8.46686 21.3849 6
      vertex 9.79292 20.811 6
    endloop
  endfacet
  facet normal 0 0 1
    outer loop
      vertex 7.72542 23.7764 6
      vertex 8.46686 21.3849 6
      vertex 9.20311 23.2444 6
    endloop
  endfacet
  facet normal 0 0 1
    outer loop
      vertex 7.72542 23.7764 6
      vertex 7.10739 21.8743 6
      vertex 8.46686 21.3849 6
    endloop
  endfacet
  facet normal 0 0 1
    outer loop
      vertex 6.21725 24.2146 6
      vertex 7.10739 21.8743 6
      vertex 7.72542 23.7764 6
    endloop
  endfacet
  facet normal 0 0 1
    outer loop
      vertex 6.21725 24.2146 6
      vertex 5.71987 22.2774 6
      vertex 7.10739 21.8743 6
    endloop
  endfacet
  facet normal 0 0 1
    outer loop
      vertex 4.68453 24.5572 6
      vertex 5.71987 22.2774 6
      vertex 6.21725 24.2146 6
    endloop
  endfacet
  facet normal 0 0 1
    outer loop
      vertex 4.68453 24.5572 6
      vertex 4.30977 22.5926 6
      vertex 5.71987 22.2774 6
    endloop
  endfacet
  facet normal 0 0 1
    outer loop
      vertex 3.13333 24.8029 6
      vertex 4.30977 22.5926 6
      vertex 4.68453 24.5572 6
    endloop
  endfacet
  facet normal 0 0 1
    outer loop
      vertex 3.13333 24.8029 6
      vertex 2.88266 22.8186 6
      vertex 4.30977 22.5926 6
    endloop
  endfacet
  facet normal 0 0 1
    outer loop
      vertex 1.56976 24.9507 6
      vertex 2.88266 22.8186 6
      vertex 3.13333 24.8029 6
    endloop
  endfacet
  facet normal 0 0 1
    outer loop
      vertex 1.56976 24.9507 6
      vertex 1.44418 22.9546 6
      vertex 2.88266 22.8186 6
    endloop
  endfacet
  facet normal 0 0 1
    outer loop
      vertex 0 25 6
      vertex 1.44418 22.9546 6
      vertex 1.56976 24.9507 6
    endloop
  endfacet
  facet normal 0 0 1
    outer loop
      vertex 0 25 6
      vertex 0 23 6
      vertex 1.44418 22.9546 6
    endloop
  endfacet
  facet normal 0 0 1
    outer loop
      vertex 0 25 6
      vertex -1.44418 22.9546 6
      vertex 0 23 6
    endloop
  endfacet
  facet normal -0 0 1
    outer loop
      vertex -1.56976 24.9507 6
      vertex -1.44418 22.9546 6
      vertex 0 25 6
    endloop
  endfacet
  facet normal 0 0 1
    outer loop
      vertex -1.56976 24.9507 6
      vertex -2.88266 22.8186 6
      vertex -1.44418 22.9546 6
    endloop
  endfacet
  facet normal -0 0 1
    outer loop
      vertex -3.13333 24.8029 6
      vertex -2.88266 22.8186 6
      vertex -1.56976 24.9507 6
    endloop
  endfacet
  facet normal 0 0 1
    outer loop
      vertex -3.13333 24.8029 6
      vertex -4.30977 22.5926 6
      vertex -2.88266 22.8186 6
    endloop
  endfacet
  facet normal -0 0 1
    outer loop
      vertex -4.68453 24.5572 6
      vertex -4.30977 22.5926 6
      vertex -3.13333 24.8029 6
    endloop
  endfacet
  facet normal 0 0 1
    outer loop
      vertex -4.68453 24.5572 6
      vertex -5.71987 22.2774 6
      vertex -4.30977 22.5926 6
    endloop
  endfacet
  facet normal -0 0 1
    outer loop
      vertex -6.21725 24.2146 6
      vertex -5.71987 22.2774 6
      vertex -4.68453 24.5572 6
    endloop
  endfacet
  facet normal 0 0 1
    outer loop
      vertex -6.21725 24.2146 6
      vertex -7.10739 21.8743 6
      vertex -5.71987 22.2774 6
    endloop
  endfacet
  facet normal -0 0 1
    outer loop
      vertex -7.72542 23.7764 6
      vertex -7.10739 21.8743 6
      vertex -6.21725 24.2146 6
    endloop
  endfacet
  facet normal 0 0 1
    outer loop
      vertex -7.72542 23.7764 6
      vertex -8.46686 21.3849 6
      vertex -7.10739 21.8743 6
    endloop
  endfacet
  facet normal -0 0 1
    outer loop
      vertex -9.20311 23.2444 6
      vertex -8.46686 21.3849 6
      vertex -7.72542 23.7764 6
    endloop
  endfacet
  facet normal 0 0 1
    outer loop
      vertex -9.20311 23.2444 6
      vertex -9.79292 20.811 6
      vertex -8.46686 21.3849 6
    endloop
  endfacet
  facet normal -0 0 1
    outer loop
      vertex -10.6445 22.6207 6
      vertex -9.79292 20.811 6
      vertex -9.20311 23.2444 6
    endloop
  endfacet
  facet normal 0 0 1
    outer loop
      vertex -10.6445 22.6207 6
      vertex -11.0803 20.1551 6
      vertex -9.79292 20.811 6
    endloop
  endfacet
  facet normal -0 0 1
    outer loop
      vertex -12.0438 21.9077 6
      vertex -11.0803 20.1551 6
      vertex -10.6445 22.6207 6
    endloop
  endfacet
  facet normal 0 0 1
    outer loop
      vertex -12.0438 21.9077 6
      vertex -12.324 19.4195 6
      vertex -11.0803 20.1551 6
    endloop
  endfacet
  facet normal -0 0 1
    outer loop
      vertex -13.3957 21.1082 6
      vertex -12.324 19.4195 6
      vertex -12.0438 21.9077 6
    endloop
  endfacet
  facet normal 0 0 1
    outer loop
      vertex -13.3957 21.1082 6
      vertex -13.5191 18.6074 6
      vertex -12.324 19.4195 6
    endloop
  endfacet
  facet normal -0 0 1
    outer loop
      vertex -14.6946 20.2254 6
      vertex -13.5191 18.6074 6
      vertex -13.3957 21.1082 6
    endloop
  endfacet
  facet normal 0 0 1
    outer loop
      vertex -13.5191 18.6074 6
      vertex -14.6946 20.2254 6
      vertex -14.6608 17.7218 6
    endloop
  endfacet
  facet normal -0 0 1
    outer loop
      vertex -15.9356 19.2628 6
      vertex -14.6608 17.7218 6
      vertex -14.6946 20.2254 6
    endloop
  endfacet
  facet normal 0 0 1
    outer loop
      vertex -14.6608 17.7218 6
      vertex -15.9356 19.2628 6
      vertex -15.7446 16.7663 6
    endloop
  endfacet
  facet normal -0 0 1
    outer loop
      vertex -17.1137 18.2242 6
      vertex -15.7446 16.7663 6
      vertex -15.9356 19.2628 6
    endloop
  endfacet
  facet normal 0 0 1
    outer loop
      vertex -15.7446 16.7663 6
      vertex -17.1137 18.2242 6
      vertex -16.7663 15.7446 6
    endloop
  endfacet
  facet normal -0 0 1
    outer loop
      vertex -18.2242 17.1137 6
      vertex -16.7663 15.7446 6
      vertex -17.1137 18.2242 6
    endloop
  endfacet
  facet normal 0 0 1
    outer loop
      vertex -16.7663 15.7446 6
      vertex -18.2242 17.1137 6
      vertex -17.7218 14.6608 6
    endloop
  endfacet
  facet normal -0 0 1
    outer loop
      vertex -19.2628 15.9356 6
      vertex -17.7218 14.6608 6
      vertex -18.2242 17.1137 6
    endloop
  endfacet
  facet normal 0 0 1
    outer loop
      vertex -17.7218 14.6608 6
      vertex -19.2628 15.9356 6
      vertex -18.6074 13.5191 6
    endloop
  endfacet
  facet normal -0 0 1
    outer loop
      vertex -20.2254 14.6946 6
      vertex -18.6074 13.5191 6
      vertex -19.2628 15.9356 6
    endloop
  endfacet
  facet normal 0 0 1
    outer loop
      vertex -18.6074 13.5191 6
      vertex -20.2254 14.6946 6
      vertex -19.4195 12.324 6
    endloop
  endfacet
  facet normal -0 0 1
    outer loop
      vertex -21.1082 13.3957 6
      vertex -19.4195 12.324 6
      vertex -20.2254 14.6946 6
    endloop
  endfacet
  facet normal 0 0 1
    outer loop
      vertex -19.4195 12.324 6
      vertex -21.1082 13.3957 6
      vertex -20.1551 11.0803 6
    endloop
  endfacet
  facet normal -0 0 1
    outer loop
      vertex -21.9077 12.0438 6
      vertex -20.1551 11.0803 6
      vertex -21.1082 13.3957 6
    endloop
  endfacet
  facet normal 0 0 1
    outer loop
      vertex -20.1551 11.0803 6
      vertex -21.9077 12.0438 6
      vertex -20.811 9.79292 6
    endloop
  endfacet
  facet normal -0 0 1
    outer loop
      vertex -22.6207 10.6445 6
      vertex -20.811 9.79292 6
      vertex -21.9077 12.0438 6
    endloop
  endfacet
  facet normal 0 0 1
    outer loop
      vertex -20.811 9.79292 6
      vertex -22.6207 10.6445 6
      vertex -21.3849 8.46686 6
    endloop
  endfacet
  facet normal -0 0 1
    outer loop
      vertex -23.2444 9.20311 6
      vertex -21.3849 8.46686 6
      vertex -22.6207 10.6445 6
    endloop
  endfacet
  facet normal 0 0 1
    outer loop
      vertex -21.3849 8.46686 6
      vertex -23.2444 9.20311 6
      vertex -21.8743 7.10739 6
    endloop
  endfacet
  facet normal -0 0 1
    outer loop
      vertex -23.7764 7.72542 6
      vertex -21.8743 7.10739 6
      vertex -23.2444 9.20311 6
    endloop
  endfacet
  facet normal 0 0 1
    outer loop
      vertex -21.8743 7.10739 6
      vertex -23.7764 7.72542 6
      vertex -22.2774 5.71987 6
    endloop
  endfacet
  facet normal -0 0 1
    outer loop
      vertex -24.2146 6.21725 6
      vertex -22.2774 5.71987 6
      vertex -23.7764 7.72542 6
    endloop
  endfacet
  facet normal -0 0 1
    outer loop
      vertex -24.5572 4.68453 6
      vertex -22.5926 4.30977 6
      vertex -24.2146 6.21725 6
    endloop
  endfacet
  facet normal 0 0 1
    outer loop
      vertex -22.2774 5.71987 6
      vertex -24.2146 6.21725 6
      vertex -22.5926 4.30977 6
    endloop
  endfacet
  facet normal 0 0 1
    outer loop
      vertex 24.5572 -4.68453 6
      vertex 22.5926 -4.30977 6
      vertex 24.2146 -6.21725 6
    endloop
  endfacet
  facet normal -0 0 1
    outer loop
      vertex 22.2774 -5.71987 6
      vertex 24.2146 -6.21725 6
      vertex 22.5926 -4.30977 6
    endloop
  endfacet
  facet normal 0 0 1
    outer loop
      vertex 24.2146 -6.21725 6
      vertex 22.2774 -5.71987 6
      vertex 23.7764 -7.72542 6
    endloop
  endfacet
  facet normal -0 0 1
    outer loop
      vertex 21.8743 -7.10739 6
      vertex 23.7764 -7.72542 6
      vertex 22.2774 -5.71987 6
    endloop
  endfacet
  facet normal 0 0 1
    outer loop
      vertex 23.7764 -7.72542 6
      vertex 21.8743 -7.10739 6
      vertex 23.2444 -9.20311 6
    endloop
  endfacet
  facet normal -0 0 1
    outer loop
      vertex 21.3849 -8.46686 6
      vertex 23.2444 -9.20311 6
      vertex 21.8743 -7.10739 6
    endloop
  endfacet
  facet normal 0 0 1
    outer loop
      vertex 23.2444 -9.20311 6
      vertex 21.3849 -8.46686 6
      vertex 22.6207 -10.6445 6
    endloop
  endfacet
  facet normal -0 0 1
    outer loop
      vertex 20.811 -9.79292 6
      vertex 22.6207 -10.6445 6
      vertex 21.3849 -8.46686 6
    endloop
  endfacet
  facet normal 0 0 1
    outer loop
      vertex 22.6207 -10.6445 6
      vertex 20.811 -9.79292 6
      vertex 21.9077 -12.0438 6
    endloop
  endfacet
  facet normal -0 0 1
    outer loop
      vertex 20.1551 -11.0803 6
      vertex 21.9077 -12.0438 6
      vertex 20.811 -9.79292 6
    endloop
  endfacet
  facet normal 0 0 1
    outer loop
      vertex 21.9077 -12.0438 6
      vertex 20.1551 -11.0803 6
      vertex 21.1082 -13.3957 6
    endloop
  endfacet
  facet normal -0 0 1
    outer loop
      vertex 19.4195 -12.324 6
      vertex 21.1082 -13.3957 6
      vertex 20.1551 -11.0803 6
    endloop
  endfacet
  facet normal 0 0 1
    outer loop
      vertex 21.1082 -13.3957 6
      vertex 19.4195 -12.324 6
      vertex 20.2254 -14.6946 6
    endloop
  endfacet
  facet normal -0 0 1
    outer loop
      vertex 18.6074 -13.5191 6
      vertex 20.2254 -14.6946 6
      vertex 19.4195 -12.324 6
    endloop
  endfacet
  facet normal 0 0 1
    outer loop
      vertex 20.2254 -14.6946 6
      vertex 18.6074 -13.5191 6
      vertex 19.2628 -15.9356 6
    endloop
  endfacet
  facet normal -0 0 1
    outer loop
      vertex 17.7218 -14.6608 6
      vertex 19.2628 -15.9356 6
      vertex 18.6074 -13.5191 6
    endloop
  endfacet
  facet normal 0 0 1
    outer loop
      vertex 19.2628 -15.9356 6
      vertex 17.7218 -14.6608 6
      vertex 18.2242 -17.1137 6
    endloop
  endfacet
  facet normal -0 0 1
    outer loop
      vertex 16.7663 -15.7446 6
      vertex 18.2242 -17.1137 6
      vertex 17.7218 -14.6608 6
    endloop
  endfacet
  facet normal 0 0 1
    outer loop
      vertex 18.2242 -17.1137 6
      vertex 16.7663 -15.7446 6
      vertex 17.1137 -18.2242 6
    endloop
  endfacet
  facet normal -0 0 1
    outer loop
      vertex 15.7446 -16.7663 6
      vertex 17.1137 -18.2242 6
      vertex 16.7663 -15.7446 6
    endloop
  endfacet
  facet normal 0 0 1
    outer loop
      vertex 17.1137 -18.2242 6
      vertex 15.7446 -16.7663 6
      vertex 15.9356 -19.2628 6
    endloop
  endfacet
  facet normal -0 0 1
    outer loop
      vertex 14.6608 -17.7218 6
      vertex 15.9356 -19.2628 6
      vertex 15.7446 -16.7663 6
    endloop
  endfacet
  facet normal 0 0 1
    outer loop
      vertex 15.9356 -19.2628 6
      vertex 14.6608 -17.7218 6
      vertex 14.6946 -20.2254 6
    endloop
  endfacet
  facet normal -0 0 1
    outer loop
      vertex 13.5191 -18.6074 6
      vertex 14.6946 -20.2254 6
      vertex 14.6608 -17.7218 6
    endloop
  endfacet
  facet normal 0 0 1
    outer loop
      vertex 13.5191 -18.6074 6
      vertex 13.3957 -21.1082 6
      vertex 14.6946 -20.2254 6
    endloop
  endfacet
  facet normal -0 0 1
    outer loop
      vertex 12.324 -19.4195 6
      vertex 13.3957 -21.1082 6
      vertex 13.5191 -18.6074 6
    endloop
  endfacet
  facet normal 0 0 1
    outer loop
      vertex 12.324 -19.4195 6
      vertex 12.0438 -21.9077 6
      vertex 13.3957 -21.1082 6
    endloop
  endfacet
  facet normal -0 0 1
    outer loop
      vertex 11.0803 -20.1551 6
      vertex 12.0438 -21.9077 6
      vertex 12.324 -19.4195 6
    endloop
  endfacet
  facet normal 0 0 1
    outer loop
      vertex 11.0803 -20.1551 6
      vertex 10.6445 -22.6207 6
      vertex 12.0438 -21.9077 6
    endloop
  endfacet
  facet normal -0 0 1
    outer loop
      vertex 9.79292 -20.811 6
      vertex 10.6445 -22.6207 6
      vertex 11.0803 -20.1551 6
    endloop
  endfacet
  facet normal 0 0 1
    outer loop
      vertex 9.79292 -20.811 6
      vertex 9.20311 -23.2444 6
      vertex 10.6445 -22.6207 6
    endloop
  endfacet
  facet normal -0 0 1
    outer loop
      vertex 8.46686 -21.3849 6
      vertex 9.20311 -23.2444 6
      vertex 9.79292 -20.811 6
    endloop
  endfacet
  facet normal 0 0 1
    outer loop
      vertex 8.46686 -21.3849 6
      vertex 7.72542 -23.7764 6
      vertex 9.20311 -23.2444 6
    endloop
  endfacet
  facet normal -0 0 1
    outer loop
      vertex 7.10739 -21.8743 6
      vertex 7.72542 -23.7764 6
      vertex 8.46686 -21.3849 6
    endloop
  endfacet
  facet normal 0 0 1
    outer loop
      vertex 7.10739 -21.8743 6
      vertex 6.21725 -24.2146 6
      vertex 7.72542 -23.7764 6
    endloop
  endfacet
  facet normal -0 0 1
    outer loop
      vertex 5.71987 -22.2774 6
      vertex 6.21725 -24.2146 6
      vertex 7.10739 -21.8743 6
    endloop
  endfacet
  facet normal 0 0 1
    outer loop
      vertex 5.71987 -22.2774 6
      vertex 4.68453 -24.5572 6
      vertex 6.21725 -24.2146 6
    endloop
  endfacet
  facet normal -0 0 1
    outer loop
      vertex 4.30977 -22.5926 6
      vertex 4.68453 -24.5572 6
      vertex 5.71987 -22.2774 6
    endloop
  endfacet
  facet normal 0 0 1
    outer loop
      vertex 4.30977 -22.5926 6
      vertex 3.13333 -24.8029 6
      vertex 4.68453 -24.5572 6
    endloop
  endfacet
  facet normal -0 0 1
    outer loop
      vertex 2.88266 -22.8186 6
      vertex 3.13333 -24.8029 6
      vertex 4.30977 -22.5926 6
    endloop
  endfacet
  facet normal 0 0 1
    outer loop
      vertex 2.88266 -22.8186 6
      vertex 1.56976 -24.9507 6
      vertex 3.13333 -24.8029 6
    endloop
  endfacet
  facet normal -0 0 1
    outer loop
      vertex 1.44418 -22.9546 6
      vertex 1.56976 -24.9507 6
      vertex 2.88266 -22.8186 6
    endloop
  endfacet
  facet normal -0 0 1
    outer loop
      vertex 0 -23 6
      vertex 1.56976 -24.9507 6
      vertex 1.44418 -22.9546 6
    endloop
  endfacet
  facet normal 0 0 1
    outer loop
      vertex 0 -23 6
      vertex 0 -25 6
      vertex 1.56976 -24.9507 6
    endloop
  endfacet
  facet normal 0 0 1
    outer loop
      vertex -1.44418 -22.9546 6
      vertex 0 -25 6
      vertex 0 -23 6
    endloop
  endfacet
  facet normal 0 0 1
    outer loop
      vertex -1.44418 -22.9546 6
      vertex -1.56976 -24.9507 6
      vertex 0 -25 6
    endloop
  endfacet
  facet normal 0 0 1
    outer loop
      vertex -2.88266 -22.8186 6
      vertex -1.56976 -24.9507 6
      vertex -1.44418 -22.9546 6
    endloop
  endfacet
  facet normal 0 0 1
    outer loop
      vertex -2.88266 -22.8186 6
      vertex -3.13333 -24.8029 6
      vertex -1.56976 -24.9507 6
    endloop
  endfacet
  facet normal 0 0 1
    outer loop
      vertex -4.30977 -22.5926 6
      vertex -3.13333 -24.8029 6
      vertex -2.88266 -22.8186 6
    endloop
  endfacet
  facet normal 0 0 1
    outer loop
      vertex -4.30977 -22.5926 6
      vertex -4.68453 -24.5572 6
      vertex -3.13333 -24.8029 6
    endloop
  endfacet
  facet normal 0 0 1
    outer loop
      vertex -5.71987 -22.2774 6
      vertex -4.68453 -24.5572 6
      vertex -4.30977 -22.5926 6
    endloop
  endfacet
  facet normal 0 0 1
    outer loop
      vertex -5.71987 -22.2774 6
      vertex -6.21725 -24.2146 6
      vertex -4.68453 -24.5572 6
    endloop
  endfacet
  facet normal 0 0 1
    outer loop
      vertex -7.10739 -21.8743 6
      vertex -6.21725 -24.2146 6
      vertex -5.71987 -22.2774 6
    endloop
  endfacet
  facet normal 0 0 1
    outer loop
      vertex -7.10739 -21.8743 6
      vertex -7.72542 -23.7764 6
      vertex -6.21725 -24.2146 6
    endloop
  endfacet
  facet normal 0 0 1
    outer loop
      vertex -8.46686 -21.3849 6
      vertex -7.72542 -23.7764 6
      vertex -7.10739 -21.8743 6
    endloop
  endfacet
  facet normal 0 0 1
    outer loop
      vertex -8.46686 -21.3849 6
      vertex -9.20311 -23.2444 6
      vertex -7.72542 -23.7764 6
    endloop
  endfacet
  facet normal 0 0 1
    outer loop
      vertex -9.79292 -20.811 6
      vertex -9.20311 -23.2444 6
      vertex -8.46686 -21.3849 6
    endloop
  endfacet
  facet normal 0 0 1
    outer loop
      vertex -9.79292 -20.811 6
      vertex -10.6445 -22.6207 6
      vertex -9.20311 -23.2444 6
    endloop
  endfacet
  facet normal 0 0 1
    outer loop
      vertex -11.0803 -20.1551 6
      vertex -10.6445 -22.6207 6
      vertex -9.79292 -20.811 6
    endloop
  endfacet
  facet normal 0 0 1
    outer loop
      vertex -11.0803 -20.1551 6
      vertex -12.0438 -21.9077 6
      vertex -10.6445 -22.6207 6
    endloop
  endfacet
  facet normal 0 0 1
    outer loop
      vertex -12.324 -19.4195 6
      vertex -12.0438 -21.9077 6
      vertex -11.0803 -20.1551 6
    endloop
  endfacet
  facet normal 0 0 1
    outer loop
      vertex -12.324 -19.4195 6
      vertex -13.3957 -21.1082 6
      vertex -12.0438 -21.9077 6
    endloop
  endfacet
  facet normal 0 0 1
    outer loop
      vertex -13.5191 -18.6074 6
      vertex -13.3957 -21.1082 6
      vertex -12.324 -19.4195 6
    endloop
  endfacet
  facet normal 0 0 1
    outer loop
      vertex -14.6946 -20.2254 6
      vertex -13.5191 -18.6074 6
      vertex -14.6608 -17.7218 6
    endloop
  endfacet
  facet normal 0 0 1
    outer loop
      vertex -13.5191 -18.6074 6
      vertex -14.6946 -20.2254 6
      vertex -13.3957 -21.1082 6
    endloop
  endfacet
  facet normal 0 0 1
    outer loop
      vertex -15.9356 -19.2628 6
      vertex -14.6608 -17.7218 6
      vertex -15.7446 -16.7663 6
    endloop
  endfacet
  facet normal 0 0 1
    outer loop
      vertex -14.6608 -17.7218 6
      vertex -15.9356 -19.2628 6
      vertex -14.6946 -20.2254 6
    endloop
  endfacet
  facet normal 0 0 1
    outer loop
      vertex -17.1137 -18.2242 6
      vertex -15.7446 -16.7663 6
      vertex -16.7663 -15.7446 6
    endloop
  endfacet
  facet normal 0 0 1
    outer loop
      vertex -15.7446 -16.7663 6
      vertex -17.1137 -18.2242 6
      vertex -15.9356 -19.2628 6
    endloop
  endfacet
  facet normal 0 0 1
    outer loop
      vertex -18.2242 -17.1137 6
      vertex -16.7663 -15.7446 6
      vertex -17.7218 -14.6608 6
    endloop
  endfacet
  facet normal 0 0 1
    outer loop
      vertex -16.7663 -15.7446 6
      vertex -18.2242 -17.1137 6
      vertex -17.1137 -18.2242 6
    endloop
  endfacet
  facet normal 0 0 1
    outer loop
      vertex -19.2628 -15.9356 6
      vertex -17.7218 -14.6608 6
      vertex -18.6074 -13.5191 6
    endloop
  endfacet
  facet normal 0 0 1
    outer loop
      vertex -17.7218 -14.6608 6
      vertex -19.2628 -15.9356 6
      vertex -18.2242 -17.1137 6
    endloop
  endfacet
  facet normal 0 0 1
    outer loop
      vertex -20.2254 -14.6946 6
      vertex -18.6074 -13.5191 6
      vertex -19.4195 -12.324 6
    endloop
  endfacet
  facet normal 0 0 1
    outer loop
      vertex -21.1082 -13.3957 6
      vertex -19.4195 -12.324 6
      vertex -20.1551 -11.0803 6
    endloop
  endfacet
  facet normal 0 0 1
    outer loop
      vertex -18.6074 -13.5191 6
      vertex -20.2254 -14.6946 6
      vertex -19.2628 -15.9356 6
    endloop
  endfacet
  facet normal 0 0 1
    outer loop
      vertex -21.9077 -12.0438 6
      vertex -20.1551 -11.0803 6
      vertex -20.811 -9.79292 6
    endloop
  endfacet
  facet normal 0 0 1
    outer loop
      vertex -19.4195 -12.324 6
      vertex -21.1082 -13.3957 6
      vertex -20.2254 -14.6946 6
    endloop
  endfacet
  facet normal 0 0 1
    outer loop
      vertex -22.6207 -10.6445 6
      vertex -20.811 -9.79292 6
      vertex -21.3849 -8.46686 6
    endloop
  endfacet
  facet normal 0 0 1
    outer loop
      vertex -23.2444 -9.20311 6
      vertex -21.3849 -8.46686 6
      vertex -21.8743 -7.10739 6
    endloop
  endfacet
  facet normal 0 0 1
    outer loop
      vertex -20.1551 -11.0803 6
      vertex -21.9077 -12.0438 6
      vertex -21.1082 -13.3957 6
    endloop
  endfacet
  facet normal 0 0 1
    outer loop
      vertex -23.7764 -7.72542 6
      vertex -21.8743 -7.10739 6
      vertex -22.2774 -5.71987 6
    endloop
  endfacet
  facet normal 0 0 1
    outer loop
      vertex -24.2146 -6.21725 6
      vertex -22.2774 -5.71987 6
      vertex -22.5926 -4.30977 6
    endloop
  endfacet
  facet normal 0 0 1
    outer loop
      vertex -20.811 -9.79292 6
      vertex -22.6207 -10.6445 6
      vertex -21.9077 -12.0438 6
    endloop
  endfacet
  facet normal 0 0 1
    outer loop
      vertex -24.5572 -4.68453 6
      vertex -22.5926 -4.30977 6
      vertex -22.8186 -2.88266 6
    endloop
  endfacet
  facet normal 0 0 1
    outer loop
      vertex -24.8029 -3.13333 6
      vertex -22.8186 -2.88266 6
      vertex -22.9546 -1.44418 6
    endloop
  endfacet
  facet normal 0 0 1
    outer loop
      vertex -21.3849 -8.46686 6
      vertex -23.2444 -9.20311 6
      vertex -22.6207 -10.6445 6
    endloop
  endfacet
  facet normal 0 0 1
    outer loop
      vertex -24.9507 -1.56976 6
      vertex -22.9546 -1.44418 6
      vertex -23 0 6
    endloop
  endfacet
  facet normal 0 0 1
    outer loop
      vertex -22.5926 4.30977 6
      vertex -24.5572 4.68453 6
      vertex -22.8186 2.88266 6
    endloop
  endfacet
  facet normal -0 0 1
    outer loop
      vertex -24.8029 3.13333 6
      vertex -22.8186 2.88266 6
      vertex -24.5572 4.68453 6
    endloop
  endfacet
  facet normal 0 0 1
    outer loop
      vertex -21.8743 -7.10739 6
      vertex -23.7764 -7.72542 6
      vertex -23.2444 -9.20311 6
    endloop
  endfacet
  facet normal 0 0 1
    outer loop
      vertex -22.8186 2.88266 6
      vertex -24.8029 3.13333 6
      vertex -22.9546 1.44418 6
    endloop
  endfacet
  facet normal 0 0 1
    outer loop
      vertex -22.2774 -5.71987 6
      vertex -24.2146 -6.21725 6
      vertex -23.7764 -7.72542 6
    endloop
  endfacet
  facet normal -0 0 1
    outer loop
      vertex -24.9507 1.56976 6
      vertex -22.9546 1.44418 6
      vertex -24.8029 3.13333 6
    endloop
  endfacet
  facet normal 0 0 1
    outer loop
      vertex -22.5926 -4.30977 6
      vertex -24.5572 -4.68453 6
      vertex -24.2146 -6.21725 6
    endloop
  endfacet
  facet normal 0 0 1
    outer loop
      vertex -22.9546 1.44418 6
      vertex -24.9507 1.56976 6
      vertex -23 0 6
    endloop
  endfacet
  facet normal 0 0 1
    outer loop
      vertex -22.8186 -2.88266 6
      vertex -24.8029 -3.13333 6
      vertex -24.5572 -4.68453 6
    endloop
  endfacet
  facet normal 0 0 1
    outer loop
      vertex -25 0 6
      vertex -23 0 6
      vertex -24.9507 1.56976 6
    endloop
  endfacet
  facet normal 0 0 1
    outer loop
      vertex -22.9546 -1.44418 6
      vertex -24.9507 -1.56976 6
      vertex -24.8029 -3.13333 6
    endloop
  endfacet
  facet normal 0 0 1
    outer loop
      vertex -23 0 6
      vertex -25 0 6
      vertex -24.9507 -1.56976 6
    endloop
  endfacet
  facet normal -0.975917 -0.218141 0
    outer loop
      vertex -24.2146 -6.21725 0
      vertex -24.5572 -4.68453 6
      vertex -24.5572 -4.68453 0
    endloop
  endfacet
  facet normal -0.975917 -0.218141 0
    outer loop
      vertex -24.5572 -4.68453 6
      vertex -24.2146 -6.21725 0
      vertex -24.2146 -6.21725 6
    endloop
  endfacet
  facet normal 0.995562 0.0941078 0
    outer loop
      vertex 24.9507 1.56976 6
      vertex 24.8029 3.13333 0
      vertex 24.8029 3.13333 6
    endloop
  endfacet
  facet normal 0.995562 0.0941078 0
    outer loop
      vertex 24.8029 3.13333 0
      vertex 24.9507 1.56976 6
      vertex 24.9507 1.56976 0
    endloop
  endfacet
  facet normal 0.999507 0.0313906 0
    outer loop
      vertex 25 0 6
      vertex 24.9507 1.56976 0
      vertex 24.9507 1.56976 6
    endloop
  endfacet
  facet normal 0.999507 0.0313906 0
    outer loop
      vertex 24.9507 1.56976 0
      vertex 25 0 6
      vertex 25 0 0
    endloop
  endfacet
  facet normal 0.0313906 0.999507 -0
    outer loop
      vertex 1.56976 24.9507 0
      vertex 0 25 6
      vertex 1.56976 24.9507 6
    endloop
  endfacet
  facet normal 0.0313906 0.999507 0
    outer loop
      vertex 0 25 6
      vertex 1.56976 24.9507 0
      vertex 0 25 0
    endloop
  endfacet
  facet normal -0.661299 -0.750122 0
    outer loop
      vertex -17.1137 -18.2242 0
      vertex -15.9356 -19.2628 6
      vertex -17.1137 -18.2242 6
    endloop
  endfacet
  facet normal -0.661299 -0.750122 -0
    outer loop
      vertex -15.9356 -19.2628 6
      vertex -17.1137 -18.2242 0
      vertex -15.9356 -19.2628 0
    endloop
  endfacet
  facet normal -0.940881 -0.338737 0
    outer loop
      vertex -23.2444 -9.20311 0
      vertex -23.7764 -7.72542 6
      vertex -23.7764 -7.72542 0
    endloop
  endfacet
  facet normal -0.940881 -0.338737 0
    outer loop
      vertex -23.7764 -7.72542 6
      vertex -23.2444 -9.20311 0
      vertex -23.2444 -9.20311 6
    endloop
  endfacet
  facet normal -0.454001 0.891001 0
    outer loop
      vertex -10.6445 22.6207 0
      vertex -12.0438 21.9077 6
      vertex -10.6445 22.6207 6
    endloop
  endfacet
  facet normal -0.454001 0.891001 0
    outer loop
      vertex -12.0438 21.9077 6
      vertex -10.6445 22.6207 0
      vertex -12.0438 21.9077 0
    endloop
  endfacet
  facet normal 0.940881 -0.338737 0
    outer loop
      vertex 23.2444 -9.20311 6
      vertex 23.7764 -7.72542 0
      vertex 23.7764 -7.72542 6
    endloop
  endfacet
  facet normal 0.940881 -0.338737 0
    outer loop
      vertex 23.7764 -7.72542 0
      vertex 23.2444 -9.20311 6
      vertex 23.2444 -9.20311 0
    endloop
  endfacet
  facet normal -0.338737 0.940881 0
    outer loop
      vertex -7.72542 23.7764 0
      vertex -9.20311 23.2444 6
      vertex -7.72542 23.7764 6
    endloop
  endfacet
  facet normal -0.338737 0.940881 0
    outer loop
      vertex -9.20311 23.2444 6
      vertex -7.72542 23.7764 0
      vertex -9.20311 23.2444 0
    endloop
  endfacet
  facet normal 0.975917 0.218141 0
    outer loop
      vertex 24.5572 4.68453 6
      vertex 24.2146 6.21725 0
      vertex 24.2146 6.21725 6
    endloop
  endfacet
  facet normal 0.975917 0.218141 0
    outer loop
      vertex 24.2146 6.21725 0
      vertex 24.5572 4.68453 6
      vertex 24.5572 4.68453 0
    endloop
  endfacet
  facet normal 0.987687 0.156443 0
    outer loop
      vertex 24.8029 3.13333 6
      vertex 24.5572 4.68453 0
      vertex 24.5572 4.68453 6
    endloop
  endfacet
  facet normal 0.987687 0.156443 0
    outer loop
      vertex 24.5572 4.68453 0
      vertex 24.8029 3.13333 6
      vertex 24.8029 3.13333 0
    endloop
  endfacet
  facet normal -0.218141 -0.975917 0
    outer loop
      vertex -6.21725 -24.2146 0
      vertex -4.68453 -24.5572 6
      vertex -6.21725 -24.2146 6
    endloop
  endfacet
  facet normal -0.218141 -0.975917 -0
    outer loop
      vertex -4.68453 -24.5572 6
      vertex -6.21725 -24.2146 0
      vertex -4.68453 -24.5572 0
    endloop
  endfacet
  facet normal 0.279012 -0.960288 0
    outer loop
      vertex 6.21725 -24.2146 0
      vertex 7.72542 -23.7764 6
      vertex 6.21725 -24.2146 6
    endloop
  endfacet
  facet normal 0.279012 -0.960288 0
    outer loop
      vertex 7.72542 -23.7764 6
      vertex 6.21725 -24.2146 0
      vertex 7.72542 -23.7764 0
    endloop
  endfacet
  facet normal 0.960288 0.279012 0
    outer loop
      vertex 24.2146 6.21725 6
      vertex 23.7764 7.72542 0
      vertex 23.7764 7.72542 6
    endloop
  endfacet
  facet normal 0.960288 0.279012 0
    outer loop
      vertex 23.7764 7.72542 0
      vertex 24.2146 6.21725 6
      vertex 24.2146 6.21725 0
    endloop
  endfacet
  facet normal 0.338737 -0.940881 0
    outer loop
      vertex 7.72542 -23.7764 0
      vertex 9.20311 -23.2444 6
      vertex 7.72542 -23.7764 6
    endloop
  endfacet
  facet normal 0.338737 -0.940881 0
    outer loop
      vertex 9.20311 -23.2444 6
      vertex 7.72542 -23.7764 0
      vertex 9.20311 -23.2444 0
    endloop
  endfacet
  facet normal 0.960288 -0.279012 0
    outer loop
      vertex 23.7764 -7.72542 6
      vertex 24.2146 -6.21725 0
      vertex 24.2146 -6.21725 6
    endloop
  endfacet
  facet normal 0.960288 -0.279012 0
    outer loop
      vertex 24.2146 -6.21725 0
      vertex 23.7764 -7.72542 6
      vertex 23.7764 -7.72542 0
    endloop
  endfacet
  facet normal -0.509036 -0.860745 0
    outer loop
      vertex -13.3957 -21.1082 0
      vertex -12.0438 -21.9077 6
      vertex -13.3957 -21.1082 6
    endloop
  endfacet
  facet normal -0.509036 -0.860745 -0
    outer loop
      vertex -12.0438 -21.9077 6
      vertex -13.3957 -21.1082 0
      vertex -12.0438 -21.9077 0
    endloop
  endfacet
  facet normal -0.562113 0.82706 0
    outer loop
      vertex -13.3957 21.1082 0
      vertex -14.6946 20.2254 6
      vertex -13.3957 21.1082 6
    endloop
  endfacet
  facet normal -0.562113 0.82706 0
    outer loop
      vertex -14.6946 20.2254 6
      vertex -13.3957 21.1082 0
      vertex -14.6946 20.2254 0
    endloop
  endfacet
  facet normal -0.940881 0.338737 0
    outer loop
      vertex -23.7764 7.72542 0
      vertex -23.2444 9.20311 6
      vertex -23.2444 9.20311 0
    endloop
  endfacet
  facet normal -0.940881 0.338737 0
    outer loop
      vertex -23.2444 9.20311 6
      vertex -23.7764 7.72542 0
      vertex -23.7764 7.72542 6
    endloop
  endfacet
  facet normal -0.917765 0.397124 0
    outer loop
      vertex -23.2444 9.20311 0
      vertex -22.6207 10.6445 6
      vertex -22.6207 10.6445 0
    endloop
  endfacet
  facet normal -0.917765 0.397124 0
    outer loop
      vertex -22.6207 10.6445 6
      vertex -23.2444 9.20311 0
      vertex -23.2444 9.20311 6
    endloop
  endfacet
  facet normal 0.454001 -0.891001 0
    outer loop
      vertex 10.6445 -22.6207 0
      vertex 12.0438 -21.9077 6
      vertex 10.6445 -22.6207 6
    endloop
  endfacet
  facet normal 0.454001 -0.891001 0
    outer loop
      vertex 12.0438 -21.9077 6
      vertex 10.6445 -22.6207 0
      vertex 12.0438 -21.9077 0
    endloop
  endfacet
  facet normal -0.995562 0.0941078 0
    outer loop
      vertex -24.9507 1.56976 0
      vertex -24.8029 3.13333 6
      vertex -24.8029 3.13333 0
    endloop
  endfacet
  facet normal -0.995562 0.0941078 0
    outer loop
      vertex -24.8029 3.13333 6
      vertex -24.9507 1.56976 0
      vertex -24.9507 1.56976 6
    endloop
  endfacet
  facet normal -0.279012 0.960288 0
    outer loop
      vertex -6.21725 24.2146 0
      vertex -7.72542 23.7764 6
      vertex -6.21725 24.2146 6
    endloop
  endfacet
  facet normal -0.279012 0.960288 0
    outer loop
      vertex -7.72542 23.7764 6
      vertex -6.21725 24.2146 0
      vertex -7.72542 23.7764 0
    endloop
  endfacet
  facet normal -0.707107 -0.707107 0
    outer loop
      vertex -17.1137 -18.2242 0
      vertex -18.2242 -17.1137 6
      vertex -18.2242 -17.1137 0
    endloop
  endfacet
  facet normal -0.707107 -0.707107 0
    outer loop
      vertex -18.2242 -17.1137 6
      vertex -17.1137 -18.2242 0
      vertex -17.1137 -18.2242 6
    endloop
  endfacet
  facet normal 0.6129 -0.790161 0
    outer loop
      vertex 14.6946 -20.2254 0
      vertex 15.9356 -19.2628 6
      vertex 14.6946 -20.2254 6
    endloop
  endfacet
  facet normal 0.6129 -0.790161 0
    outer loop
      vertex 15.9356 -19.2628 6
      vertex 14.6946 -20.2254 0
      vertex 15.9356 -19.2628 0
    endloop
  endfacet
  facet normal -0.960288 -0.279012 0
    outer loop
      vertex -23.7764 -7.72542 0
      vertex -24.2146 -6.21725 6
      vertex -24.2146 -6.21725 0
    endloop
  endfacet
  facet normal -0.960288 -0.279012 0
    outer loop
      vertex -24.2146 -6.21725 6
      vertex -23.7764 -7.72542 0
      vertex -23.7764 -7.72542 6
    endloop
  endfacet
  facet normal -0.960288 0.279012 0
    outer loop
      vertex -24.2146 6.21725 0
      vertex -23.7764 7.72542 6
      vertex -23.7764 7.72542 0
    endloop
  endfacet
  facet normal -0.960288 0.279012 0
    outer loop
      vertex -23.7764 7.72542 6
      vertex -24.2146 6.21725 0
      vertex -24.2146 6.21725 6
    endloop
  endfacet
  facet normal 0.509036 -0.860745 0
    outer loop
      vertex 12.0438 -21.9077 0
      vertex 13.3957 -21.1082 6
      vertex 12.0438 -21.9077 6
    endloop
  endfacet
  facet normal 0.509036 -0.860745 0
    outer loop
      vertex 13.3957 -21.1082 6
      vertex 12.0438 -21.9077 0
      vertex 13.3957 -21.1082 0
    endloop
  endfacet
  facet normal 0.860745 0.509036 0
    outer loop
      vertex 21.9077 12.0438 6
      vertex 21.1082 13.3957 0
      vertex 21.1082 13.3957 6
    endloop
  endfacet
  facet normal 0.860745 0.509036 0
    outer loop
      vertex 21.1082 13.3957 0
      vertex 21.9077 12.0438 6
      vertex 21.9077 12.0438 0
    endloop
  endfacet
  facet normal 0.0941078 0.995562 -0
    outer loop
      vertex 3.13333 24.8029 0
      vertex 1.56976 24.9507 6
      vertex 3.13333 24.8029 6
    endloop
  endfacet
  facet normal 0.0941078 0.995562 0
    outer loop
      vertex 1.56976 24.9507 6
      vertex 3.13333 24.8029 0
      vertex 1.56976 24.9507 0
    endloop
  endfacet
  facet normal -0.917765 -0.397124 0
    outer loop
      vertex -22.6207 -10.6445 0
      vertex -23.2444 -9.20311 6
      vertex -23.2444 -9.20311 0
    endloop
  endfacet
  facet normal -0.917765 -0.397124 0
    outer loop
      vertex -23.2444 -9.20311 6
      vertex -22.6207 -10.6445 0
      vertex -22.6207 -10.6445 6
    endloop
  endfacet
  facet normal 0.397124 0.917765 -0
    outer loop
      vertex 10.6445 22.6207 0
      vertex 9.20311 23.2444 6
      vertex 10.6445 22.6207 6
    endloop
  endfacet
  facet normal 0.397124 0.917765 0
    outer loop
      vertex 9.20311 23.2444 6
      vertex 10.6445 22.6207 0
      vertex 9.20311 23.2444 0
    endloop
  endfacet
  facet normal 0.562113 0.82706 -0
    outer loop
      vertex 14.6946 20.2254 0
      vertex 13.3957 21.1082 6
      vertex 14.6946 20.2254 6
    endloop
  endfacet
  facet normal 0.562113 0.82706 0
    outer loop
      vertex 13.3957 21.1082 6
      vertex 14.6946 20.2254 0
      vertex 13.3957 21.1082 0
    endloop
  endfacet
  facet normal -0.218141 0.975917 0
    outer loop
      vertex -4.68453 24.5572 0
      vertex -6.21725 24.2146 6
      vertex -4.68453 24.5572 6
    endloop
  endfacet
  facet normal -0.218141 0.975917 0
    outer loop
      vertex -6.21725 24.2146 6
      vertex -4.68453 24.5572 0
      vertex -6.21725 24.2146 0
    endloop
  endfacet
  facet normal 0.82706 0.562113 0
    outer loop
      vertex 21.1082 13.3957 6
      vertex 20.2254 14.6946 0
      vertex 20.2254 14.6946 6
    endloop
  endfacet
  facet normal 0.82706 0.562113 0
    outer loop
      vertex 20.2254 14.6946 0
      vertex 21.1082 13.3957 6
      vertex 21.1082 13.3957 0
    endloop
  endfacet
  facet normal -0.891001 -0.454001 0
    outer loop
      vertex -21.9077 -12.0438 0
      vertex -22.6207 -10.6445 6
      vertex -22.6207 -10.6445 0
    endloop
  endfacet
  facet normal -0.891001 -0.454001 0
    outer loop
      vertex -22.6207 -10.6445 6
      vertex -21.9077 -12.0438 0
      vertex -21.9077 -12.0438 6
    endloop
  endfacet
  facet normal 0.975917 -0.218141 0
    outer loop
      vertex 24.2146 -6.21725 6
      vertex 24.5572 -4.68453 0
      vertex 24.5572 -4.68453 6
    endloop
  endfacet
  facet normal 0.975917 -0.218141 0
    outer loop
      vertex 24.5572 -4.68453 0
      vertex 24.2146 -6.21725 6
      vertex 24.2146 -6.21725 0
    endloop
  endfacet
  facet normal 0.940881 0.338737 0
    outer loop
      vertex 23.7764 7.72542 6
      vertex 23.2444 9.20311 0
      vertex 23.2444 9.20311 6
    endloop
  endfacet
  facet normal 0.940881 0.338737 0
    outer loop
      vertex 23.2444 9.20311 0
      vertex 23.7764 7.72542 6
      vertex 23.7764 7.72542 0
    endloop
  endfacet
  facet normal -0.6129 -0.790161 0
    outer loop
      vertex -15.9356 -19.2628 0
      vertex -14.6946 -20.2254 6
      vertex -15.9356 -19.2628 6
    endloop
  endfacet
  facet normal -0.6129 -0.790161 -0
    outer loop
      vertex -14.6946 -20.2254 6
      vertex -15.9356 -19.2628 0
      vertex -14.6946 -20.2254 0
    endloop
  endfacet
  facet normal -0.0313906 0.999507 0
    outer loop
      vertex 0 25 0
      vertex -1.56976 24.9507 6
      vertex 0 25 6
    endloop
  endfacet
  facet normal -0.0313906 0.999507 0
    outer loop
      vertex -1.56976 24.9507 6
      vertex 0 25 0
      vertex -1.56976 24.9507 0
    endloop
  endfacet
  facet normal -0.509036 0.860745 0
    outer loop
      vertex -12.0438 21.9077 0
      vertex -13.3957 21.1082 6
      vertex -12.0438 21.9077 6
    endloop
  endfacet
  facet normal -0.509036 0.860745 0
    outer loop
      vertex -13.3957 21.1082 6
      vertex -12.0438 21.9077 0
      vertex -13.3957 21.1082 0
    endloop
  endfacet
  facet normal 0.0941078 -0.995562 0
    outer loop
      vertex 1.56976 -24.9507 0
      vertex 3.13333 -24.8029 6
      vertex 1.56976 -24.9507 6
    endloop
  endfacet
  facet normal 0.0941078 -0.995562 0
    outer loop
      vertex 3.13333 -24.8029 6
      vertex 1.56976 -24.9507 0
      vertex 3.13333 -24.8029 0
    endloop
  endfacet
  facet normal -0.0941078 0.995562 0
    outer loop
      vertex -1.56976 24.9507 0
      vertex -3.13333 24.8029 6
      vertex -1.56976 24.9507 6
    endloop
  endfacet
  facet normal -0.0941078 0.995562 0
    outer loop
      vertex -3.13333 24.8029 6
      vertex -1.56976 24.9507 0
      vertex -3.13333 24.8029 0
    endloop
  endfacet
  facet normal 0.750122 -0.661299 0
    outer loop
      vertex 18.2242 -17.1137 6
      vertex 19.2628 -15.9356 0
      vertex 19.2628 -15.9356 6
    endloop
  endfacet
  facet normal 0.750122 -0.661299 0
    outer loop
      vertex 19.2628 -15.9356 0
      vertex 18.2242 -17.1137 6
      vertex 18.2242 -17.1137 0
    endloop
  endfacet
  facet normal -0.995562 -0.0941078 0
    outer loop
      vertex -24.8029 -3.13333 0
      vertex -24.9507 -1.56976 6
      vertex -24.9507 -1.56976 0
    endloop
  endfacet
  facet normal -0.995562 -0.0941078 0
    outer loop
      vertex -24.9507 -1.56976 6
      vertex -24.8029 -3.13333 0
      vertex -24.8029 -3.13333 6
    endloop
  endfacet
  facet normal 0.891001 -0.454001 0
    outer loop
      vertex 21.9077 -12.0438 6
      vertex 22.6207 -10.6445 0
      vertex 22.6207 -10.6445 6
    endloop
  endfacet
  facet normal 0.891001 -0.454001 0
    outer loop
      vertex 22.6207 -10.6445 0
      vertex 21.9077 -12.0438 6
      vertex 21.9077 -12.0438 0
    endloop
  endfacet
  facet normal -0.397124 0.917765 0
    outer loop
      vertex -9.20311 23.2444 0
      vertex -10.6445 22.6207 6
      vertex -9.20311 23.2444 6
    endloop
  endfacet
  facet normal -0.397124 0.917765 0
    outer loop
      vertex -10.6445 22.6207 6
      vertex -9.20311 23.2444 0
      vertex -10.6445 22.6207 0
    endloop
  endfacet
  facet normal -0.661299 0.750122 0
    outer loop
      vertex -15.9356 19.2628 0
      vertex -17.1137 18.2242 6
      vertex -15.9356 19.2628 6
    endloop
  endfacet
  facet normal -0.661299 0.750122 0
    outer loop
      vertex -17.1137 18.2242 6
      vertex -15.9356 19.2628 0
      vertex -17.1137 18.2242 0
    endloop
  endfacet
  facet normal 0.82706 -0.562113 0
    outer loop
      vertex 20.2254 -14.6946 6
      vertex 21.1082 -13.3957 0
      vertex 21.1082 -13.3957 6
    endloop
  endfacet
  facet normal 0.82706 -0.562113 0
    outer loop
      vertex 21.1082 -13.3957 0
      vertex 20.2254 -14.6946 6
      vertex 20.2254 -14.6946 0
    endloop
  endfacet
  facet normal -0.999507 -0.0313906 0
    outer loop
      vertex -24.9507 -1.56976 0
      vertex -25 0 6
      vertex -25 0 0
    endloop
  endfacet
  facet normal -0.999507 -0.0313906 0
    outer loop
      vertex -25 0 6
      vertex -24.9507 -1.56976 0
      vertex -24.9507 -1.56976 6
    endloop
  endfacet
  facet normal 0.397124 -0.917765 0
    outer loop
      vertex 9.20311 -23.2444 0
      vertex 10.6445 -22.6207 6
      vertex 9.20311 -23.2444 6
    endloop
  endfacet
  facet normal 0.397124 -0.917765 0
    outer loop
      vertex 10.6445 -22.6207 6
      vertex 9.20311 -23.2444 0
      vertex 10.6445 -22.6207 0
    endloop
  endfacet
  facet normal -0.338737 -0.940881 0
    outer loop
      vertex -9.20311 -23.2444 0
      vertex -7.72542 -23.7764 6
      vertex -9.20311 -23.2444 6
    endloop
  endfacet
  facet normal -0.338737 -0.940881 -0
    outer loop
      vertex -7.72542 -23.7764 6
      vertex -9.20311 -23.2444 0
      vertex -7.72542 -23.7764 0
    endloop
  endfacet
  facet normal 0.917765 0.397124 0
    outer loop
      vertex 23.2444 9.20311 6
      vertex 22.6207 10.6445 0
      vertex 22.6207 10.6445 6
    endloop
  endfacet
  facet normal 0.917765 0.397124 0
    outer loop
      vertex 22.6207 10.6445 0
      vertex 23.2444 9.20311 6
      vertex 23.2444 9.20311 0
    endloop
  endfacet
  facet normal 0.218141 0.975917 -0
    outer loop
      vertex 6.21725 24.2146 0
      vertex 4.68453 24.5572 6
      vertex 6.21725 24.2146 6
    endloop
  endfacet
  facet normal 0.218141 0.975917 0
    outer loop
      vertex 4.68453 24.5572 6
      vertex 6.21725 24.2146 0
      vertex 4.68453 24.5572 0
    endloop
  endfacet
  facet normal 0.891001 0.454001 0
    outer loop
      vertex 22.6207 10.6445 6
      vertex 21.9077 12.0438 0
      vertex 21.9077 12.0438 6
    endloop
  endfacet
  facet normal 0.891001 0.454001 0
    outer loop
      vertex 21.9077 12.0438 0
      vertex 22.6207 10.6445 6
      vertex 22.6207 10.6445 0
    endloop
  endfacet
  facet normal 0.790161 -0.6129 0
    outer loop
      vertex 19.2628 -15.9356 6
      vertex 20.2254 -14.6946 0
      vertex 20.2254 -14.6946 6
    endloop
  endfacet
  facet normal 0.790161 -0.6129 0
    outer loop
      vertex 20.2254 -14.6946 0
      vertex 19.2628 -15.9356 6
      vertex 19.2628 -15.9356 0
    endloop
  endfacet
  facet normal -0.975917 0.218141 0
    outer loop
      vertex -24.5572 4.68453 0
      vertex -24.2146 6.21725 6
      vertex -24.2146 6.21725 0
    endloop
  endfacet
  facet normal -0.975917 0.218141 0
    outer loop
      vertex -24.2146 6.21725 6
      vertex -24.5572 4.68453 0
      vertex -24.5572 4.68453 6
    endloop
  endfacet
  facet normal 0.987687 -0.156443 0
    outer loop
      vertex 24.5572 -4.68453 6
      vertex 24.8029 -3.13333 0
      vertex 24.8029 -3.13333 6
    endloop
  endfacet
  facet normal 0.987687 -0.156443 0
    outer loop
      vertex 24.8029 -3.13333 0
      vertex 24.5572 -4.68453 6
      vertex 24.5572 -4.68453 0
    endloop
  endfacet
  facet normal -0.6129 0.790161 0
    outer loop
      vertex -14.6946 20.2254 0
      vertex -15.9356 19.2628 6
      vertex -14.6946 20.2254 6
    endloop
  endfacet
  facet normal -0.6129 0.790161 0
    outer loop
      vertex -15.9356 19.2628 6
      vertex -14.6946 20.2254 0
      vertex -15.9356 19.2628 0
    endloop
  endfacet
  facet normal 0.917765 -0.397124 0
    outer loop
      vertex 22.6207 -10.6445 6
      vertex 23.2444 -9.20311 0
      vertex 23.2444 -9.20311 6
    endloop
  endfacet
  facet normal 0.917765 -0.397124 0
    outer loop
      vertex 23.2444 -9.20311 0
      vertex 22.6207 -10.6445 6
      vertex 22.6207 -10.6445 0
    endloop
  endfacet
  facet normal 0.999507 -0.0313906 0
    outer loop
      vertex 24.9507 -1.56976 6
      vertex 25 0 0
      vertex 25 0 6
    endloop
  endfacet
  facet normal 0.999507 -0.0313906 0
    outer loop
      vertex 25 0 0
      vertex 24.9507 -1.56976 6
      vertex 24.9507 -1.56976 0
    endloop
  endfacet
  facet normal 0.661299 0.750122 -0
    outer loop
      vertex 17.1137 18.2242 0
      vertex 15.9356 19.2628 6
      vertex 17.1137 18.2242 6
    endloop
  endfacet
  facet normal 0.661299 0.750122 0
    outer loop
      vertex 15.9356 19.2628 6
      vertex 17.1137 18.2242 0
      vertex 15.9356 19.2628 0
    endloop
  endfacet
  facet normal -0.156443 0.987687 0
    outer loop
      vertex -3.13333 24.8029 0
      vertex -4.68453 24.5572 6
      vertex -3.13333 24.8029 6
    endloop
  endfacet
  facet normal -0.156443 0.987687 0
    outer loop
      vertex -4.68453 24.5572 6
      vertex -3.13333 24.8029 0
      vertex -4.68453 24.5572 0
    endloop
  endfacet
  facet normal 0.995562 -0.0941078 0
    outer loop
      vertex 24.8029 -3.13333 6
      vertex 24.9507 -1.56976 0
      vertex 24.9507 -1.56976 6
    endloop
  endfacet
  facet normal 0.995562 -0.0941078 0
    outer loop
      vertex 24.9507 -1.56976 0
      vertex 24.8029 -3.13333 6
      vertex 24.8029 -3.13333 0
    endloop
  endfacet
  facet normal 0.0313906 -0.999507 0
    outer loop
      vertex 0 -25 0
      vertex 1.56976 -24.9507 6
      vertex 0 -25 6
    endloop
  endfacet
  facet normal 0.0313906 -0.999507 0
    outer loop
      vertex 1.56976 -24.9507 6
      vertex 0 -25 0
      vertex 1.56976 -24.9507 0
    endloop
  endfacet
  facet normal -0.0941078 -0.995562 0
    outer loop
      vertex -3.13333 -24.8029 0
      vertex -1.56976 -24.9507 6
      vertex -3.13333 -24.8029 6
    endloop
  endfacet
  facet normal -0.0941078 -0.995562 -0
    outer loop
      vertex -1.56976 -24.9507 6
      vertex -3.13333 -24.8029 0
      vertex -1.56976 -24.9507 0
    endloop
  endfacet
  facet normal -0.82706 -0.562113 0
    outer loop
      vertex -20.2254 -14.6946 0
      vertex -21.1082 -13.3957 6
      vertex -21.1082 -13.3957 0
    endloop
  endfacet
  facet normal -0.82706 -0.562113 0
    outer loop
      vertex -21.1082 -13.3957 6
      vertex -20.2254 -14.6946 0
      vertex -20.2254 -14.6946 6
    endloop
  endfacet
  facet normal -0.790161 0.6129 0
    outer loop
      vertex -20.2254 14.6946 0
      vertex -19.2628 15.9356 6
      vertex -19.2628 15.9356 0
    endloop
  endfacet
  facet normal -0.790161 0.6129 0
    outer loop
      vertex -19.2628 15.9356 6
      vertex -20.2254 14.6946 0
      vertex -20.2254 14.6946 6
    endloop
  endfacet
  facet normal 0.707107 -0.707107 0
    outer loop
      vertex 17.1137 -18.2242 6
      vertex 18.2242 -17.1137 0
      vertex 18.2242 -17.1137 6
    endloop
  endfacet
  facet normal 0.707107 -0.707107 0
    outer loop
      vertex 18.2242 -17.1137 0
      vertex 17.1137 -18.2242 6
      vertex 17.1137 -18.2242 0
    endloop
  endfacet
  facet normal -0.987687 -0.156443 0
    outer loop
      vertex -24.5572 -4.68453 0
      vertex -24.8029 -3.13333 6
      vertex -24.8029 -3.13333 0
    endloop
  endfacet
  facet normal -0.987687 -0.156443 0
    outer loop
      vertex -24.8029 -3.13333 6
      vertex -24.5572 -4.68453 0
      vertex -24.5572 -4.68453 6
    endloop
  endfacet
  facet normal 0.860745 -0.509036 0
    outer loop
      vertex 21.1082 -13.3957 6
      vertex 21.9077 -12.0438 0
      vertex 21.9077 -12.0438 6
    endloop
  endfacet
  facet normal 0.860745 -0.509036 0
    outer loop
      vertex 21.9077 -12.0438 0
      vertex 21.1082 -13.3957 6
      vertex 21.1082 -13.3957 0
    endloop
  endfacet
  facet normal -0.750122 -0.661299 0
    outer loop
      vertex -18.2242 -17.1137 0
      vertex -19.2628 -15.9356 6
      vertex -19.2628 -15.9356 0
    endloop
  endfacet
  facet normal -0.750122 -0.661299 0
    outer loop
      vertex -19.2628 -15.9356 6
      vertex -18.2242 -17.1137 0
      vertex -18.2242 -17.1137 6
    endloop
  endfacet
  facet normal -0.750122 0.661299 0
    outer loop
      vertex -19.2628 15.9356 0
      vertex -18.2242 17.1137 6
      vertex -18.2242 17.1137 0
    endloop
  endfacet
  facet normal -0.750122 0.661299 0
    outer loop
      vertex -18.2242 17.1137 6
      vertex -19.2628 15.9356 0
      vertex -19.2628 15.9356 6
    endloop
  endfacet
  facet normal 0.707107 0.707107 0
    outer loop
      vertex 18.2242 17.1137 6
      vertex 17.1137 18.2242 0
      vertex 17.1137 18.2242 6
    endloop
  endfacet
  facet normal 0.707107 0.707107 0
    outer loop
      vertex 17.1137 18.2242 0
      vertex 18.2242 17.1137 6
      vertex 18.2242 17.1137 0
    endloop
  endfacet
  facet normal -0.0313906 -0.999507 0
    outer loop
      vertex -1.56976 -24.9507 0
      vertex 0 -25 6
      vertex -1.56976 -24.9507 6
    endloop
  endfacet
  facet normal -0.0313906 -0.999507 -0
    outer loop
      vertex 0 -25 6
      vertex -1.56976 -24.9507 0
      vertex 0 -25 0
    endloop
  endfacet
  facet normal 0.218141 -0.975917 0
    outer loop
      vertex 4.68453 -24.5572 0
      vertex 6.21725 -24.2146 6
      vertex 4.68453 -24.5572 6
    endloop
  endfacet
  facet normal 0.218141 -0.975917 0
    outer loop
      vertex 6.21725 -24.2146 6
      vertex 4.68453 -24.5572 0
      vertex 6.21725 -24.2146 0
    endloop
  endfacet
  facet normal -0.454001 -0.891001 0
    outer loop
      vertex -12.0438 -21.9077 0
      vertex -10.6445 -22.6207 6
      vertex -12.0438 -21.9077 6
    endloop
  endfacet
  facet normal -0.454001 -0.891001 -0
    outer loop
      vertex -10.6445 -22.6207 6
      vertex -12.0438 -21.9077 0
      vertex -10.6445 -22.6207 0
    endloop
  endfacet
  facet normal -0.397124 -0.917765 0
    outer loop
      vertex -10.6445 -22.6207 0
      vertex -9.20311 -23.2444 6
      vertex -10.6445 -22.6207 6
    endloop
  endfacet
  facet normal -0.397124 -0.917765 -0
    outer loop
      vertex -9.20311 -23.2444 6
      vertex -10.6445 -22.6207 0
      vertex -9.20311 -23.2444 0
    endloop
  endfacet
  facet normal 0.6129 0.790161 -0
    outer loop
      vertex 15.9356 19.2628 0
      vertex 14.6946 20.2254 6
      vertex 15.9356 19.2628 6
    endloop
  endfacet
  facet normal 0.6129 0.790161 0
    outer loop
      vertex 14.6946 20.2254 6
      vertex 15.9356 19.2628 0
      vertex 14.6946 20.2254 0
    endloop
  endfacet
  facet normal 0.156443 0.987687 -0
    outer loop
      vertex 4.68453 24.5572 0
      vertex 3.13333 24.8029 6
      vertex 4.68453 24.5572 6
    endloop
  endfacet
  facet normal 0.156443 0.987687 0
    outer loop
      vertex 3.13333 24.8029 6
      vertex 4.68453 24.5572 0
      vertex 3.13333 24.8029 0
    endloop
  endfacet
  facet normal -0.82706 0.562113 0
    outer loop
      vertex -21.1082 13.3957 0
      vertex -20.2254 14.6946 6
      vertex -20.2254 14.6946 0
    endloop
  endfacet
  facet normal -0.82706 0.562113 0
    outer loop
      vertex -20.2254 14.6946 6
      vertex -21.1082 13.3957 0
      vertex -21.1082 13.3957 6
    endloop
  endfacet
  facet normal -0.790161 -0.6129 0
    outer loop
      vertex -19.2628 -15.9356 0
      vertex -20.2254 -14.6946 6
      vertex -20.2254 -14.6946 0
    endloop
  endfacet
  facet normal -0.790161 -0.6129 0
    outer loop
      vertex -20.2254 -14.6946 6
      vertex -19.2628 -15.9356 0
      vertex -19.2628 -15.9356 6
    endloop
  endfacet
  facet normal -0.999507 0.0313906 0
    outer loop
      vertex -25 0 0
      vertex -24.9507 1.56976 6
      vertex -24.9507 1.56976 0
    endloop
  endfacet
  facet normal -0.999507 0.0313906 0
    outer loop
      vertex -24.9507 1.56976 6
      vertex -25 0 0
      vertex -25 0 6
    endloop
  endfacet
  facet normal 0.338737 0.940881 -0
    outer loop
      vertex 9.20311 23.2444 0
      vertex 7.72542 23.7764 6
      vertex 9.20311 23.2444 6
    endloop
  endfacet
  facet normal 0.338737 0.940881 0
    outer loop
      vertex 7.72542 23.7764 6
      vertex 9.20311 23.2444 0
      vertex 7.72542 23.7764 0
    endloop
  endfacet
  facet normal 0.562113 -0.82706 0
    outer loop
      vertex 13.3957 -21.1082 0
      vertex 14.6946 -20.2254 6
      vertex 13.3957 -21.1082 6
    endloop
  endfacet
  facet normal 0.562113 -0.82706 0
    outer loop
      vertex 14.6946 -20.2254 6
      vertex 13.3957 -21.1082 0
      vertex 14.6946 -20.2254 0
    endloop
  endfacet
  facet normal 0.790161 0.6129 0
    outer loop
      vertex 20.2254 14.6946 6
      vertex 19.2628 15.9356 0
      vertex 19.2628 15.9356 6
    endloop
  endfacet
  facet normal 0.790161 0.6129 0
    outer loop
      vertex 19.2628 15.9356 0
      vertex 20.2254 14.6946 6
      vertex 20.2254 14.6946 0
    endloop
  endfacet
  facet normal 0.156443 -0.987687 0
    outer loop
      vertex 3.13333 -24.8029 0
      vertex 4.68453 -24.5572 6
      vertex 3.13333 -24.8029 6
    endloop
  endfacet
  facet normal 0.156443 -0.987687 0
    outer loop
      vertex 4.68453 -24.5572 6
      vertex 3.13333 -24.8029 0
      vertex 4.68453 -24.5572 0
    endloop
  endfacet
  facet normal 0.279012 0.960288 -0
    outer loop
      vertex 7.72542 23.7764 0
      vertex 6.21725 24.2146 6
      vertex 7.72542 23.7764 6
    endloop
  endfacet
  facet normal 0.279012 0.960288 0
    outer loop
      vertex 6.21725 24.2146 6
      vertex 7.72542 23.7764 0
      vertex 6.21725 24.2146 0
    endloop
  endfacet
  facet normal 0 0 -1
    outer loop
      vertex 22.1094 -0.645466 0
      vertex 25 0 0
      vertex 24.9507 -1.56976 0
    endloop
  endfacet
  facet normal 0 0 -1
    outer loop
      vertex 21.8979 -1.59144 0
      vertex 24.9507 -1.56976 0
      vertex 24.8029 -3.13333 0
    endloop
  endfacet
  facet normal 0 0 -1
    outer loop
      vertex 25 0 0
      vertex 22.1094 -0.645466 0
      vertex 22.1398 -0.323371 0
    endloop
  endfacet
  facet normal 0 0 -1
    outer loop
      vertex 21.3483 -2.75951 0
      vertex 24.8029 -3.13333 0
      vertex 24.5572 -4.68453 0
    endloop
  endfacet
  facet normal 0 0 -1
    outer loop
      vertex 22.1398 0.323371 0
      vertex 25 0 0
      vertex 22.15 0 0
    endloop
  endfacet
  facet normal 0 0 -1
    outer loop
      vertex 20.7542 -3.52542 0
      vertex 24.5572 -4.68453 0
      vertex 24.2146 -6.21725 0
    endloop
  endfacet
  facet normal 0 0 -1
    outer loop
      vertex 22.1094 0.645466 0
      vertex 25 0 0
      vertex 22.1398 0.323371 0
    endloop
  endfacet
  facet normal 0 0 -1
    outer loop
      vertex 20.0271 -4.16644 0
      vertex 24.2146 -6.21725 0
      vertex 23.7764 -7.72542 0
    endloop
  endfacet
  facet normal 0 0 -1
    outer loop
      vertex 25 0 0
      vertex 22.1094 0.645466 0
      vertex 24.9507 1.56976 0
    endloop
  endfacet
  facet normal 0 0 -1
    outer loop
      vertex 19.1928 -4.65986 0
      vertex 23.7764 -7.72542 0
      vertex 23.2444 -9.20311 0
    endloop
  endfacet
  facet normal 0 0 -1
    outer loop
      vertex 22.0588 0.965014 0
      vertex 24.9507 1.56976 0
      vertex 22.1094 0.645466 0
    endloop
  endfacet
  facet normal 0 0 -1
    outer loop
      vertex 18.5914 -4.89794 0
      vertex 23.2444 -9.20311 0
      vertex 22.6207 -10.6445 0
    endloop
  endfacet
  facet normal 0 0 -1
    outer loop
      vertex 21.8979 1.59144 0
      vertex 24.9507 1.56976 0
      vertex 21.9882 1.28075 0
    endloop
  endfacet
  facet normal 0 0 -1
    outer loop
      vertex 24.9507 1.56976 0
      vertex 21.8979 1.59144 0
      vertex 24.8029 3.13333 0
    endloop
  endfacet
  facet normal 0 0 -1
    outer loop
      vertex 21.9882 1.28075 0
      vertex 24.9507 1.56976 0
      vertex 22.0588 0.965014 0
    endloop
  endfacet
  facet normal -0 0 -1
    outer loop
      vertex 25 0 0
      vertex 22.1398 -0.323371 0
      vertex 22.15 0 0
    endloop
  endfacet
  facet normal 0 0 -1
    outer loop
      vertex 24.9507 -1.56976 0
      vertex 22.0588 -0.965014 0
      vertex 22.1094 -0.645466 0
    endloop
  endfacet
  facet normal 0 0 -1
    outer loop
      vertex 24.9507 -1.56976 0
      vertex 21.9882 -1.28075 0
      vertex 22.0588 -0.965014 0
    endloop
  endfacet
  facet normal 0 0 -1
    outer loop
      vertex 17.6455 -5.10939 0
      vertex 22.6207 -10.6445 0
      vertex 21.9077 -12.0438 0
    endloop
  endfacet
  facet normal -0 0 -1
    outer loop
      vertex 24.9507 -1.56976 0
      vertex 21.8979 -1.59144 0
      vertex 21.9882 -1.28075 0
    endloop
  endfacet
  facet normal 0 0 -1
    outer loop
      vertex 24.8029 -3.13333 0
      vertex 21.7883 -1.89584 0
      vertex 21.8979 -1.59144 0
    endloop
  endfacet
  facet normal 0 0 -1
    outer loop
      vertex 24.8029 -3.13333 0
      vertex 21.6599 -2.19276 0
      vertex 21.7883 -1.89584 0
    endloop
  endfacet
  facet normal 0 0 -1
    outer loop
      vertex 24.8029 -3.13333 0
      vertex 21.513 -2.48103 0
      vertex 21.6599 -2.19276 0
    endloop
  endfacet
  facet normal 0 0 -1
    outer loop
      vertex 24.8029 -3.13333 0
      vertex 21.3483 -2.75951 0
      vertex 21.513 -2.48103 0
    endloop
  endfacet
  facet normal 0 0 -1
    outer loop
      vertex 24.5572 -4.68453 0
      vertex 21.1664 -3.02709 0
      vertex 21.3483 -2.75951 0
    endloop
  endfacet
  facet normal 0 0 -1
    outer loop
      vertex 17 -5.15 0
      vertex 21.9077 -12.0438 0
      vertex 21.1082 -13.3957 0
    endloop
  endfacet
  facet normal 0 0 -1
    outer loop
      vertex 24.5572 -4.68453 0
      vertex 20.9681 -3.28273 0
      vertex 21.1664 -3.02709 0
    endloop
  endfacet
  facet normal 0 0 -1
    outer loop
      vertex 24.5572 -4.68453 0
      vertex 20.7542 -3.52542 0
      vertex 20.9681 -3.28273 0
    endloop
  endfacet
  facet normal 0 0 -1
    outer loop
      vertex 24.2146 -6.21725 0
      vertex 20.5254 -3.75419 0
      vertex 20.7542 -3.52542 0
    endloop
  endfacet
  facet normal 0 0 -1
    outer loop
      vertex 24.2146 -6.21725 0
      vertex 20.2827 -3.96814 0
      vertex 20.5254 -3.75419 0
    endloop
  endfacet
  facet normal 0 0 -1
    outer loop
      vertex 16.6766 -5.13984 0
      vertex 21.1082 -13.3957 0
      vertex 20.2254 -14.6946 0
    endloop
  endfacet
  facet normal 0 0 -1
    outer loop
      vertex 24.2146 -6.21725 0
      vertex 20.0271 -4.16644 0
      vertex 20.2827 -3.96814 0
    endloop
  endfacet
  facet normal 0 0 -1
    outer loop
      vertex 23.7764 -7.72542 0
      vertex 19.7595 -4.34829 0
      vertex 20.0271 -4.16644 0
    endloop
  endfacet
  facet normal 0 0 -1
    outer loop
      vertex 23.7764 -7.72542 0
      vertex 19.481 -4.51298 0
      vertex 19.7595 -4.34829 0
    endloop
  endfacet
  facet normal 0 0 -1
    outer loop
      vertex 16.035 -5.05878 0
      vertex 20.2254 -14.6946 0
      vertex 19.2628 -15.9356 0
    endloop
  endfacet
  facet normal 0 0 -1
    outer loop
      vertex 23.7764 -7.72542 0
      vertex 19.1928 -4.65986 0
      vertex 19.481 -4.51298 0
    endloop
  endfacet
  facet normal 0 0 -1
    outer loop
      vertex 23.2444 -9.20311 0
      vertex 18.8958 -4.78835 0
      vertex 19.1928 -4.65986 0
    endloop
  endfacet
  facet normal 0 0 -1
    outer loop
      vertex 23.2444 -9.20311 0
      vertex 18.5914 -4.89794 0
      vertex 18.8958 -4.78835 0
    endloop
  endfacet
  facet normal 0 0 -1
    outer loop
      vertex 22.6207 -10.6445 0
      vertex 18.2808 -4.9882 0
      vertex 18.5914 -4.89794 0
    endloop
  endfacet
  facet normal 0 0 -1
    outer loop
      vertex 15.4086 -4.89794 0
      vertex 19.2628 -15.9356 0
      vertex 18.2242 -17.1137 0
    endloop
  endfacet
  facet normal 0 0 -1
    outer loop
      vertex 22.6207 -10.6445 0
      vertex 17.965 -5.05878 0
      vertex 18.2808 -4.9882 0
    endloop
  endfacet
  facet normal 0 0 -1
    outer loop
      vertex 22.6207 -10.6445 0
      vertex 17.6455 -5.10939 0
      vertex 17.965 -5.05878 0
    endloop
  endfacet
  facet normal 0 0 -1
    outer loop
      vertex 21.9077 -12.0438 0
      vertex 17.3234 -5.13984 0
      vertex 17.6455 -5.10939 0
    endloop
  endfacet
  facet normal 0 0 -1
    outer loop
      vertex 15.1042 -4.78835 0
      vertex 18.2242 -17.1137 0
      vertex 17.1137 -18.2242 0
    endloop
  endfacet
  facet normal 0 0 -1
    outer loop
      vertex 21.9077 -12.0438 0
      vertex 17 -5.15 0
      vertex 17.3234 -5.13984 0
    endloop
  endfacet
  facet normal 0 0 -1
    outer loop
      vertex 21.1082 -13.3957 0
      vertex 16.6766 -5.13984 0
      vertex 17 -5.15 0
    endloop
  endfacet
  facet normal 0 0 -1
    outer loop
      vertex 20.2254 -14.6946 0
      vertex 16.3545 -5.10939 0
      vertex 16.6766 -5.13984 0
    endloop
  endfacet
  facet normal 0 0 -1
    outer loop
      vertex 20.2254 -14.6946 0
      vertex 16.035 -5.05878 0
      vertex 16.3545 -5.10939 0
    endloop
  endfacet
  facet normal 0 0 -1
    outer loop
      vertex 14.8072 -4.65986 0
      vertex 17.1137 -18.2242 0
      vertex 15.9356 -19.2628 0
    endloop
  endfacet
  facet normal 0 0 -1
    outer loop
      vertex 19.2628 -15.9356 0
      vertex 15.7192 -4.9882 0
      vertex 16.035 -5.05878 0
    endloop
  endfacet
  facet normal 0 0 -1
    outer loop
      vertex 19.2628 -15.9356 0
      vertex 15.4086 -4.89794 0
      vertex 15.7192 -4.9882 0
    endloop
  endfacet
  facet normal 0 0 -1
    outer loop
      vertex 18.2242 -17.1137 0
      vertex 15.1042 -4.78835 0
      vertex 15.4086 -4.89794 0
    endloop
  endfacet
  facet normal 0 0 -1
    outer loop
      vertex 17.1137 -18.2242 0
      vertex 14.8072 -4.65986 0
      vertex 15.1042 -4.78835 0
    endloop
  endfacet
  facet normal 0 0 -1
    outer loop
      vertex 14.519 -4.51298 0
      vertex 15.9356 -19.2628 0
      vertex 14.6946 -20.2254 0
    endloop
  endfacet
  facet normal 0 0 -1
    outer loop
      vertex 15.9356 -19.2628 0
      vertex 14.519 -4.51298 0
      vertex 14.8072 -4.65986 0
    endloop
  endfacet
  facet normal 0 0 -1
    outer loop
      vertex 14.6946 -20.2254 0
      vertex 14.2405 -4.34829 0
      vertex 14.519 -4.51298 0
    endloop
  endfacet
  facet normal 0 0 -1
    outer loop
      vertex 14.6946 -20.2254 0
      vertex 13.9729 -4.16644 0
      vertex 14.2405 -4.34829 0
    endloop
  endfacet
  facet normal 0 0 -1
    outer loop
      vertex 13.3957 -21.1082 0
      vertex 13.9729 -4.16644 0
      vertex 14.6946 -20.2254 0
    endloop
  endfacet
  facet normal -0 0 -1
    outer loop
      vertex 13.9729 -4.16644 0
      vertex 13.3957 -21.1082 0
      vertex 13.7173 -3.96814 0
    endloop
  endfacet
  facet normal 0 0 -1
    outer loop
      vertex 12.0438 -21.9077 0
      vertex 13.7173 -3.96814 0
      vertex 13.3957 -21.1082 0
    endloop
  endfacet
  facet normal -0 0 -1
    outer loop
      vertex 13.7173 -3.96814 0
      vertex 12.0438 -21.9077 0
      vertex 13.4746 -3.75419 0
    endloop
  endfacet
  facet normal 0 0 -1
    outer loop
      vertex 10.6445 -22.6207 0
      vertex 13.4746 -3.75419 0
      vertex 12.0438 -21.9077 0
    endloop
  endfacet
  facet normal 0 0 -1
    outer loop
      vertex 9.20311 -23.2444 0
      vertex 13.4746 -3.75419 0
      vertex 10.6445 -22.6207 0
    endloop
  endfacet
  facet normal -0 0 -1
    outer loop
      vertex 13.4746 -3.75419 0
      vertex 9.20311 -23.2444 0
      vertex 13.2458 -3.52542 0
    endloop
  endfacet
  facet normal 0 0 -1
    outer loop
      vertex 7.72542 -23.7764 0
      vertex 13.2458 -3.52542 0
      vertex 9.20311 -23.2444 0
    endloop
  endfacet
  facet normal -0 0 -1
    outer loop
      vertex 13.2458 -3.52542 0
      vertex 7.72542 -23.7764 0
      vertex 13.0319 -3.28273 0
    endloop
  endfacet
  facet normal 0 0 -1
    outer loop
      vertex 6.21725 -24.2146 0
      vertex 13.0319 -3.28273 0
      vertex 7.72542 -23.7764 0
    endloop
  endfacet
  facet normal 0 0 -1
    outer loop
      vertex 4.68453 -24.5572 0
      vertex 13.0319 -3.28273 0
      vertex 6.21725 -24.2146 0
    endloop
  endfacet
  facet normal -0 0 -1
    outer loop
      vertex 13.0319 -3.28273 0
      vertex 4.68453 -24.5572 0
      vertex 12.8336 -3.02709 0
    endloop
  endfacet
  facet normal 0 0 -1
    outer loop
      vertex 3.13333 -24.8029 0
      vertex 12.8336 -3.02709 0
      vertex 4.68453 -24.5572 0
    endloop
  endfacet
  facet normal -0 0 -1
    outer loop
      vertex 12.8336 -3.02709 0
      vertex 3.13333 -24.8029 0
      vertex 12.6517 -2.75951 0
    endloop
  endfacet
  facet normal 0 0 -1
    outer loop
      vertex 1.56976 -24.9507 0
      vertex 12.6517 -2.75951 0
      vertex 3.13333 -24.8029 0
    endloop
  endfacet
  facet normal 0 0 -1
    outer loop
      vertex 0 -25 0
      vertex 12.6517 -2.75951 0
      vertex 1.56976 -24.9507 0
    endloop
  endfacet
  facet normal -0 0 -1
    outer loop
      vertex 12.6517 -2.75951 0
      vertex 0 -25 0
      vertex 12.487 -2.48103 0
    endloop
  endfacet
  facet normal 0 0 -1
    outer loop
      vertex -1.56976 -24.9507 0
      vertex 12.487 -2.48103 0
      vertex 0 -25 0
    endloop
  endfacet
  facet normal 0 0 -1
    outer loop
      vertex 21.7883 1.89584 0
      vertex 24.8029 3.13333 0
      vertex 21.8979 1.59144 0
    endloop
  endfacet
  facet normal 0 0 -1
    outer loop
      vertex 21.6599 2.19276 0
      vertex 24.8029 3.13333 0
      vertex 21.7883 1.89584 0
    endloop
  endfacet
  facet normal 0 0 -1
    outer loop
      vertex 21.513 2.48103 0
      vertex 24.8029 3.13333 0
      vertex 21.6599 2.19276 0
    endloop
  endfacet
  facet normal 0 0 -1
    outer loop
      vertex 21.3483 2.75951 0
      vertex 24.8029 3.13333 0
      vertex 21.513 2.48103 0
    endloop
  endfacet
  facet normal -0 0 -1
    outer loop
      vertex 24.8029 3.13333 0
      vertex 21.3483 2.75951 0
      vertex 24.5572 4.68453 0
    endloop
  endfacet
  facet normal 0 0 -1
    outer loop
      vertex 21.1664 3.02709 0
      vertex 24.5572 4.68453 0
      vertex 21.3483 2.75951 0
    endloop
  endfacet
  facet normal 0 0 -1
    outer loop
      vertex 20.9681 3.28273 0
      vertex 24.5572 4.68453 0
      vertex 21.1664 3.02709 0
    endloop
  endfacet
  facet normal 0 0 -1
    outer loop
      vertex 20.7542 3.52542 0
      vertex 24.5572 4.68453 0
      vertex 20.9681 3.28273 0
    endloop
  endfacet
  facet normal -0 0 -1
    outer loop
      vertex 24.5572 4.68453 0
      vertex 20.7542 3.52542 0
      vertex 24.2146 6.21725 0
    endloop
  endfacet
  facet normal 0 0 -1
    outer loop
      vertex 20.5254 3.75419 0
      vertex 24.2146 6.21725 0
      vertex 20.7542 3.52542 0
    endloop
  endfacet
  facet normal 0 0 -1
    outer loop
      vertex 20.2827 3.96814 0
      vertex 24.2146 6.21725 0
      vertex 20.5254 3.75419 0
    endloop
  endfacet
  facet normal 0 0 -1
    outer loop
      vertex 20.0271 4.16644 0
      vertex 24.2146 6.21725 0
      vertex 20.2827 3.96814 0
    endloop
  endfacet
  facet normal -0 0 -1
    outer loop
      vertex 24.2146 6.21725 0
      vertex 20.0271 4.16644 0
      vertex 23.7764 7.72542 0
    endloop
  endfacet
  facet normal 0 0 -1
    outer loop
      vertex 19.7595 4.34829 0
      vertex 23.7764 7.72542 0
      vertex 20.0271 4.16644 0
    endloop
  endfacet
  facet normal 0 0 -1
    outer loop
      vertex 19.481 4.51298 0
      vertex 23.7764 7.72542 0
      vertex 19.7595 4.34829 0
    endloop
  endfacet
  facet normal 0 0 -1
    outer loop
      vertex 19.1928 4.65986 0
      vertex 23.7764 7.72542 0
      vertex 19.481 4.51298 0
    endloop
  endfacet
  facet normal -0 0 -1
    outer loop
      vertex 23.7764 7.72542 0
      vertex 19.1928 4.65986 0
      vertex 23.2444 9.20311 0
    endloop
  endfacet
  facet normal 0 0 -1
    outer loop
      vertex 18.8958 4.78835 0
      vertex 23.2444 9.20311 0
      vertex 19.1928 4.65986 0
    endloop
  endfacet
  facet normal 0 0 -1
    outer loop
      vertex 18.5914 4.89794 0
      vertex 23.2444 9.20311 0
      vertex 18.8958 4.78835 0
    endloop
  endfacet
  facet normal -0 0 -1
    outer loop
      vertex 23.2444 9.20311 0
      vertex 18.5914 4.89794 0
      vertex 22.6207 10.6445 0
    endloop
  endfacet
  facet normal 0 0 -1
    outer loop
      vertex 18.2808 4.9882 0
      vertex 22.6207 10.6445 0
      vertex 18.5914 4.89794 0
    endloop
  endfacet
  facet normal 0 0 -1
    outer loop
      vertex 17.965 5.05878 0
      vertex 22.6207 10.6445 0
      vertex 18.2808 4.9882 0
    endloop
  endfacet
  facet normal 0 0 -1
    outer loop
      vertex 17.6455 5.10939 0
      vertex 22.6207 10.6445 0
      vertex 17.965 5.05878 0
    endloop
  endfacet
  facet normal -0 0 -1
    outer loop
      vertex 22.6207 10.6445 0
      vertex 17.6455 5.10939 0
      vertex 21.9077 12.0438 0
    endloop
  endfacet
  facet normal 0 0 -1
    outer loop
      vertex 17.3234 5.13984 0
      vertex 21.9077 12.0438 0
      vertex 17.6455 5.10939 0
    endloop
  endfacet
  facet normal 0 0 -1
    outer loop
      vertex 17 5.15 0
      vertex 21.9077 12.0438 0
      vertex 17.3234 5.13984 0
    endloop
  endfacet
  facet normal -0 0 -1
    outer loop
      vertex 21.9077 12.0438 0
      vertex 17 5.15 0
      vertex 21.1082 13.3957 0
    endloop
  endfacet
  facet normal 0 0 -1
    outer loop
      vertex 16.6766 5.13984 0
      vertex 21.1082 13.3957 0
      vertex 17 5.15 0
    endloop
  endfacet
  facet normal -0 0 -1
    outer loop
      vertex 21.1082 13.3957 0
      vertex 16.6766 5.13984 0
      vertex 20.2254 14.6946 0
    endloop
  endfacet
  facet normal 0 0 -1
    outer loop
      vertex 16.3545 5.10939 0
      vertex 20.2254 14.6946 0
      vertex 16.6766 5.13984 0
    endloop
  endfacet
  facet normal 0 0 -1
    outer loop
      vertex 16.035 5.05878 0
      vertex 20.2254 14.6946 0
      vertex 16.3545 5.10939 0
    endloop
  endfacet
  facet normal -0 0 -1
    outer loop
      vertex 20.2254 14.6946 0
      vertex 16.035 5.05878 0
      vertex 19.2628 15.9356 0
    endloop
  endfacet
  facet normal 0 0 -1
    outer loop
      vertex 15.7192 4.9882 0
      vertex 19.2628 15.9356 0
      vertex 16.035 5.05878 0
    endloop
  endfacet
  facet normal 0 0 -1
    outer loop
      vertex 15.4086 4.89794 0
      vertex 19.2628 15.9356 0
      vertex 15.7192 4.9882 0
    endloop
  endfacet
  facet normal -0 0 -1
    outer loop
      vertex 19.2628 15.9356 0
      vertex 15.4086 4.89794 0
      vertex 18.2242 17.1137 0
    endloop
  endfacet
  facet normal 0 0 -1
    outer loop
      vertex 15.1042 4.78835 0
      vertex 18.2242 17.1137 0
      vertex 15.4086 4.89794 0
    endloop
  endfacet
  facet normal -0 0 -1
    outer loop
      vertex 18.2242 17.1137 0
      vertex 15.1042 4.78835 0
      vertex 17.1137 18.2242 0
    endloop
  endfacet
  facet normal 0 0 -1
    outer loop
      vertex 14.8072 4.65986 0
      vertex 17.1137 18.2242 0
      vertex 15.1042 4.78835 0
    endloop
  endfacet
  facet normal -0 0 -1
    outer loop
      vertex 17.1137 18.2242 0
      vertex 14.8072 4.65986 0
      vertex 15.9356 19.2628 0
    endloop
  endfacet
  facet normal 0 0 -1
    outer loop
      vertex 14.519 4.51298 0
      vertex 15.9356 19.2628 0
      vertex 14.8072 4.65986 0
    endloop
  endfacet
  facet normal -0 0 -1
    outer loop
      vertex 15.9356 19.2628 0
      vertex 14.519 4.51298 0
      vertex 14.6946 20.2254 0
    endloop
  endfacet
  facet normal 0 0 -1
    outer loop
      vertex 14.2405 4.34829 0
      vertex 14.6946 20.2254 0
      vertex 14.519 4.51298 0
    endloop
  endfacet
  facet normal 0 0 -1
    outer loop
      vertex 13.9729 4.16644 0
      vertex 14.6946 20.2254 0
      vertex 14.2405 4.34829 0
    endloop
  endfacet
  facet normal 0 0 -1
    outer loop
      vertex 13.3957 21.1082 0
      vertex 13.9729 4.16644 0
      vertex 13.7173 3.96814 0
    endloop
  endfacet
  facet normal 0 0 -1
    outer loop
      vertex 12.0438 21.9077 0
      vertex 13.7173 3.96814 0
      vertex 13.4746 3.75419 0
    endloop
  endfacet
  facet normal 0 0 -1
    outer loop
      vertex 13.9729 4.16644 0
      vertex 13.3957 21.1082 0
      vertex 14.6946 20.2254 0
    endloop
  endfacet
  facet normal 0 0 -1
    outer loop
      vertex 9.20311 23.2444 0
      vertex 13.4746 3.75419 0
      vertex 13.2458 3.52542 0
    endloop
  endfacet
  facet normal 0 0 -1
    outer loop
      vertex 7.72542 23.7764 0
      vertex 13.2458 3.52542 0
      vertex 13.0319 3.28273 0
    endloop
  endfacet
  facet normal 0 0 -1
    outer loop
      vertex 4.68453 24.5572 0
      vertex 13.0319 3.28273 0
      vertex 12.8336 3.02709 0
    endloop
  endfacet
  facet normal 0 0 -1
    outer loop
      vertex 3.13333 24.8029 0
      vertex 12.8336 3.02709 0
      vertex 12.6517 2.75951 0
    endloop
  endfacet
  facet normal 0 0 -1
    outer loop
      vertex 0 25 0
      vertex 12.6517 2.75951 0
      vertex 12.487 2.48103 0
    endloop
  endfacet
  facet normal 0 0 -1
    outer loop
      vertex -3.13333 24.8029 0
      vertex 12.487 2.48103 0
      vertex 12.3401 2.19276 0
    endloop
  endfacet
  facet normal 0 0 -1
    outer loop
      vertex -6.21725 24.2146 0
      vertex 12.3401 2.19276 0
      vertex 12.2117 1.89584 0
    endloop
  endfacet
  facet normal 0 0 -1
    outer loop
      vertex -10.6445 22.6207 0
      vertex 12.2117 1.89584 0
      vertex 12.1021 1.59144 0
    endloop
  endfacet
  facet normal 0 0 -1
    outer loop
      vertex 13.7173 3.96814 0
      vertex 12.0438 21.9077 0
      vertex 13.3957 21.1082 0
    endloop
  endfacet
  facet normal 0 0 -1
    outer loop
      vertex -14.6946 20.2254 0
      vertex 12.1021 1.59144 0
      vertex 12.0118 1.28075 0
    endloop
  endfacet
  facet normal 0 0 -1
    outer loop
      vertex -18.2242 17.1137 0
      vertex 12.0118 1.28075 0
      vertex 11.9412 0.965014 0
    endloop
  endfacet
  facet normal 0 0 -1
    outer loop
      vertex -21.1082 13.3957 0
      vertex 11.9412 0.965014 0
      vertex 11.8906 0.645466 0
    endloop
  endfacet
  facet normal 0 0 -1
    outer loop
      vertex -23.2444 9.20311 0
      vertex 11.8906 0.645466 0
      vertex 11.8602 0.323371 0
    endloop
  endfacet
  facet normal 0 0 -1
    outer loop
      vertex -24.8029 3.13333 0
      vertex 11.8602 0.323371 0
      vertex 11.85 0 0
    endloop
  endfacet
  facet normal 0 0 -1
    outer loop
      vertex -3.13333 -24.8029 0
      vertex 12.487 -2.48103 0
      vertex -1.56976 -24.9507 0
    endloop
  endfacet
  facet normal 0 0 -1
    outer loop
      vertex 13.4746 3.75419 0
      vertex 10.6445 22.6207 0
      vertex 12.0438 21.9077 0
    endloop
  endfacet
  facet normal -0 0 -1
    outer loop
      vertex 12.487 -2.48103 0
      vertex -3.13333 -24.8029 0
      vertex 12.3401 -2.19276 0
    endloop
  endfacet
  facet normal 0 0 -1
    outer loop
      vertex 13.4746 3.75419 0
      vertex 9.20311 23.2444 0
      vertex 10.6445 22.6207 0
    endloop
  endfacet
  facet normal 0 0 -1
    outer loop
      vertex -4.68453 -24.5572 0
      vertex 12.3401 -2.19276 0
      vertex -3.13333 -24.8029 0
    endloop
  endfacet
  facet normal 0 0 -1
    outer loop
      vertex 13.2458 3.52542 0
      vertex 7.72542 23.7764 0
      vertex 9.20311 23.2444 0
    endloop
  endfacet
  facet normal 0 0 -1
    outer loop
      vertex -6.21725 -24.2146 0
      vertex 12.3401 -2.19276 0
      vertex -4.68453 -24.5572 0
    endloop
  endfacet
  facet normal 0 0 -1
    outer loop
      vertex 13.0319 3.28273 0
      vertex 6.21725 24.2146 0
      vertex 7.72542 23.7764 0
    endloop
  endfacet
  facet normal -0 0 -1
    outer loop
      vertex 12.3401 -2.19276 0
      vertex -6.21725 -24.2146 0
      vertex 12.2117 -1.89584 0
    endloop
  endfacet
  facet normal 0 0 -1
    outer loop
      vertex 13.0319 3.28273 0
      vertex 4.68453 24.5572 0
      vertex 6.21725 24.2146 0
    endloop
  endfacet
  facet normal 0 0 -1
    outer loop
      vertex -7.72542 -23.7764 0
      vertex 12.2117 -1.89584 0
      vertex -6.21725 -24.2146 0
    endloop
  endfacet
  facet normal 0 0 -1
    outer loop
      vertex 12.8336 3.02709 0
      vertex 3.13333 24.8029 0
      vertex 4.68453 24.5572 0
    endloop
  endfacet
  facet normal 0 0 -1
    outer loop
      vertex -9.20311 -23.2444 0
      vertex 12.2117 -1.89584 0
      vertex -7.72542 -23.7764 0
    endloop
  endfacet
  facet normal 0 0 -1
    outer loop
      vertex 12.6517 2.75951 0
      vertex 1.56976 24.9507 0
      vertex 3.13333 24.8029 0
    endloop
  endfacet
  facet normal 0 0 -1
    outer loop
      vertex -10.6445 -22.6207 0
      vertex 12.2117 -1.89584 0
      vertex -9.20311 -23.2444 0
    endloop
  endfacet
  facet normal 0 0 -1
    outer loop
      vertex 12.6517 2.75951 0
      vertex 0 25 0
      vertex 1.56976 24.9507 0
    endloop
  endfacet
  facet normal -0 0 -1
    outer loop
      vertex 12.2117 -1.89584 0
      vertex -10.6445 -22.6207 0
      vertex 12.1021 -1.59144 0
    endloop
  endfacet
  facet normal 0 0 -1
    outer loop
      vertex 12.487 2.48103 0
      vertex -1.56976 24.9507 0
      vertex 0 25 0
    endloop
  endfacet
  facet normal 0 0 -1
    outer loop
      vertex -12.0438 -21.9077 0
      vertex 12.1021 -1.59144 0
      vertex -10.6445 -22.6207 0
    endloop
  endfacet
  facet normal 0 0 -1
    outer loop
      vertex 12.487 2.48103 0
      vertex -3.13333 24.8029 0
      vertex -1.56976 24.9507 0
    endloop
  endfacet
  facet normal 0 0 -1
    outer loop
      vertex -13.3957 -21.1082 0
      vertex 12.1021 -1.59144 0
      vertex -12.0438 -21.9077 0
    endloop
  endfacet
  facet normal 0 0 -1
    outer loop
      vertex 12.3401 2.19276 0
      vertex -4.68453 24.5572 0
      vertex -3.13333 24.8029 0
    endloop
  endfacet
  facet normal 0 0 -1
    outer loop
      vertex -14.6946 -20.2254 0
      vertex 12.1021 -1.59144 0
      vertex -13.3957 -21.1082 0
    endloop
  endfacet
  facet normal 0 0 -1
    outer loop
      vertex 12.3401 2.19276 0
      vertex -6.21725 24.2146 0
      vertex -4.68453 24.5572 0
    endloop
  endfacet
  facet normal -0 0 -1
    outer loop
      vertex 12.1021 -1.59144 0
      vertex -14.6946 -20.2254 0
      vertex 12.0118 -1.28075 0
    endloop
  endfacet
  facet normal 0 0 -1
    outer loop
      vertex 12.2117 1.89584 0
      vertex -7.72542 23.7764 0
      vertex -6.21725 24.2146 0
    endloop
  endfacet
  facet normal 0 0 -1
    outer loop
      vertex -15.9356 -19.2628 0
      vertex 12.0118 -1.28075 0
      vertex -14.6946 -20.2254 0
    endloop
  endfacet
  facet normal 0 0 -1
    outer loop
      vertex 12.2117 1.89584 0
      vertex -9.20311 23.2444 0
      vertex -7.72542 23.7764 0
    endloop
  endfacet
  facet normal 0 0 -1
    outer loop
      vertex -17.1137 -18.2242 0
      vertex 12.0118 -1.28075 0
      vertex -15.9356 -19.2628 0
    endloop
  endfacet
  facet normal 0 0 -1
    outer loop
      vertex 12.2117 1.89584 0
      vertex -10.6445 22.6207 0
      vertex -9.20311 23.2444 0
    endloop
  endfacet
  facet normal 0 0 -1
    outer loop
      vertex -18.2242 -17.1137 0
      vertex 12.0118 -1.28075 0
      vertex -17.1137 -18.2242 0
    endloop
  endfacet
  facet normal 0 0 -1
    outer loop
      vertex 12.1021 1.59144 0
      vertex -12.0438 21.9077 0
      vertex -10.6445 22.6207 0
    endloop
  endfacet
  facet normal -0 0 -1
    outer loop
      vertex 12.0118 -1.28075 0
      vertex -18.2242 -17.1137 0
      vertex 11.9412 -0.965014 0
    endloop
  endfacet
  facet normal 0 0 -1
    outer loop
      vertex 12.1021 1.59144 0
      vertex -13.3957 21.1082 0
      vertex -12.0438 21.9077 0
    endloop
  endfacet
  facet normal 0 0 -1
    outer loop
      vertex -19.2628 -15.9356 0
      vertex 11.9412 -0.965014 0
      vertex -18.2242 -17.1137 0
    endloop
  endfacet
  facet normal 0 0 -1
    outer loop
      vertex 12.1021 1.59144 0
      vertex -14.6946 20.2254 0
      vertex -13.3957 21.1082 0
    endloop
  endfacet
  facet normal 0 0 -1
    outer loop
      vertex -20.2254 -14.6946 0
      vertex 11.9412 -0.965014 0
      vertex -19.2628 -15.9356 0
    endloop
  endfacet
  facet normal 0 0 -1
    outer loop
      vertex 12.0118 1.28075 0
      vertex -15.9356 19.2628 0
      vertex -14.6946 20.2254 0
    endloop
  endfacet
  facet normal 0 0 -1
    outer loop
      vertex -21.1082 -13.3957 0
      vertex 11.9412 -0.965014 0
      vertex -20.2254 -14.6946 0
    endloop
  endfacet
  facet normal 0 0 -1
    outer loop
      vertex 12.0118 1.28075 0
      vertex -17.1137 18.2242 0
      vertex -15.9356 19.2628 0
    endloop
  endfacet
  facet normal -0 0 -1
    outer loop
      vertex 11.9412 -0.965014 0
      vertex -21.1082 -13.3957 0
      vertex 11.8906 -0.645466 0
    endloop
  endfacet
  facet normal 0 0 -1
    outer loop
      vertex 12.0118 1.28075 0
      vertex -18.2242 17.1137 0
      vertex -17.1137 18.2242 0
    endloop
  endfacet
  facet normal 0 0 -1
    outer loop
      vertex -21.9077 -12.0438 0
      vertex 11.8906 -0.645466 0
      vertex -21.1082 -13.3957 0
    endloop
  endfacet
  facet normal 0 0 -1
    outer loop
      vertex 11.9412 0.965014 0
      vertex -19.2628 15.9356 0
      vertex -18.2242 17.1137 0
    endloop
  endfacet
  facet normal 0 0 -1
    outer loop
      vertex -22.6207 -10.6445 0
      vertex 11.8906 -0.645466 0
      vertex -21.9077 -12.0438 0
    endloop
  endfacet
  facet normal 0 0 -1
    outer loop
      vertex 11.9412 0.965014 0
      vertex -20.2254 14.6946 0
      vertex -19.2628 15.9356 0
    endloop
  endfacet
  facet normal 0 0 -1
    outer loop
      vertex -23.2444 -9.20311 0
      vertex 11.8906 -0.645466 0
      vertex -22.6207 -10.6445 0
    endloop
  endfacet
  facet normal 0 0 -1
    outer loop
      vertex 11.9412 0.965014 0
      vertex -21.1082 13.3957 0
      vertex -20.2254 14.6946 0
    endloop
  endfacet
  facet normal -0 0 -1
    outer loop
      vertex 11.8906 -0.645466 0
      vertex -23.2444 -9.20311 0
      vertex 11.8602 -0.323371 0
    endloop
  endfacet
  facet normal 0 0 -1
    outer loop
      vertex 11.8906 0.645466 0
      vertex -21.9077 12.0438 0
      vertex -21.1082 13.3957 0
    endloop
  endfacet
  facet normal 0 0 -1
    outer loop
      vertex -23.7764 -7.72542 0
      vertex 11.8602 -0.323371 0
      vertex -23.2444 -9.20311 0
    endloop
  endfacet
  facet normal 0 0 -1
    outer loop
      vertex 11.8906 0.645466 0
      vertex -22.6207 10.6445 0
      vertex -21.9077 12.0438 0
    endloop
  endfacet
  facet normal 0 0 -1
    outer loop
      vertex -24.2146 -6.21725 0
      vertex 11.8602 -0.323371 0
      vertex -23.7764 -7.72542 0
    endloop
  endfacet
  facet normal 0 0 -1
    outer loop
      vertex 11.8906 0.645466 0
      vertex -23.2444 9.20311 0
      vertex -22.6207 10.6445 0
    endloop
  endfacet
  facet normal 0 0 -1
    outer loop
      vertex -24.5572 -4.68453 0
      vertex 11.8602 -0.323371 0
      vertex -24.2146 -6.21725 0
    endloop
  endfacet
  facet normal 0 0 -1
    outer loop
      vertex 11.8602 0.323371 0
      vertex -23.7764 7.72542 0
      vertex -23.2444 9.20311 0
    endloop
  endfacet
  facet normal 0 0 -1
    outer loop
      vertex -24.8029 -3.13333 0
      vertex 11.8602 -0.323371 0
      vertex -24.5572 -4.68453 0
    endloop
  endfacet
  facet normal 0 0 -1
    outer loop
      vertex 11.8602 0.323371 0
      vertex -24.2146 6.21725 0
      vertex -23.7764 7.72542 0
    endloop
  endfacet
  facet normal -0 0 -1
    outer loop
      vertex 11.8602 -0.323371 0
      vertex -24.8029 -3.13333 0
      vertex 11.85 0 0
    endloop
  endfacet
  facet normal 0 0 -1
    outer loop
      vertex 11.8602 0.323371 0
      vertex -24.5572 4.68453 0
      vertex -24.2146 6.21725 0
    endloop
  endfacet
  facet normal 0 0 -1
    outer loop
      vertex -24.9507 -1.56976 0
      vertex 11.85 0 0
      vertex -24.8029 -3.13333 0
    endloop
  endfacet
  facet normal 0 0 -1
    outer loop
      vertex 11.8602 0.323371 0
      vertex -24.8029 3.13333 0
      vertex -24.5572 4.68453 0
    endloop
  endfacet
  facet normal 0 0 -1
    outer loop
      vertex -25 0 0
      vertex 11.85 0 0
      vertex -24.9507 -1.56976 0
    endloop
  endfacet
  facet normal 0 0 -1
    outer loop
      vertex 11.85 0 0
      vertex -24.9507 1.56976 0
      vertex -24.8029 3.13333 0
    endloop
  endfacet
  facet normal 0 0 -1
    outer loop
      vertex 11.85 0 0
      vertex -25 0 0
      vertex -24.9507 1.56976 0
    endloop
  endfacet
  facet normal -0.707107 0.707107 0
    outer loop
      vertex -18.2242 17.1137 0
      vertex -17.1137 18.2242 6
      vertex -17.1137 18.2242 0
    endloop
  endfacet
  facet normal -0.707107 0.707107 0
    outer loop
      vertex -17.1137 18.2242 6
      vertex -18.2242 17.1137 0
      vertex -18.2242 17.1137 6
    endloop
  endfacet
  facet normal -0.562113 -0.82706 0
    outer loop
      vertex -14.6946 -20.2254 0
      vertex -13.3957 -21.1082 6
      vertex -14.6946 -20.2254 6
    endloop
  endfacet
  facet normal -0.562113 -0.82706 -0
    outer loop
      vertex -13.3957 -21.1082 6
      vertex -14.6946 -20.2254 0
      vertex -13.3957 -21.1082 0
    endloop
  endfacet
  facet normal 0.509036 0.860745 -0
    outer loop
      vertex 13.3957 21.1082 0
      vertex 12.0438 21.9077 6
      vertex 13.3957 21.1082 6
    endloop
  endfacet
  facet normal 0.509036 0.860745 0
    outer loop
      vertex 12.0438 21.9077 6
      vertex 13.3957 21.1082 0
      vertex 12.0438 21.9077 0
    endloop
  endfacet
  facet normal 0.454001 0.891001 -0
    outer loop
      vertex 12.0438 21.9077 0
      vertex 10.6445 22.6207 6
      vertex 12.0438 21.9077 6
    endloop
  endfacet
  facet normal 0.454001 0.891001 0
    outer loop
      vertex 10.6445 22.6207 6
      vertex 12.0438 21.9077 0
      vertex 10.6445 22.6207 0
    endloop
  endfacet
  facet normal -0.987687 0.156443 0
    outer loop
      vertex -24.8029 3.13333 0
      vertex -24.5572 4.68453 6
      vertex -24.5572 4.68453 0
    endloop
  endfacet
  facet normal -0.987687 0.156443 0
    outer loop
      vertex -24.5572 4.68453 6
      vertex -24.8029 3.13333 0
      vertex -24.8029 3.13333 6
    endloop
  endfacet
  facet normal 0.750122 0.661299 0
    outer loop
      vertex 19.2628 15.9356 6
      vertex 18.2242 17.1137 0
      vertex 18.2242 17.1137 6
    endloop
  endfacet
  facet normal 0.750122 0.661299 0
    outer loop
      vertex 18.2242 17.1137 0
      vertex 19.2628 15.9356 6
      vertex 19.2628 15.9356 0
    endloop
  endfacet
  facet normal -0.860745 -0.509036 0
    outer loop
      vertex -21.1082 -13.3957 0
      vertex -21.9077 -12.0438 6
      vertex -21.9077 -12.0438 0
    endloop
  endfacet
  facet normal -0.860745 -0.509036 0
    outer loop
      vertex -21.9077 -12.0438 6
      vertex -21.1082 -13.3957 0
      vertex -21.1082 -13.3957 6
    endloop
  endfacet
  facet normal -0.891001 0.454001 0
    outer loop
      vertex -22.6207 10.6445 0
      vertex -21.9077 12.0438 6
      vertex -21.9077 12.0438 0
    endloop
  endfacet
  facet normal -0.891001 0.454001 0
    outer loop
      vertex -21.9077 12.0438 6
      vertex -22.6207 10.6445 0
      vertex -22.6207 10.6445 6
    endloop
  endfacet
  facet normal -0.156443 -0.987687 0
    outer loop
      vertex -4.68453 -24.5572 0
      vertex -3.13333 -24.8029 6
      vertex -4.68453 -24.5572 6
    endloop
  endfacet
  facet normal -0.156443 -0.987687 -0
    outer loop
      vertex -3.13333 -24.8029 6
      vertex -4.68453 -24.5572 0
      vertex -3.13333 -24.8029 0
    endloop
  endfacet
  facet normal 0.661299 -0.750122 0
    outer loop
      vertex 15.9356 -19.2628 0
      vertex 17.1137 -18.2242 6
      vertex 15.9356 -19.2628 6
    endloop
  endfacet
  facet normal 0.661299 -0.750122 0
    outer loop
      vertex 17.1137 -18.2242 6
      vertex 15.9356 -19.2628 0
      vertex 17.1137 -18.2242 0
    endloop
  endfacet
  facet normal -0.860745 0.509036 0
    outer loop
      vertex -21.9077 12.0438 0
      vertex -21.1082 13.3957 6
      vertex -21.1082 13.3957 0
    endloop
  endfacet
  facet normal -0.860745 0.509036 0
    outer loop
      vertex -21.1082 13.3957 6
      vertex -21.9077 12.0438 0
      vertex -21.9077 12.0438 6
    endloop
  endfacet
  facet normal -0.279012 -0.960288 0
    outer loop
      vertex -7.72542 -23.7764 0
      vertex -6.21725 -24.2146 6
      vertex -7.72542 -23.7764 6
    endloop
  endfacet
  facet normal -0.279012 -0.960288 -0
    outer loop
      vertex -6.21725 -24.2146 6
      vertex -7.72542 -23.7764 0
      vertex -6.21725 -24.2146 0
    endloop
  endfacet
  facet normal 0.338714 0.940889 -0
    outer loop
      vertex -7.10739 -21.8743 2
      vertex -8.46686 -21.3849 6
      vertex -7.10739 -21.8743 6
    endloop
  endfacet
  facet normal 0.338714 0.940889 0
    outer loop
      vertex -8.46686 -21.3849 6
      vertex -7.10739 -21.8743 2
      vertex -8.46686 -21.3849 2
    endloop
  endfacet
  facet normal -0.99556 -0.0941245 0
    outer loop
      vertex 22.9546 1.44418 2
      vertex 22.8186 2.88266 6
      vertex 22.8186 2.88266 2
    endloop
  endfacet
  facet normal -0.99556 -0.0941245 0
    outer loop
      vertex 22.8186 2.88266 6
      vertex 22.9546 1.44418 2
      vertex 22.9546 1.44418 6
    endloop
  endfacet
  facet normal -0.999506 -0.031421 0
    outer loop
      vertex 23 0 2
      vertex 22.9546 1.44418 6
      vertex 22.9546 1.44418 2
    endloop
  endfacet
  facet normal -0.999506 -0.031421 0
    outer loop
      vertex 22.9546 1.44418 6
      vertex 23 0 2
      vertex 23 0 6
    endloop
  endfacet
  facet normal -0.987692 -0.156413 0
    outer loop
      vertex 22.8186 2.88266 2
      vertex 22.5926 4.30977 6
      vertex 22.5926 4.30977 2
    endloop
  endfacet
  facet normal -0.987692 -0.156413 0
    outer loop
      vertex 22.5926 4.30977 6
      vertex 22.8186 2.88266 2
      vertex 22.8186 2.88266 6
    endloop
  endfacet
  facet normal -0.999506 0.031421 0
    outer loop
      vertex 22.9546 -1.44418 2
      vertex 23 0 6
      vertex 23 0 2
    endloop
  endfacet
  facet normal -0.999506 0.031421 0
    outer loop
      vertex 23 0 6
      vertex 22.9546 -1.44418 2
      vertex 22.9546 -1.44418 6
    endloop
  endfacet
  facet normal 0.827109 0.562041 0
    outer loop
      vertex -18.6074 -13.5191 6
      vertex -19.4195 -12.324 2
      vertex -19.4195 -12.324 6
    endloop
  endfacet
  facet normal 0.827109 0.562041 0
    outer loop
      vertex -19.4195 -12.324 2
      vertex -18.6074 -13.5191 6
      vertex -18.6074 -13.5191 2
    endloop
  endfacet
  facet normal 0.960296 0.278984 0
    outer loop
      vertex -21.8743 -7.10739 6
      vertex -22.2774 -5.71987 2
      vertex -22.2774 -5.71987 6
    endloop
  endfacet
  facet normal 0.960296 0.278984 0
    outer loop
      vertex -22.2774 -5.71987 2
      vertex -21.8743 -7.10739 6
      vertex -21.8743 -7.10739 2
    endloop
  endfacet
  facet normal -0.790153 -0.61291 0
    outer loop
      vertex 18.6074 13.5191 2
      vertex 17.7218 14.6608 6
      vertex 17.7218 14.6608 2
    endloop
  endfacet
  facet normal -0.790153 -0.61291 0
    outer loop
      vertex 17.7218 14.6608 6
      vertex 18.6074 13.5191 2
      vertex 18.6074 13.5191 6
    endloop
  endfacet
  facet normal -0.860718 0.509081 0
    outer loop
      vertex 19.4195 -12.324 2
      vertex 20.1551 -11.0803 6
      vertex 20.1551 -11.0803 2
    endloop
  endfacet
  facet normal -0.860718 0.509081 0
    outer loop
      vertex 20.1551 -11.0803 6
      vertex 19.4195 -12.324 2
      vertex 19.4195 -12.324 6
    endloop
  endfacet
  facet normal -0.218147 -0.975916 0
    outer loop
      vertex 4.30977 22.5926 2
      vertex 5.71987 22.2774 6
      vertex 4.30977 22.5926 6
    endloop
  endfacet
  facet normal -0.218147 -0.975916 -0
    outer loop
      vertex 5.71987 22.2774 6
      vertex 4.30977 22.5926 2
      vertex 5.71987 22.2774 2
    endloop
  endfacet
  facet normal 0.960296 -0.278984 0
    outer loop
      vertex -22.2774 5.71987 6
      vertex -21.8743 7.10739 2
      vertex -21.8743 7.10739 6
    endloop
  endfacet
  facet normal 0.960296 -0.278984 0
    outer loop
      vertex -21.8743 7.10739 2
      vertex -22.2774 5.71987 6
      vertex -22.2774 5.71987 2
    endloop
  endfacet
  facet normal -0.661313 -0.75011 0
    outer loop
      vertex 14.6608 17.7218 2
      vertex 15.7446 16.7663 6
      vertex 14.6608 17.7218 6
    endloop
  endfacet
  facet normal -0.661313 -0.75011 -0
    outer loop
      vertex 15.7446 16.7663 6
      vertex 14.6608 17.7218 2
      vertex 15.7446 16.7663 2
    endloop
  endfacet
  facet normal -0.790153 0.61291 0
    outer loop
      vertex 17.7218 -14.6608 2
      vertex 18.6074 -13.5191 6
      vertex 18.6074 -13.5191 2
    endloop
  endfacet
  facet normal -0.790153 0.61291 0
    outer loop
      vertex 18.6074 -13.5191 6
      vertex 17.7218 -14.6608 2
      vertex 17.7218 -14.6608 6
    endloop
  endfacet
  facet normal -0.917739 -0.397184 0
    outer loop
      vertex 21.3849 8.46686 2
      vertex 20.811 9.79292 6
      vertex 20.811 9.79292 2
    endloop
  endfacet
  facet normal -0.917739 -0.397184 0
    outer loop
      vertex 20.811 9.79292 6
      vertex 21.3849 8.46686 2
      vertex 21.3849 8.46686 6
    endloop
  endfacet
  facet normal 0.0941245 -0.99556 0
    outer loop
      vertex -2.88266 22.8186 2
      vertex -1.44418 22.9546 6
      vertex -2.88266 22.8186 6
    endloop
  endfacet
  facet normal 0.0941245 -0.99556 0
    outer loop
      vertex -1.44418 22.9546 6
      vertex -2.88266 22.8186 2
      vertex -1.44418 22.9546 2
    endloop
  endfacet
  facet normal -0.960296 0.278984 0
    outer loop
      vertex 21.8743 -7.10739 2
      vertex 22.2774 -5.71987 6
      vertex 22.2774 -5.71987 2
    endloop
  endfacet
  facet normal -0.960296 0.278984 0
    outer loop
      vertex 22.2774 -5.71987 6
      vertex 21.8743 -7.10739 2
      vertex 21.8743 -7.10739 6
    endloop
  endfacet
  facet normal -0.827109 -0.562041 0
    outer loop
      vertex 19.4195 12.324 2
      vertex 18.6074 13.5191 6
      vertex 18.6074 13.5191 2
    endloop
  endfacet
  facet normal -0.827109 -0.562041 0
    outer loop
      vertex 18.6074 13.5191 6
      vertex 19.4195 12.324 2
      vertex 19.4195 12.324 6
    endloop
  endfacet
  facet normal 0.661313 -0.75011 0
    outer loop
      vertex -15.7446 16.7663 2
      vertex -14.6608 17.7218 6
      vertex -15.7446 16.7663 6
    endloop
  endfacet
  facet normal 0.661313 -0.75011 0
    outer loop
      vertex -14.6608 17.7218 6
      vertex -15.7446 16.7663 2
      vertex -14.6608 17.7218 2
    endloop
  endfacet
  facet normal 0.509081 -0.860718 0
    outer loop
      vertex -12.324 19.4195 2
      vertex -11.0803 20.1551 6
      vertex -12.324 19.4195 6
    endloop
  endfacet
  facet normal 0.509081 -0.860718 0
    outer loop
      vertex -11.0803 20.1551 6
      vertex -12.324 19.4195 2
      vertex -11.0803 20.1551 2
    endloop
  endfacet
  facet normal 0.218147 0.975916 -0
    outer loop
      vertex -4.30977 -22.5926 2
      vertex -5.71987 -22.2774 6
      vertex -4.30977 -22.5926 6
    endloop
  endfacet
  facet normal 0.218147 0.975916 0
    outer loop
      vertex -5.71987 -22.2774 6
      vertex -4.30977 -22.5926 2
      vertex -5.71987 -22.2774 2
    endloop
  endfacet
  facet normal 0.790153 -0.61291 0
    outer loop
      vertex -18.6074 13.5191 6
      vertex -17.7218 14.6608 2
      vertex -17.7218 14.6608 6
    endloop
  endfacet
  facet normal 0.790153 -0.61291 0
    outer loop
      vertex -17.7218 14.6608 2
      vertex -18.6074 13.5191 6
      vertex -18.6074 13.5191 2
    endloop
  endfacet
  facet normal 0.940889 0.338714 0
    outer loop
      vertex -21.3849 -8.46686 6
      vertex -21.8743 -7.10739 2
      vertex -21.8743 -7.10739 6
    endloop
  endfacet
  facet normal 0.940889 0.338714 0
    outer loop
      vertex -21.8743 -7.10739 2
      vertex -21.3849 -8.46686 6
      vertex -21.3849 -8.46686 2
    endloop
  endfacet
  facet normal -0.397184 0.917739 0
    outer loop
      vertex 9.79292 -20.811 2
      vertex 8.46686 -21.3849 6
      vertex 9.79292 -20.811 6
    endloop
  endfacet
  facet normal -0.397184 0.917739 0
    outer loop
      vertex 8.46686 -21.3849 6
      vertex 9.79292 -20.811 2
      vertex 8.46686 -21.3849 2
    endloop
  endfacet
  facet normal 0.156413 0.987692 -0
    outer loop
      vertex -2.88266 -22.8186 2
      vertex -4.30977 -22.5926 6
      vertex -2.88266 -22.8186 6
    endloop
  endfacet
  facet normal 0.156413 0.987692 0
    outer loop
      vertex -4.30977 -22.5926 6
      vertex -2.88266 -22.8186 2
      vertex -4.30977 -22.5926 2
    endloop
  endfacet
  facet normal 0.338714 -0.940889 0
    outer loop
      vertex -8.46686 21.3849 2
      vertex -7.10739 21.8743 6
      vertex -8.46686 21.3849 6
    endloop
  endfacet
  facet normal 0.338714 -0.940889 0
    outer loop
      vertex -7.10739 21.8743 6
      vertex -8.46686 21.3849 2
      vertex -7.10739 21.8743 2
    endloop
  endfacet
  facet normal 0.987692 -0.156413 0
    outer loop
      vertex -22.8186 2.88266 6
      vertex -22.5926 4.30977 2
      vertex -22.5926 4.30977 6
    endloop
  endfacet
  facet normal 0.987692 -0.156413 0
    outer loop
      vertex -22.5926 4.30977 2
      vertex -22.8186 2.88266 6
      vertex -22.8186 2.88266 2
    endloop
  endfacet
  facet normal 0.278984 0.960296 -0
    outer loop
      vertex -5.71987 -22.2774 2
      vertex -7.10739 -21.8743 6
      vertex -5.71987 -22.2774 6
    endloop
  endfacet
  facet normal 0.278984 0.960296 0
    outer loop
      vertex -7.10739 -21.8743 6
      vertex -5.71987 -22.2774 2
      vertex -7.10739 -21.8743 2
    endloop
  endfacet
  facet normal -0.975916 -0.218147 0
    outer loop
      vertex 22.5926 4.30977 2
      vertex 22.2774 5.71987 6
      vertex 22.2774 5.71987 2
    endloop
  endfacet
  facet normal -0.975916 -0.218147 0
    outer loop
      vertex 22.2774 5.71987 6
      vertex 22.5926 4.30977 2
      vertex 22.5926 4.30977 6
    endloop
  endfacet
  facet normal 0.562041 0.827109 -0
    outer loop
      vertex -12.324 -19.4195 2
      vertex -13.5191 -18.6074 6
      vertex -12.324 -19.4195 6
    endloop
  endfacet
  facet normal 0.562041 0.827109 0
    outer loop
      vertex -13.5191 -18.6074 6
      vertex -12.324 -19.4195 2
      vertex -13.5191 -18.6074 2
    endloop
  endfacet
  facet normal -0.453961 -0.891021 0
    outer loop
      vertex 9.79292 20.811 2
      vertex 11.0803 20.1551 6
      vertex 9.79292 20.811 6
    endloop
  endfacet
  facet normal -0.453961 -0.891021 -0
    outer loop
      vertex 11.0803 20.1551 6
      vertex 9.79292 20.811 2
      vertex 11.0803 20.1551 2
    endloop
  endfacet
  facet normal -0.917739 0.397184 0
    outer loop
      vertex 20.811 -9.79292 2
      vertex 21.3849 -8.46686 6
      vertex 21.3849 -8.46686 2
    endloop
  endfacet
  facet normal -0.917739 0.397184 0
    outer loop
      vertex 21.3849 -8.46686 6
      vertex 20.811 -9.79292 2
      vertex 20.811 -9.79292 6
    endloop
  endfacet
  facet normal -0.61291 -0.790153 0
    outer loop
      vertex 13.5191 18.6074 2
      vertex 14.6608 17.7218 6
      vertex 13.5191 18.6074 6
    endloop
  endfacet
  facet normal -0.61291 -0.790153 -0
    outer loop
      vertex 14.6608 17.7218 6
      vertex 13.5191 18.6074 2
      vertex 14.6608 17.7218 2
    endloop
  endfacet
  facet normal 0.661313 0.75011 -0
    outer loop
      vertex -14.6608 -17.7218 2
      vertex -15.7446 -16.7663 6
      vertex -14.6608 -17.7218 6
    endloop
  endfacet
  facet normal 0.661313 0.75011 0
    outer loop
      vertex -15.7446 -16.7663 6
      vertex -14.6608 -17.7218 2
      vertex -15.7446 -16.7663 2
    endloop
  endfacet
  facet normal 0.707107 -0.707107 0
    outer loop
      vertex -16.7663 15.7446 6
      vertex -15.7446 16.7663 2
      vertex -15.7446 16.7663 6
    endloop
  endfacet
  facet normal 0.707107 -0.707107 0
    outer loop
      vertex -15.7446 16.7663 2
      vertex -16.7663 15.7446 6
      vertex -16.7663 15.7446 2
    endloop
  endfacet
  facet normal -0.453961 0.891021 0
    outer loop
      vertex 11.0803 -20.1551 2
      vertex 9.79292 -20.811 6
      vertex 11.0803 -20.1551 6
    endloop
  endfacet
  facet normal -0.453961 0.891021 0
    outer loop
      vertex 9.79292 -20.811 6
      vertex 11.0803 -20.1551 2
      vertex 9.79292 -20.811 2
    endloop
  endfacet
  facet normal -0.891021 -0.453961 0
    outer loop
      vertex 20.811 9.79292 2
      vertex 20.1551 11.0803 6
      vertex 20.1551 11.0803 2
    endloop
  endfacet
  facet normal -0.891021 -0.453961 0
    outer loop
      vertex 20.1551 11.0803 6
      vertex 20.811 9.79292 2
      vertex 20.811 9.79292 6
    endloop
  endfacet
  facet normal -0.61291 0.790153 0
    outer loop
      vertex 14.6608 -17.7218 2
      vertex 13.5191 -18.6074 6
      vertex 14.6608 -17.7218 6
    endloop
  endfacet
  facet normal -0.61291 0.790153 0
    outer loop
      vertex 13.5191 -18.6074 6
      vertex 14.6608 -17.7218 2
      vertex 13.5191 -18.6074 2
    endloop
  endfacet
  facet normal -0.397184 -0.917739 0
    outer loop
      vertex 8.46686 21.3849 2
      vertex 9.79292 20.811 6
      vertex 8.46686 21.3849 6
    endloop
  endfacet
  facet normal -0.397184 -0.917739 -0
    outer loop
      vertex 9.79292 20.811 6
      vertex 8.46686 21.3849 2
      vertex 9.79292 20.811 2
    endloop
  endfacet
  facet normal 0.987692 0.156413 0
    outer loop
      vertex -22.5926 -4.30977 6
      vertex -22.8186 -2.88266 2
      vertex -22.8186 -2.88266 6
    endloop
  endfacet
  facet normal 0.987692 0.156413 0
    outer loop
      vertex -22.8186 -2.88266 2
      vertex -22.5926 -4.30977 6
      vertex -22.5926 -4.30977 2
    endloop
  endfacet
  facet normal 0.827109 -0.562041 0
    outer loop
      vertex -19.4195 12.324 6
      vertex -18.6074 13.5191 2
      vertex -18.6074 13.5191 6
    endloop
  endfacet
  facet normal 0.827109 -0.562041 0
    outer loop
      vertex -18.6074 13.5191 2
      vertex -19.4195 12.324 6
      vertex -19.4195 12.324 2
    endloop
  endfacet
  facet normal -0.278984 -0.960296 0
    outer loop
      vertex 5.71987 22.2774 2
      vertex 7.10739 21.8743 6
      vertex 5.71987 22.2774 6
    endloop
  endfacet
  facet normal -0.278984 -0.960296 -0
    outer loop
      vertex 7.10739 21.8743 6
      vertex 5.71987 22.2774 2
      vertex 7.10739 21.8743 2
    endloop
  endfacet
  facet normal 0.0941245 0.99556 -0
    outer loop
      vertex -1.44418 -22.9546 2
      vertex -2.88266 -22.8186 6
      vertex -1.44418 -22.9546 6
    endloop
  endfacet
  facet normal 0.0941245 0.99556 0
    outer loop
      vertex -2.88266 -22.8186 6
      vertex -1.44418 -22.9546 2
      vertex -2.88266 -22.8186 2
    endloop
  endfacet
  facet normal -0.031421 -0.999506 0
    outer loop
      vertex 0 23 2
      vertex 1.44418 22.9546 6
      vertex 0 23 6
    endloop
  endfacet
  facet normal -0.031421 -0.999506 -0
    outer loop
      vertex 1.44418 22.9546 6
      vertex 0 23 2
      vertex 1.44418 22.9546 2
    endloop
  endfacet
  facet normal 0.562041 -0.827109 0
    outer loop
      vertex -13.5191 18.6074 2
      vertex -12.324 19.4195 6
      vertex -13.5191 18.6074 6
    endloop
  endfacet
  facet normal 0.562041 -0.827109 0
    outer loop
      vertex -12.324 19.4195 6
      vertex -13.5191 18.6074 2
      vertex -12.324 19.4195 2
    endloop
  endfacet
  facet normal 0.61291 0.790153 -0
    outer loop
      vertex -13.5191 -18.6074 2
      vertex -14.6608 -17.7218 6
      vertex -13.5191 -18.6074 6
    endloop
  endfacet
  facet normal 0.61291 0.790153 0
    outer loop
      vertex -14.6608 -17.7218 6
      vertex -13.5191 -18.6074 2
      vertex -14.6608 -17.7218 2
    endloop
  endfacet
  facet normal -0.960296 -0.278984 0
    outer loop
      vertex 22.2774 5.71987 2
      vertex 21.8743 7.10739 6
      vertex 21.8743 7.10739 2
    endloop
  endfacet
  facet normal -0.960296 -0.278984 0
    outer loop
      vertex 21.8743 7.10739 6
      vertex 22.2774 5.71987 2
      vertex 22.2774 5.71987 6
    endloop
  endfacet
  facet normal -0.562041 -0.827109 0
    outer loop
      vertex 12.324 19.4195 2
      vertex 13.5191 18.6074 6
      vertex 12.324 19.4195 6
    endloop
  endfacet
  facet normal -0.562041 -0.827109 -0
    outer loop
      vertex 13.5191 18.6074 6
      vertex 12.324 19.4195 2
      vertex 13.5191 18.6074 2
    endloop
  endfacet
  facet normal 0.278984 -0.960296 0
    outer loop
      vertex -7.10739 21.8743 2
      vertex -5.71987 22.2774 6
      vertex -7.10739 21.8743 6
    endloop
  endfacet
  facet normal 0.278984 -0.960296 0
    outer loop
      vertex -5.71987 22.2774 6
      vertex -7.10739 21.8743 2
      vertex -5.71987 22.2774 2
    endloop
  endfacet
  facet normal 0.031421 -0.999506 0
    outer loop
      vertex -1.44418 22.9546 2
      vertex 0 23 6
      vertex -1.44418 22.9546 6
    endloop
  endfacet
  facet normal 0.031421 -0.999506 0
    outer loop
      vertex 0 23 6
      vertex -1.44418 22.9546 2
      vertex 0 23 2
    endloop
  endfacet
  facet normal -0.975916 0.218147 0
    outer loop
      vertex 22.2774 -5.71987 2
      vertex 22.5926 -4.30977 6
      vertex 22.5926 -4.30977 2
    endloop
  endfacet
  facet normal -0.975916 0.218147 0
    outer loop
      vertex 22.5926 -4.30977 6
      vertex 22.2774 -5.71987 2
      vertex 22.2774 -5.71987 6
    endloop
  endfacet
  facet normal -0.156413 0.987692 0
    outer loop
      vertex 4.30977 -22.5926 2
      vertex 2.88266 -22.8186 6
      vertex 4.30977 -22.5926 6
    endloop
  endfacet
  facet normal -0.156413 0.987692 0
    outer loop
      vertex 2.88266 -22.8186 6
      vertex 4.30977 -22.5926 2
      vertex 2.88266 -22.8186 2
    endloop
  endfacet
  facet normal 0.218147 -0.975916 0
    outer loop
      vertex -5.71987 22.2774 2
      vertex -4.30977 22.5926 6
      vertex -5.71987 22.2774 6
    endloop
  endfacet
  facet normal 0.218147 -0.975916 0
    outer loop
      vertex -4.30977 22.5926 6
      vertex -5.71987 22.2774 2
      vertex -4.30977 22.5926 2
    endloop
  endfacet
  facet normal -0.0941245 -0.99556 0
    outer loop
      vertex 1.44418 22.9546 2
      vertex 2.88266 22.8186 6
      vertex 1.44418 22.9546 6
    endloop
  endfacet
  facet normal -0.0941245 -0.99556 -0
    outer loop
      vertex 2.88266 22.8186 6
      vertex 1.44418 22.9546 2
      vertex 2.88266 22.8186 2
    endloop
  endfacet
  facet normal -0.987692 0.156413 0
    outer loop
      vertex 22.5926 -4.30977 2
      vertex 22.8186 -2.88266 6
      vertex 22.8186 -2.88266 2
    endloop
  endfacet
  facet normal -0.987692 0.156413 0
    outer loop
      vertex 22.8186 -2.88266 6
      vertex 22.5926 -4.30977 2
      vertex 22.5926 -4.30977 6
    endloop
  endfacet
  facet normal -0.509081 -0.860718 0
    outer loop
      vertex 11.0803 20.1551 2
      vertex 12.324 19.4195 6
      vertex 11.0803 20.1551 6
    endloop
  endfacet
  facet normal -0.509081 -0.860718 -0
    outer loop
      vertex 12.324 19.4195 6
      vertex 11.0803 20.1551 2
      vertex 12.324 19.4195 2
    endloop
  endfacet
  facet normal -0.031421 0.999506 0
    outer loop
      vertex 1.44418 -22.9546 2
      vertex 0 -23 6
      vertex 1.44418 -22.9546 6
    endloop
  endfacet
  facet normal -0.031421 0.999506 0
    outer loop
      vertex 0 -23 6
      vertex 1.44418 -22.9546 2
      vertex 0 -23 2
    endloop
  endfacet
  facet normal -0.827109 0.562041 0
    outer loop
      vertex 18.6074 -13.5191 2
      vertex 19.4195 -12.324 6
      vertex 19.4195 -12.324 2
    endloop
  endfacet
  facet normal -0.827109 0.562041 0
    outer loop
      vertex 19.4195 -12.324 6
      vertex 18.6074 -13.5191 2
      vertex 18.6074 -13.5191 6
    endloop
  endfacet
  facet normal 0.99556 0.0941245 0
    outer loop
      vertex -22.8186 -2.88266 6
      vertex -22.9546 -1.44418 2
      vertex -22.9546 -1.44418 6
    endloop
  endfacet
  facet normal 0.99556 0.0941245 0
    outer loop
      vertex -22.9546 -1.44418 2
      vertex -22.8186 -2.88266 6
      vertex -22.8186 -2.88266 2
    endloop
  endfacet
  facet normal -0.860718 -0.509081 0
    outer loop
      vertex 20.1551 11.0803 2
      vertex 19.4195 12.324 6
      vertex 19.4195 12.324 2
    endloop
  endfacet
  facet normal -0.860718 -0.509081 0
    outer loop
      vertex 19.4195 12.324 6
      vertex 20.1551 11.0803 2
      vertex 20.1551 11.0803 6
    endloop
  endfacet
  facet normal 0.975916 -0.218147 0
    outer loop
      vertex -22.5926 4.30977 6
      vertex -22.2774 5.71987 2
      vertex -22.2774 5.71987 6
    endloop
  endfacet
  facet normal 0.975916 -0.218147 0
    outer loop
      vertex -22.2774 5.71987 2
      vertex -22.5926 4.30977 6
      vertex -22.5926 4.30977 2
    endloop
  endfacet
  facet normal -0.338714 0.940889 0
    outer loop
      vertex 8.46686 -21.3849 2
      vertex 7.10739 -21.8743 6
      vertex 8.46686 -21.3849 6
    endloop
  endfacet
  facet normal -0.338714 0.940889 0
    outer loop
      vertex 7.10739 -21.8743 6
      vertex 8.46686 -21.3849 2
      vertex 7.10739 -21.8743 2
    endloop
  endfacet
  facet normal -0.278984 0.960296 0
    outer loop
      vertex 7.10739 -21.8743 2
      vertex 5.71987 -22.2774 6
      vertex 7.10739 -21.8743 6
    endloop
  endfacet
  facet normal -0.278984 0.960296 0
    outer loop
      vertex 5.71987 -22.2774 6
      vertex 7.10739 -21.8743 2
      vertex 5.71987 -22.2774 2
    endloop
  endfacet
  facet normal 0.031421 0.999506 -0
    outer loop
      vertex 0 -23 2
      vertex -1.44418 -22.9546 6
      vertex 0 -23 6
    endloop
  endfacet
  facet normal 0.031421 0.999506 0
    outer loop
      vertex -1.44418 -22.9546 6
      vertex 0 -23 2
      vertex -1.44418 -22.9546 2
    endloop
  endfacet
  facet normal -0.661313 0.75011 0
    outer loop
      vertex 15.7446 -16.7663 2
      vertex 14.6608 -17.7218 6
      vertex 15.7446 -16.7663 6
    endloop
  endfacet
  facet normal -0.661313 0.75011 0
    outer loop
      vertex 14.6608 -17.7218 6
      vertex 15.7446 -16.7663 2
      vertex 14.6608 -17.7218 2
    endloop
  endfacet
  facet normal -0.707107 0.707107 0
    outer loop
      vertex 15.7446 -16.7663 2
      vertex 16.7663 -15.7446 6
      vertex 16.7663 -15.7446 2
    endloop
  endfacet
  facet normal -0.707107 0.707107 0
    outer loop
      vertex 16.7663 -15.7446 6
      vertex 15.7446 -16.7663 2
      vertex 15.7446 -16.7663 6
    endloop
  endfacet
  facet normal 0.75011 0.661313 0
    outer loop
      vertex -16.7663 -15.7446 6
      vertex -17.7218 -14.6608 2
      vertex -17.7218 -14.6608 6
    endloop
  endfacet
  facet normal 0.75011 0.661313 0
    outer loop
      vertex -17.7218 -14.6608 2
      vertex -16.7663 -15.7446 6
      vertex -16.7663 -15.7446 2
    endloop
  endfacet
  facet normal 0.397184 -0.917739 0
    outer loop
      vertex -9.79292 20.811 2
      vertex -8.46686 21.3849 6
      vertex -9.79292 20.811 6
    endloop
  endfacet
  facet normal 0.397184 -0.917739 0
    outer loop
      vertex -8.46686 21.3849 6
      vertex -9.79292 20.811 2
      vertex -8.46686 21.3849 2
    endloop
  endfacet
  facet normal 0.860718 -0.509081 0
    outer loop
      vertex -20.1551 11.0803 6
      vertex -19.4195 12.324 2
      vertex -19.4195 12.324 6
    endloop
  endfacet
  facet normal 0.860718 -0.509081 0
    outer loop
      vertex -19.4195 12.324 2
      vertex -20.1551 11.0803 6
      vertex -20.1551 11.0803 2
    endloop
  endfacet
  facet normal 0.999506 0.031421 0
    outer loop
      vertex -22.9546 -1.44418 6
      vertex -23 0 2
      vertex -23 0 6
    endloop
  endfacet
  facet normal 0.999506 0.031421 0
    outer loop
      vertex -23 0 2
      vertex -22.9546 -1.44418 6
      vertex -22.9546 -1.44418 2
    endloop
  endfacet
  facet normal 0.397184 0.917739 -0
    outer loop
      vertex -8.46686 -21.3849 2
      vertex -9.79292 -20.811 6
      vertex -8.46686 -21.3849 6
    endloop
  endfacet
  facet normal 0.397184 0.917739 0
    outer loop
      vertex -9.79292 -20.811 6
      vertex -8.46686 -21.3849 2
      vertex -9.79292 -20.811 2
    endloop
  endfacet
  facet normal -0.707107 -0.707107 0
    outer loop
      vertex 16.7663 15.7446 2
      vertex 15.7446 16.7663 6
      vertex 15.7446 16.7663 2
    endloop
  endfacet
  facet normal -0.707107 -0.707107 0
    outer loop
      vertex 15.7446 16.7663 6
      vertex 16.7663 15.7446 2
      vertex 16.7663 15.7446 6
    endloop
  endfacet
  facet normal -0.940889 0.338714 0
    outer loop
      vertex 21.3849 -8.46686 2
      vertex 21.8743 -7.10739 6
      vertex 21.8743 -7.10739 2
    endloop
  endfacet
  facet normal -0.940889 0.338714 0
    outer loop
      vertex 21.8743 -7.10739 6
      vertex 21.3849 -8.46686 2
      vertex 21.3849 -8.46686 6
    endloop
  endfacet
  facet normal 0.975916 0.218147 0
    outer loop
      vertex -22.2774 -5.71987 6
      vertex -22.5926 -4.30977 2
      vertex -22.5926 -4.30977 6
    endloop
  endfacet
  facet normal 0.975916 0.218147 0
    outer loop
      vertex -22.5926 -4.30977 2
      vertex -22.2774 -5.71987 6
      vertex -22.2774 -5.71987 2
    endloop
  endfacet
  facet normal -0.156413 -0.987692 0
    outer loop
      vertex 2.88266 22.8186 2
      vertex 4.30977 22.5926 6
      vertex 2.88266 22.8186 6
    endloop
  endfacet
  facet normal -0.156413 -0.987692 -0
    outer loop
      vertex 4.30977 22.5926 6
      vertex 2.88266 22.8186 2
      vertex 4.30977 22.5926 2
    endloop
  endfacet
  facet normal -0.99556 0.0941245 0
    outer loop
      vertex 22.8186 -2.88266 2
      vertex 22.9546 -1.44418 6
      vertex 22.9546 -1.44418 2
    endloop
  endfacet
  facet normal -0.99556 0.0941245 0
    outer loop
      vertex 22.9546 -1.44418 6
      vertex 22.8186 -2.88266 2
      vertex 22.8186 -2.88266 6
    endloop
  endfacet
  facet normal -0.75011 -0.661313 0
    outer loop
      vertex 17.7218 14.6608 2
      vertex 16.7663 15.7446 6
      vertex 16.7663 15.7446 2
    endloop
  endfacet
  facet normal -0.75011 -0.661313 0
    outer loop
      vertex 16.7663 15.7446 6
      vertex 17.7218 14.6608 2
      vertex 17.7218 14.6608 6
    endloop
  endfacet
  facet normal -0.562041 0.827109 0
    outer loop
      vertex 13.5191 -18.6074 2
      vertex 12.324 -19.4195 6
      vertex 13.5191 -18.6074 6
    endloop
  endfacet
  facet normal -0.562041 0.827109 0
    outer loop
      vertex 12.324 -19.4195 6
      vertex 13.5191 -18.6074 2
      vertex 12.324 -19.4195 2
    endloop
  endfacet
  facet normal -0.218147 0.975916 0
    outer loop
      vertex 5.71987 -22.2774 2
      vertex 4.30977 -22.5926 6
      vertex 5.71987 -22.2774 6
    endloop
  endfacet
  facet normal -0.218147 0.975916 0
    outer loop
      vertex 4.30977 -22.5926 6
      vertex 5.71987 -22.2774 2
      vertex 4.30977 -22.5926 2
    endloop
  endfacet
  facet normal -0.75011 0.661313 0
    outer loop
      vertex 16.7663 -15.7446 2
      vertex 17.7218 -14.6608 6
      vertex 17.7218 -14.6608 2
    endloop
  endfacet
  facet normal -0.75011 0.661313 0
    outer loop
      vertex 17.7218 -14.6608 6
      vertex 16.7663 -15.7446 2
      vertex 16.7663 -15.7446 6
    endloop
  endfacet
  facet normal -0.509081 0.860718 0
    outer loop
      vertex 12.324 -19.4195 2
      vertex 11.0803 -20.1551 6
      vertex 12.324 -19.4195 6
    endloop
  endfacet
  facet normal -0.509081 0.860718 0
    outer loop
      vertex 11.0803 -20.1551 6
      vertex 12.324 -19.4195 2
      vertex 11.0803 -20.1551 2
    endloop
  endfacet
  facet normal 0.707107 0.707107 0
    outer loop
      vertex -15.7446 -16.7663 6
      vertex -16.7663 -15.7446 2
      vertex -16.7663 -15.7446 6
    endloop
  endfacet
  facet normal 0.707107 0.707107 0
    outer loop
      vertex -16.7663 -15.7446 2
      vertex -15.7446 -16.7663 6
      vertex -15.7446 -16.7663 2
    endloop
  endfacet
  facet normal 0.61291 -0.790153 0
    outer loop
      vertex -14.6608 17.7218 2
      vertex -13.5191 18.6074 6
      vertex -14.6608 17.7218 6
    endloop
  endfacet
  facet normal 0.61291 -0.790153 0
    outer loop
      vertex -13.5191 18.6074 6
      vertex -14.6608 17.7218 2
      vertex -13.5191 18.6074 2
    endloop
  endfacet
  facet normal 0.860718 0.509081 0
    outer loop
      vertex -19.4195 -12.324 6
      vertex -20.1551 -11.0803 2
      vertex -20.1551 -11.0803 6
    endloop
  endfacet
  facet normal 0.860718 0.509081 0
    outer loop
      vertex -20.1551 -11.0803 2
      vertex -19.4195 -12.324 6
      vertex -19.4195 -12.324 2
    endloop
  endfacet
  facet normal -0.940889 -0.338714 0
    outer loop
      vertex 21.8743 7.10739 2
      vertex 21.3849 8.46686 6
      vertex 21.3849 8.46686 2
    endloop
  endfacet
  facet normal -0.940889 -0.338714 0
    outer loop
      vertex 21.3849 8.46686 6
      vertex 21.8743 7.10739 2
      vertex 21.8743 7.10739 6
    endloop
  endfacet
  facet normal 0.156413 -0.987692 0
    outer loop
      vertex -4.30977 22.5926 2
      vertex -2.88266 22.8186 6
      vertex -4.30977 22.5926 6
    endloop
  endfacet
  facet normal 0.156413 -0.987692 0
    outer loop
      vertex -2.88266 22.8186 6
      vertex -4.30977 22.5926 2
      vertex -2.88266 22.8186 2
    endloop
  endfacet
  facet normal -0.891021 0.453961 0
    outer loop
      vertex 20.1551 -11.0803 2
      vertex 20.811 -9.79292 6
      vertex 20.811 -9.79292 2
    endloop
  endfacet
  facet normal -0.891021 0.453961 0
    outer loop
      vertex 20.811 -9.79292 6
      vertex 20.1551 -11.0803 2
      vertex 20.1551 -11.0803 6
    endloop
  endfacet
  facet normal 0.75011 -0.661313 0
    outer loop
      vertex -17.7218 14.6608 6
      vertex -16.7663 15.7446 2
      vertex -16.7663 15.7446 6
    endloop
  endfacet
  facet normal 0.75011 -0.661313 0
    outer loop
      vertex -16.7663 15.7446 2
      vertex -17.7218 14.6608 6
      vertex -17.7218 14.6608 2
    endloop
  endfacet
  facet normal -0.0941245 0.99556 0
    outer loop
      vertex 2.88266 -22.8186 2
      vertex 1.44418 -22.9546 6
      vertex 2.88266 -22.8186 6
    endloop
  endfacet
  facet normal -0.0941245 0.99556 0
    outer loop
      vertex 1.44418 -22.9546 6
      vertex 2.88266 -22.8186 2
      vertex 1.44418 -22.9546 2
    endloop
  endfacet
  facet normal 0.999506 -0.031421 0
    outer loop
      vertex -23 0 6
      vertex -22.9546 1.44418 2
      vertex -22.9546 1.44418 6
    endloop
  endfacet
  facet normal 0.999506 -0.031421 0
    outer loop
      vertex -22.9546 1.44418 2
      vertex -23 0 6
      vertex -23 0 2
    endloop
  endfacet
  facet normal 0.940889 -0.338714 0
    outer loop
      vertex -21.8743 7.10739 6
      vertex -21.3849 8.46686 2
      vertex -21.3849 8.46686 6
    endloop
  endfacet
  facet normal 0.940889 -0.338714 0
    outer loop
      vertex -21.3849 8.46686 2
      vertex -21.8743 7.10739 6
      vertex -21.8743 7.10739 2
    endloop
  endfacet
  facet normal 0.790153 0.61291 0
    outer loop
      vertex -17.7218 -14.6608 6
      vertex -18.6074 -13.5191 2
      vertex -18.6074 -13.5191 6
    endloop
  endfacet
  facet normal 0.790153 0.61291 0
    outer loop
      vertex -18.6074 -13.5191 2
      vertex -17.7218 -14.6608 6
      vertex -17.7218 -14.6608 2
    endloop
  endfacet
  facet normal -0.338714 -0.940889 0
    outer loop
      vertex 7.10739 21.8743 2
      vertex 8.46686 21.3849 6
      vertex 7.10739 21.8743 6
    endloop
  endfacet
  facet normal -0.338714 -0.940889 -0
    outer loop
      vertex 8.46686 21.3849 6
      vertex 7.10739 21.8743 2
      vertex 8.46686 21.3849 2
    endloop
  endfacet
  facet normal 0.509081 0.860718 -0
    outer loop
      vertex -11.0803 -20.1551 2
      vertex -12.324 -19.4195 6
      vertex -11.0803 -20.1551 6
    endloop
  endfacet
  facet normal 0.509081 0.860718 0
    outer loop
      vertex -12.324 -19.4195 6
      vertex -11.0803 -20.1551 2
      vertex -12.324 -19.4195 2
    endloop
  endfacet
  facet normal 0.453961 -0.891021 0
    outer loop
      vertex -11.0803 20.1551 2
      vertex -9.79292 20.811 6
      vertex -11.0803 20.1551 6
    endloop
  endfacet
  facet normal 0.453961 -0.891021 0
    outer loop
      vertex -9.79292 20.811 6
      vertex -11.0803 20.1551 2
      vertex -9.79292 20.811 2
    endloop
  endfacet
  facet normal 0.891021 -0.453961 0
    outer loop
      vertex -20.811 9.79292 6
      vertex -20.1551 11.0803 2
      vertex -20.1551 11.0803 6
    endloop
  endfacet
  facet normal 0.891021 -0.453961 0
    outer loop
      vertex -20.1551 11.0803 2
      vertex -20.811 9.79292 6
      vertex -20.811 9.79292 2
    endloop
  endfacet
  facet normal -0 0 1
    outer loop
      vertex 22.1094 0.645466 2
      vertex 23 0 2
      vertex 22.9546 1.44418 2
    endloop
  endfacet
  facet normal -0 0 1
    outer loop
      vertex 21.7883 1.89584 2
      vertex 22.9546 1.44418 2
      vertex 22.8186 2.88266 2
    endloop
  endfacet
  facet normal 0 0 1
    outer loop
      vertex 23 0 2
      vertex 22.1398 0.323371 2
      vertex 22.15 0 2
    endloop
  endfacet
  facet normal -0 0 1
    outer loop
      vertex 21.1664 3.02709 2
      vertex 22.8186 2.88266 2
      vertex 22.5926 4.30977 2
    endloop
  endfacet
  facet normal 0 0 1
    outer loop
      vertex 22.1398 -0.323371 2
      vertex 23 0 2
      vertex 22.15 0 2
    endloop
  endfacet
  facet normal 0 0 1
    outer loop
      vertex 20.5254 3.75419 2
      vertex 22.5926 4.30977 2
      vertex 22.2774 5.71987 2
    endloop
  endfacet
  facet normal 0 0 1
    outer loop
      vertex 22.1094 -0.645466 2
      vertex 23 0 2
      vertex 22.1398 -0.323371 2
    endloop
  endfacet
  facet normal -0 0 1
    outer loop
      vertex 22.0588 -0.965014 2
      vertex 22.9546 -1.44418 2
      vertex 22.1094 -0.645466 2
    endloop
  endfacet
  facet normal 0 0 1
    outer loop
      vertex 23 0 2
      vertex 22.1094 -0.645466 2
      vertex 22.9546 -1.44418 2
    endloop
  endfacet
  facet normal 0 0 1
    outer loop
      vertex 23 0 2
      vertex 22.1094 0.645466 2
      vertex 22.1398 0.323371 2
    endloop
  endfacet
  facet normal 0 0 1
    outer loop
      vertex 22.9546 1.44418 2
      vertex 22.0588 0.965014 2
      vertex 22.1094 0.645466 2
    endloop
  endfacet
  facet normal 0 0 1
    outer loop
      vertex 22.9546 1.44418 2
      vertex 21.9882 1.28075 2
      vertex 22.0588 0.965014 2
    endloop
  endfacet
  facet normal 0 0 1
    outer loop
      vertex 22.9546 1.44418 2
      vertex 21.8979 1.59144 2
      vertex 21.9882 1.28075 2
    endloop
  endfacet
  facet normal 0 0 1
    outer loop
      vertex 19.7595 4.34829 2
      vertex 22.2774 5.71987 2
      vertex 21.8743 7.10739 2
    endloop
  endfacet
  facet normal 0 0 1
    outer loop
      vertex 22.9546 1.44418 2
      vertex 21.7883 1.89584 2
      vertex 21.8979 1.59144 2
    endloop
  endfacet
  facet normal 0 0 1
    outer loop
      vertex 22.8186 2.88266 2
      vertex 21.6599 2.19276 2
      vertex 21.7883 1.89584 2
    endloop
  endfacet
  facet normal 0 0 1
    outer loop
      vertex 22.8186 2.88266 2
      vertex 21.513 2.48103 2
      vertex 21.6599 2.19276 2
    endloop
  endfacet
  facet normal 0 0 1
    outer loop
      vertex 18.8958 4.78835 2
      vertex 21.8743 7.10739 2
      vertex 21.3849 8.46686 2
    endloop
  endfacet
  facet normal 0 0 1
    outer loop
      vertex 22.8186 2.88266 2
      vertex 21.3483 2.75951 2
      vertex 21.513 2.48103 2
    endloop
  endfacet
  facet normal 0 0 1
    outer loop
      vertex 22.8186 2.88266 2
      vertex 21.1664 3.02709 2
      vertex 21.3483 2.75951 2
    endloop
  endfacet
  facet normal 0 0 1
    outer loop
      vertex 22.5926 4.30977 2
      vertex 20.9681 3.28273 2
      vertex 21.1664 3.02709 2
    endloop
  endfacet
  facet normal 0 0 1
    outer loop
      vertex 17.965 5.05878 2
      vertex 21.3849 8.46686 2
      vertex 20.811 9.79292 2
    endloop
  endfacet
  facet normal 0 0 1
    outer loop
      vertex 22.5926 4.30977 2
      vertex 20.7542 3.52542 2
      vertex 20.9681 3.28273 2
    endloop
  endfacet
  facet normal 0 0 1
    outer loop
      vertex 22.5926 4.30977 2
      vertex 20.5254 3.75419 2
      vertex 20.7542 3.52542 2
    endloop
  endfacet
  facet normal 0 0 1
    outer loop
      vertex 22.2774 5.71987 2
      vertex 20.2827 3.96814 2
      vertex 20.5254 3.75419 2
    endloop
  endfacet
  facet normal 0 0 1
    outer loop
      vertex 17.3234 5.13984 2
      vertex 20.811 9.79292 2
      vertex 20.1551 11.0803 2
    endloop
  endfacet
  facet normal 0 0 1
    outer loop
      vertex 22.2774 5.71987 2
      vertex 20.0271 4.16644 2
      vertex 20.2827 3.96814 2
    endloop
  endfacet
  facet normal 0 0 1
    outer loop
      vertex 22.2774 5.71987 2
      vertex 19.7595 4.34829 2
      vertex 20.0271 4.16644 2
    endloop
  endfacet
  facet normal 0 0 1
    outer loop
      vertex 21.8743 7.10739 2
      vertex 19.481 4.51298 2
      vertex 19.7595 4.34829 2
    endloop
  endfacet
  facet normal 0 0 1
    outer loop
      vertex 16.3545 5.10939 2
      vertex 20.1551 11.0803 2
      vertex 19.4195 12.324 2
    endloop
  endfacet
  facet normal 0 0 1
    outer loop
      vertex 21.8743 7.10739 2
      vertex 19.1928 4.65986 2
      vertex 19.481 4.51298 2
    endloop
  endfacet
  facet normal 0 0 1
    outer loop
      vertex 21.8743 7.10739 2
      vertex 18.8958 4.78835 2
      vertex 19.1928 4.65986 2
    endloop
  endfacet
  facet normal 0 0 1
    outer loop
      vertex 16.035 5.05878 2
      vertex 19.4195 12.324 2
      vertex 18.6074 13.5191 2
    endloop
  endfacet
  facet normal 0 0 1
    outer loop
      vertex 21.3849 8.46686 2
      vertex 18.5914 4.89794 2
      vertex 18.8958 4.78835 2
    endloop
  endfacet
  facet normal 0 0 1
    outer loop
      vertex 21.3849 8.46686 2
      vertex 18.2808 4.9882 2
      vertex 18.5914 4.89794 2
    endloop
  endfacet
  facet normal 0 0 1
    outer loop
      vertex 21.3849 8.46686 2
      vertex 17.965 5.05878 2
      vertex 18.2808 4.9882 2
    endloop
  endfacet
  facet normal 0 0 1
    outer loop
      vertex 15.4086 4.89794 2
      vertex 18.6074 13.5191 2
      vertex 17.7218 14.6608 2
    endloop
  endfacet
  facet normal 0 0 1
    outer loop
      vertex 20.811 9.79292 2
      vertex 17.6455 5.10939 2
      vertex 17.965 5.05878 2
    endloop
  endfacet
  facet normal 0 0 1
    outer loop
      vertex 20.811 9.79292 2
      vertex 17.3234 5.13984 2
      vertex 17.6455 5.10939 2
    endloop
  endfacet
  facet normal 0 0 1
    outer loop
      vertex 20.1551 11.0803 2
      vertex 17 5.15 2
      vertex 17.3234 5.13984 2
    endloop
  endfacet
  facet normal 0 0 1
    outer loop
      vertex 15.1042 4.78835 2
      vertex 17.7218 14.6608 2
      vertex 16.7663 15.7446 2
    endloop
  endfacet
  facet normal 0 0 1
    outer loop
      vertex 20.1551 11.0803 2
      vertex 16.6766 5.13984 2
      vertex 17 5.15 2
    endloop
  endfacet
  facet normal 0 0 1
    outer loop
      vertex 20.1551 11.0803 2
      vertex 16.3545 5.10939 2
      vertex 16.6766 5.13984 2
    endloop
  endfacet
  facet normal 0 0 1
    outer loop
      vertex 19.4195 12.324 2
      vertex 16.035 5.05878 2
      vertex 16.3545 5.10939 2
    endloop
  endfacet
  facet normal 0 0 1
    outer loop
      vertex 14.519 4.51298 2
      vertex 16.7663 15.7446 2
      vertex 15.7446 16.7663 2
    endloop
  endfacet
  facet normal 0 0 1
    outer loop
      vertex 18.6074 13.5191 2
      vertex 15.7192 4.9882 2
      vertex 16.035 5.05878 2
    endloop
  endfacet
  facet normal 0 0 1
    outer loop
      vertex 18.6074 13.5191 2
      vertex 15.4086 4.89794 2
      vertex 15.7192 4.9882 2
    endloop
  endfacet
  facet normal 0 0 1
    outer loop
      vertex 17.7218 14.6608 2
      vertex 15.1042 4.78835 2
      vertex 15.4086 4.89794 2
    endloop
  endfacet
  facet normal 0 0 1
    outer loop
      vertex 16.7663 15.7446 2
      vertex 14.8072 4.65986 2
      vertex 15.1042 4.78835 2
    endloop
  endfacet
  facet normal 0 0 1
    outer loop
      vertex 14.2405 4.34829 2
      vertex 15.7446 16.7663 2
      vertex 14.6608 17.7218 2
    endloop
  endfacet
  facet normal 0 0 1
    outer loop
      vertex 16.7663 15.7446 2
      vertex 14.519 4.51298 2
      vertex 14.8072 4.65986 2
    endloop
  endfacet
  facet normal 0 0 1
    outer loop
      vertex 15.7446 16.7663 2
      vertex 14.2405 4.34829 2
      vertex 14.519 4.51298 2
    endloop
  endfacet
  facet normal 0 0 1
    outer loop
      vertex 14.6608 17.7218 2
      vertex 13.9729 4.16644 2
      vertex 14.2405 4.34829 2
    endloop
  endfacet
  facet normal 0 0 1
    outer loop
      vertex 13.5191 18.6074 2
      vertex 13.9729 4.16644 2
      vertex 14.6608 17.7218 2
    endloop
  endfacet
  facet normal 0 0 1
    outer loop
      vertex 13.9729 4.16644 2
      vertex 13.5191 18.6074 2
      vertex 13.7173 3.96814 2
    endloop
  endfacet
  facet normal 0 0 1
    outer loop
      vertex 12.324 19.4195 2
      vertex 13.7173 3.96814 2
      vertex 13.5191 18.6074 2
    endloop
  endfacet
  facet normal 0 0 1
    outer loop
      vertex 13.7173 3.96814 2
      vertex 12.324 19.4195 2
      vertex 13.4746 3.75419 2
    endloop
  endfacet
  facet normal 0 0 1
    outer loop
      vertex 11.0803 20.1551 2
      vertex 13.4746 3.75419 2
      vertex 12.324 19.4195 2
    endloop
  endfacet
  facet normal 0 0 1
    outer loop
      vertex 13.4746 3.75419 2
      vertex 11.0803 20.1551 2
      vertex 13.2458 3.52542 2
    endloop
  endfacet
  facet normal 0 0 1
    outer loop
      vertex 9.79292 20.811 2
      vertex 13.2458 3.52542 2
      vertex 11.0803 20.1551 2
    endloop
  endfacet
  facet normal 0 0 1
    outer loop
      vertex 13.2458 3.52542 2
      vertex 9.79292 20.811 2
      vertex 13.0319 3.28273 2
    endloop
  endfacet
  facet normal 0 0 1
    outer loop
      vertex 8.46686 21.3849 2
      vertex 13.0319 3.28273 2
      vertex 9.79292 20.811 2
    endloop
  endfacet
  facet normal 0 0 1
    outer loop
      vertex 7.10739 21.8743 2
      vertex 13.0319 3.28273 2
      vertex 8.46686 21.3849 2
    endloop
  endfacet
  facet normal 0 0 1
    outer loop
      vertex 13.0319 3.28273 2
      vertex 7.10739 21.8743 2
      vertex 12.8336 3.02709 2
    endloop
  endfacet
  facet normal 0 0 1
    outer loop
      vertex 5.71987 22.2774 2
      vertex 12.8336 3.02709 2
      vertex 7.10739 21.8743 2
    endloop
  endfacet
  facet normal 0 0 1
    outer loop
      vertex 12.8336 3.02709 2
      vertex 5.71987 22.2774 2
      vertex 12.6517 2.75951 2
    endloop
  endfacet
  facet normal 0 0 1
    outer loop
      vertex 4.30977 22.5926 2
      vertex 12.6517 2.75951 2
      vertex 5.71987 22.2774 2
    endloop
  endfacet
  facet normal 0 0 1
    outer loop
      vertex 2.88266 22.8186 2
      vertex 12.6517 2.75951 2
      vertex 4.30977 22.5926 2
    endloop
  endfacet
  facet normal 0 0 1
    outer loop
      vertex 12.6517 2.75951 2
      vertex 2.88266 22.8186 2
      vertex 12.487 2.48103 2
    endloop
  endfacet
  facet normal 0 0 1
    outer loop
      vertex 1.44418 22.9546 2
      vertex 12.487 2.48103 2
      vertex 2.88266 22.8186 2
    endloop
  endfacet
  facet normal 0 0 1
    outer loop
      vertex 0 23 2
      vertex 12.487 2.48103 2
      vertex 1.44418 22.9546 2
    endloop
  endfacet
  facet normal -0 0 1
    outer loop
      vertex 21.9882 -1.28075 2
      vertex 22.9546 -1.44418 2
      vertex 22.0588 -0.965014 2
    endloop
  endfacet
  facet normal 0 0 1
    outer loop
      vertex 21.8979 -1.59144 2
      vertex 22.9546 -1.44418 2
      vertex 21.9882 -1.28075 2
    endloop
  endfacet
  facet normal 0 0 1
    outer loop
      vertex 21.7883 -1.89584 2
      vertex 22.9546 -1.44418 2
      vertex 21.8979 -1.59144 2
    endloop
  endfacet
  facet normal 0 0 1
    outer loop
      vertex 22.9546 -1.44418 2
      vertex 21.7883 -1.89584 2
      vertex 22.8186 -2.88266 2
    endloop
  endfacet
  facet normal -0 0 1
    outer loop
      vertex 21.6599 -2.19276 2
      vertex 22.8186 -2.88266 2
      vertex 21.7883 -1.89584 2
    endloop
  endfacet
  facet normal -0 0 1
    outer loop
      vertex 21.513 -2.48103 2
      vertex 22.8186 -2.88266 2
      vertex 21.6599 -2.19276 2
    endloop
  endfacet
  facet normal -0 0 1
    outer loop
      vertex 21.3483 -2.75951 2
      vertex 22.8186 -2.88266 2
      vertex 21.513 -2.48103 2
    endloop
  endfacet
  facet normal 0 0 1
    outer loop
      vertex 21.1664 -3.02709 2
      vertex 22.8186 -2.88266 2
      vertex 21.3483 -2.75951 2
    endloop
  endfacet
  facet normal 0 0 1
    outer loop
      vertex 22.8186 -2.88266 2
      vertex 21.1664 -3.02709 2
      vertex 22.5926 -4.30977 2
    endloop
  endfacet
  facet normal -0 0 1
    outer loop
      vertex 20.9681 -3.28273 2
      vertex 22.5926 -4.30977 2
      vertex 21.1664 -3.02709 2
    endloop
  endfacet
  facet normal -0 0 1
    outer loop
      vertex 20.7542 -3.52542 2
      vertex 22.5926 -4.30977 2
      vertex 20.9681 -3.28273 2
    endloop
  endfacet
  facet normal -0 0 1
    outer loop
      vertex 20.5254 -3.75419 2
      vertex 22.5926 -4.30977 2
      vertex 20.7542 -3.52542 2
    endloop
  endfacet
  facet normal 0 0 1
    outer loop
      vertex 22.5926 -4.30977 2
      vertex 20.5254 -3.75419 2
      vertex 22.2774 -5.71987 2
    endloop
  endfacet
  facet normal -0 0 1
    outer loop
      vertex 20.2827 -3.96814 2
      vertex 22.2774 -5.71987 2
      vertex 20.5254 -3.75419 2
    endloop
  endfacet
  facet normal -0 0 1
    outer loop
      vertex 20.0271 -4.16644 2
      vertex 22.2774 -5.71987 2
      vertex 20.2827 -3.96814 2
    endloop
  endfacet
  facet normal -0 0 1
    outer loop
      vertex 19.7595 -4.34829 2
      vertex 22.2774 -5.71987 2
      vertex 20.0271 -4.16644 2
    endloop
  endfacet
  facet normal 0 0 1
    outer loop
      vertex 22.2774 -5.71987 2
      vertex 19.7595 -4.34829 2
      vertex 21.8743 -7.10739 2
    endloop
  endfacet
  facet normal -0 0 1
    outer loop
      vertex 19.481 -4.51298 2
      vertex 21.8743 -7.10739 2
      vertex 19.7595 -4.34829 2
    endloop
  endfacet
  facet normal -0 0 1
    outer loop
      vertex 19.1928 -4.65986 2
      vertex 21.8743 -7.10739 2
      vertex 19.481 -4.51298 2
    endloop
  endfacet
  facet normal -0 0 1
    outer loop
      vertex 18.8958 -4.78835 2
      vertex 21.8743 -7.10739 2
      vertex 19.1928 -4.65986 2
    endloop
  endfacet
  facet normal 0 0 1
    outer loop
      vertex 21.8743 -7.10739 2
      vertex 18.8958 -4.78835 2
      vertex 21.3849 -8.46686 2
    endloop
  endfacet
  facet normal -0 0 1
    outer loop
      vertex 18.5914 -4.89794 2
      vertex 21.3849 -8.46686 2
      vertex 18.8958 -4.78835 2
    endloop
  endfacet
  facet normal -0 0 1
    outer loop
      vertex 18.2808 -4.9882 2
      vertex 21.3849 -8.46686 2
      vertex 18.5914 -4.89794 2
    endloop
  endfacet
  facet normal -0 0 1
    outer loop
      vertex 17.965 -5.05878 2
      vertex 21.3849 -8.46686 2
      vertex 18.2808 -4.9882 2
    endloop
  endfacet
  facet normal 0 0 1
    outer loop
      vertex 21.3849 -8.46686 2
      vertex 17.965 -5.05878 2
      vertex 20.811 -9.79292 2
    endloop
  endfacet
  facet normal -0 0 1
    outer loop
      vertex 17.6455 -5.10939 2
      vertex 20.811 -9.79292 2
      vertex 17.965 -5.05878 2
    endloop
  endfacet
  facet normal -0 0 1
    outer loop
      vertex 17.3234 -5.13984 2
      vertex 20.811 -9.79292 2
      vertex 17.6455 -5.10939 2
    endloop
  endfacet
  facet normal 0 0 1
    outer loop
      vertex 20.811 -9.79292 2
      vertex 17.3234 -5.13984 2
      vertex 20.1551 -11.0803 2
    endloop
  endfacet
  facet normal -0 0 1
    outer loop
      vertex 17 -5.15 2
      vertex 20.1551 -11.0803 2
      vertex 17.3234 -5.13984 2
    endloop
  endfacet
  facet normal 0 0 1
    outer loop
      vertex 16.6766 -5.13984 2
      vertex 20.1551 -11.0803 2
      vertex 17 -5.15 2
    endloop
  endfacet
  facet normal 0 0 1
    outer loop
      vertex 16.3545 -5.10939 2
      vertex 20.1551 -11.0803 2
      vertex 16.6766 -5.13984 2
    endloop
  endfacet
  facet normal 0 0 1
    outer loop
      vertex 20.1551 -11.0803 2
      vertex 16.3545 -5.10939 2
      vertex 19.4195 -12.324 2
    endloop
  endfacet
  facet normal 0 0 1
    outer loop
      vertex 16.035 -5.05878 2
      vertex 19.4195 -12.324 2
      vertex 16.3545 -5.10939 2
    endloop
  endfacet
  facet normal 0 0 1
    outer loop
      vertex 19.4195 -12.324 2
      vertex 16.035 -5.05878 2
      vertex 18.6074 -13.5191 2
    endloop
  endfacet
  facet normal 0 0 1
    outer loop
      vertex 15.7192 -4.9882 2
      vertex 18.6074 -13.5191 2
      vertex 16.035 -5.05878 2
    endloop
  endfacet
  facet normal 0 0 1
    outer loop
      vertex 15.4086 -4.89794 2
      vertex 18.6074 -13.5191 2
      vertex 15.7192 -4.9882 2
    endloop
  endfacet
  facet normal 0 0 1
    outer loop
      vertex 18.6074 -13.5191 2
      vertex 15.4086 -4.89794 2
      vertex 17.7218 -14.6608 2
    endloop
  endfacet
  facet normal 0 0 1
    outer loop
      vertex 15.1042 -4.78835 2
      vertex 17.7218 -14.6608 2
      vertex 15.4086 -4.89794 2
    endloop
  endfacet
  facet normal 0 0 1
    outer loop
      vertex 17.7218 -14.6608 2
      vertex 15.1042 -4.78835 2
      vertex 16.7663 -15.7446 2
    endloop
  endfacet
  facet normal 0 0 1
    outer loop
      vertex 14.8072 -4.65986 2
      vertex 16.7663 -15.7446 2
      vertex 15.1042 -4.78835 2
    endloop
  endfacet
  facet normal 0 0 1
    outer loop
      vertex 14.519 -4.51298 2
      vertex 16.7663 -15.7446 2
      vertex 14.8072 -4.65986 2
    endloop
  endfacet
  facet normal 0 0 1
    outer loop
      vertex 16.7663 -15.7446 2
      vertex 14.519 -4.51298 2
      vertex 15.7446 -16.7663 2
    endloop
  endfacet
  facet normal 0 0 1
    outer loop
      vertex 14.2405 -4.34829 2
      vertex 15.7446 -16.7663 2
      vertex 14.519 -4.51298 2
    endloop
  endfacet
  facet normal 0 0 1
    outer loop
      vertex 15.7446 -16.7663 2
      vertex 14.2405 -4.34829 2
      vertex 14.6608 -17.7218 2
    endloop
  endfacet
  facet normal 0 0 1
    outer loop
      vertex 13.9729 -4.16644 2
      vertex 14.6608 -17.7218 2
      vertex 14.2405 -4.34829 2
    endloop
  endfacet
  facet normal 0 0 1
    outer loop
      vertex 13.5191 -18.6074 2
      vertex 13.9729 -4.16644 2
      vertex 13.7173 -3.96814 2
    endloop
  endfacet
  facet normal 0 0 1
    outer loop
      vertex 13.9729 -4.16644 2
      vertex 13.5191 -18.6074 2
      vertex 14.6608 -17.7218 2
    endloop
  endfacet
  facet normal 0 0 1
    outer loop
      vertex 12.324 -19.4195 2
      vertex 13.7173 -3.96814 2
      vertex 13.4746 -3.75419 2
    endloop
  endfacet
  facet normal 0 0 1
    outer loop
      vertex 11.0803 -20.1551 2
      vertex 13.4746 -3.75419 2
      vertex 13.2458 -3.52542 2
    endloop
  endfacet
  facet normal 0 0 1
    outer loop
      vertex 9.79292 -20.811 2
      vertex 13.2458 -3.52542 2
      vertex 13.0319 -3.28273 2
    endloop
  endfacet
  facet normal 0 0 1
    outer loop
      vertex 7.10739 -21.8743 2
      vertex 13.0319 -3.28273 2
      vertex 12.8336 -3.02709 2
    endloop
  endfacet
  facet normal 0 0 1
    outer loop
      vertex 5.71987 -22.2774 2
      vertex 12.8336 -3.02709 2
      vertex 12.6517 -2.75951 2
    endloop
  endfacet
  facet normal 0 0 1
    outer loop
      vertex 2.88266 -22.8186 2
      vertex 12.6517 -2.75951 2
      vertex 12.487 -2.48103 2
    endloop
  endfacet
  facet normal 0 0 1
    outer loop
      vertex 0 -23 2
      vertex 12.487 -2.48103 2
      vertex 12.3401 -2.19276 2
    endloop
  endfacet
  facet normal 0 0 1
    outer loop
      vertex 13.7173 -3.96814 2
      vertex 12.324 -19.4195 2
      vertex 13.5191 -18.6074 2
    endloop
  endfacet
  facet normal 0 0 1
    outer loop
      vertex -2.88266 -22.8186 2
      vertex 12.3401 -2.19276 2
      vertex 12.2117 -1.89584 2
    endloop
  endfacet
  facet normal 0 0 1
    outer loop
      vertex -7.10739 -21.8743 2
      vertex 12.2117 -1.89584 2
      vertex 12.1021 -1.59144 2
    endloop
  endfacet
  facet normal 0 0 1
    outer loop
      vertex -11.0803 -20.1551 2
      vertex 12.1021 -1.59144 2
      vertex 12.0118 -1.28075 2
    endloop
  endfacet
  facet normal 0 0 1
    outer loop
      vertex -14.6608 -17.7218 2
      vertex 12.0118 -1.28075 2
      vertex 11.9412 -0.965014 2
    endloop
  endfacet
  facet normal 0 0 1
    outer loop
      vertex -18.6074 -13.5191 2
      vertex 11.9412 -0.965014 2
      vertex 11.8906 -0.645466 2
    endloop
  endfacet
  facet normal 0 0 1
    outer loop
      vertex -21.3849 -8.46686 2
      vertex 11.8906 -0.645466 2
      vertex 11.8602 -0.323371 2
    endloop
  endfacet
  facet normal 0 0 1
    outer loop
      vertex -22.5926 -4.30977 2
      vertex 11.8602 -0.323371 2
      vertex 11.85 0 2
    endloop
  endfacet
  facet normal 0 0 1
    outer loop
      vertex 12.487 2.48103 2
      vertex 0 23 2
      vertex 12.3401 2.19276 2
    endloop
  endfacet
  facet normal 0 0 1
    outer loop
      vertex 13.4746 -3.75419 2
      vertex 11.0803 -20.1551 2
      vertex 12.324 -19.4195 2
    endloop
  endfacet
  facet normal -0 0 1
    outer loop
      vertex -1.44418 22.9546 2
      vertex 12.3401 2.19276 2
      vertex 0 23 2
    endloop
  endfacet
  facet normal 0 0 1
    outer loop
      vertex 13.2458 -3.52542 2
      vertex 9.79292 -20.811 2
      vertex 11.0803 -20.1551 2
    endloop
  endfacet
  facet normal -0 0 1
    outer loop
      vertex -2.88266 22.8186 2
      vertex 12.3401 2.19276 2
      vertex -1.44418 22.9546 2
    endloop
  endfacet
  facet normal 0 0 1
    outer loop
      vertex 13.0319 -3.28273 2
      vertex 8.46686 -21.3849 2
      vertex 9.79292 -20.811 2
    endloop
  endfacet
  facet normal 0 0 1
    outer loop
      vertex 12.3401 2.19276 2
      vertex -2.88266 22.8186 2
      vertex 12.2117 1.89584 2
    endloop
  endfacet
  facet normal 0 0 1
    outer loop
      vertex 13.0319 -3.28273 2
      vertex 7.10739 -21.8743 2
      vertex 8.46686 -21.3849 2
    endloop
  endfacet
  facet normal -0 0 1
    outer loop
      vertex -4.30977 22.5926 2
      vertex 12.2117 1.89584 2
      vertex -2.88266 22.8186 2
    endloop
  endfacet
  facet normal 0 0 1
    outer loop
      vertex 12.8336 -3.02709 2
      vertex 5.71987 -22.2774 2
      vertex 7.10739 -21.8743 2
    endloop
  endfacet
  facet normal -0 0 1
    outer loop
      vertex -5.71987 22.2774 2
      vertex 12.2117 1.89584 2
      vertex -4.30977 22.5926 2
    endloop
  endfacet
  facet normal 0 0 1
    outer loop
      vertex 12.6517 -2.75951 2
      vertex 4.30977 -22.5926 2
      vertex 5.71987 -22.2774 2
    endloop
  endfacet
  facet normal -0 0 1
    outer loop
      vertex -7.10739 21.8743 2
      vertex 12.2117 1.89584 2
      vertex -5.71987 22.2774 2
    endloop
  endfacet
  facet normal 0 0 1
    outer loop
      vertex 12.6517 -2.75951 2
      vertex 2.88266 -22.8186 2
      vertex 4.30977 -22.5926 2
    endloop
  endfacet
  facet normal 0 0 1
    outer loop
      vertex 12.2117 1.89584 2
      vertex -7.10739 21.8743 2
      vertex 12.1021 1.59144 2
    endloop
  endfacet
  facet normal 0 0 1
    outer loop
      vertex 12.487 -2.48103 2
      vertex 1.44418 -22.9546 2
      vertex 2.88266 -22.8186 2
    endloop
  endfacet
  facet normal -0 0 1
    outer loop
      vertex -8.46686 21.3849 2
      vertex 12.1021 1.59144 2
      vertex -7.10739 21.8743 2
    endloop
  endfacet
  facet normal 0 0 1
    outer loop
      vertex 12.487 -2.48103 2
      vertex 0 -23 2
      vertex 1.44418 -22.9546 2
    endloop
  endfacet
  facet normal -0 0 1
    outer loop
      vertex -9.79292 20.811 2
      vertex 12.1021 1.59144 2
      vertex -8.46686 21.3849 2
    endloop
  endfacet
  facet normal 0 0 1
    outer loop
      vertex 12.3401 -2.19276 2
      vertex -1.44418 -22.9546 2
      vertex 0 -23 2
    endloop
  endfacet
  facet normal -0 0 1
    outer loop
      vertex -11.0803 20.1551 2
      vertex 12.1021 1.59144 2
      vertex -9.79292 20.811 2
    endloop
  endfacet
  facet normal 0 0 1
    outer loop
      vertex 12.3401 -2.19276 2
      vertex -2.88266 -22.8186 2
      vertex -1.44418 -22.9546 2
    endloop
  endfacet
  facet normal 0 0 1
    outer loop
      vertex 12.1021 1.59144 2
      vertex -11.0803 20.1551 2
      vertex 12.0118 1.28075 2
    endloop
  endfacet
  facet normal 0 0 1
    outer loop
      vertex 12.2117 -1.89584 2
      vertex -4.30977 -22.5926 2
      vertex -2.88266 -22.8186 2
    endloop
  endfacet
  facet normal -0 0 1
    outer loop
      vertex -12.324 19.4195 2
      vertex 12.0118 1.28075 2
      vertex -11.0803 20.1551 2
    endloop
  endfacet
  facet normal 0 0 1
    outer loop
      vertex 12.2117 -1.89584 2
      vertex -5.71987 -22.2774 2
      vertex -4.30977 -22.5926 2
    endloop
  endfacet
  facet normal -0 0 1
    outer loop
      vertex -13.5191 18.6074 2
      vertex 12.0118 1.28075 2
      vertex -12.324 19.4195 2
    endloop
  endfacet
  facet normal 0 0 1
    outer loop
      vertex 12.2117 -1.89584 2
      vertex -7.10739 -21.8743 2
      vertex -5.71987 -22.2774 2
    endloop
  endfacet
  facet normal -0 0 1
    outer loop
      vertex -14.6608 17.7218 2
      vertex 12.0118 1.28075 2
      vertex -13.5191 18.6074 2
    endloop
  endfacet
  facet normal 0 0 1
    outer loop
      vertex 12.1021 -1.59144 2
      vertex -8.46686 -21.3849 2
      vertex -7.10739 -21.8743 2
    endloop
  endfacet
  facet normal 0 0 1
    outer loop
      vertex 12.0118 1.28075 2
      vertex -14.6608 17.7218 2
      vertex 11.9412 0.965014 2
    endloop
  endfacet
  facet normal 0 0 1
    outer loop
      vertex 12.1021 -1.59144 2
      vertex -9.79292 -20.811 2
      vertex -8.46686 -21.3849 2
    endloop
  endfacet
  facet normal -0 0 1
    outer loop
      vertex -15.7446 16.7663 2
      vertex 11.9412 0.965014 2
      vertex -14.6608 17.7218 2
    endloop
  endfacet
  facet normal 0 0 1
    outer loop
      vertex 12.1021 -1.59144 2
      vertex -11.0803 -20.1551 2
      vertex -9.79292 -20.811 2
    endloop
  endfacet
  facet normal -0 0 1
    outer loop
      vertex -16.7663 15.7446 2
      vertex 11.9412 0.965014 2
      vertex -15.7446 16.7663 2
    endloop
  endfacet
  facet normal 0 0 1
    outer loop
      vertex 12.0118 -1.28075 2
      vertex -12.324 -19.4195 2
      vertex -11.0803 -20.1551 2
    endloop
  endfacet
  facet normal -0 0 1
    outer loop
      vertex -17.7218 14.6608 2
      vertex 11.9412 0.965014 2
      vertex -16.7663 15.7446 2
    endloop
  endfacet
  facet normal 0 0 1
    outer loop
      vertex 12.0118 -1.28075 2
      vertex -13.5191 -18.6074 2
      vertex -12.324 -19.4195 2
    endloop
  endfacet
  facet normal -0 0 1
    outer loop
      vertex -18.6074 13.5191 2
      vertex 11.9412 0.965014 2
      vertex -17.7218 14.6608 2
    endloop
  endfacet
  facet normal 0 0 1
    outer loop
      vertex 12.0118 -1.28075 2
      vertex -14.6608 -17.7218 2
      vertex -13.5191 -18.6074 2
    endloop
  endfacet
  facet normal 0 0 1
    outer loop
      vertex 11.9412 0.965014 2
      vertex -18.6074 13.5191 2
      vertex 11.8906 0.645466 2
    endloop
  endfacet
  facet normal 0 0 1
    outer loop
      vertex 11.9412 -0.965014 2
      vertex -15.7446 -16.7663 2
      vertex -14.6608 -17.7218 2
    endloop
  endfacet
  facet normal -0 0 1
    outer loop
      vertex -19.4195 12.324 2
      vertex 11.8906 0.645466 2
      vertex -18.6074 13.5191 2
    endloop
  endfacet
  facet normal 0 0 1
    outer loop
      vertex 11.9412 -0.965014 2
      vertex -16.7663 -15.7446 2
      vertex -15.7446 -16.7663 2
    endloop
  endfacet
  facet normal -0 0 1
    outer loop
      vertex -20.1551 11.0803 2
      vertex 11.8906 0.645466 2
      vertex -19.4195 12.324 2
    endloop
  endfacet
  facet normal 0 0 1
    outer loop
      vertex 11.9412 -0.965014 2
      vertex -17.7218 -14.6608 2
      vertex -16.7663 -15.7446 2
    endloop
  endfacet
  facet normal -0 0 1
    outer loop
      vertex -20.811 9.79292 2
      vertex 11.8906 0.645466 2
      vertex -20.1551 11.0803 2
    endloop
  endfacet
  facet normal 0 0 1
    outer loop
      vertex 11.9412 -0.965014 2
      vertex -18.6074 -13.5191 2
      vertex -17.7218 -14.6608 2
    endloop
  endfacet
  facet normal -0 0 1
    outer loop
      vertex -21.3849 8.46686 2
      vertex 11.8906 0.645466 2
      vertex -20.811 9.79292 2
    endloop
  endfacet
  facet normal 0 0 1
    outer loop
      vertex 11.8906 -0.645466 2
      vertex -19.4195 -12.324 2
      vertex -18.6074 -13.5191 2
    endloop
  endfacet
  facet normal 0 0 1
    outer loop
      vertex 11.8906 0.645466 2
      vertex -21.3849 8.46686 2
      vertex 11.8602 0.323371 2
    endloop
  endfacet
  facet normal 0 0 1
    outer loop
      vertex 11.8906 -0.645466 2
      vertex -20.1551 -11.0803 2
      vertex -19.4195 -12.324 2
    endloop
  endfacet
  facet normal -0 0 1
    outer loop
      vertex -21.8743 7.10739 2
      vertex 11.8602 0.323371 2
      vertex -21.3849 8.46686 2
    endloop
  endfacet
  facet normal 0 0 1
    outer loop
      vertex 11.8906 -0.645466 2
      vertex -20.811 -9.79292 2
      vertex -20.1551 -11.0803 2
    endloop
  endfacet
  facet normal -0 0 1
    outer loop
      vertex -22.2774 5.71987 2
      vertex 11.8602 0.323371 2
      vertex -21.8743 7.10739 2
    endloop
  endfacet
  facet normal 0 0 1
    outer loop
      vertex 11.8906 -0.645466 2
      vertex -21.3849 -8.46686 2
      vertex -20.811 -9.79292 2
    endloop
  endfacet
  facet normal -0 0 1
    outer loop
      vertex -22.5926 4.30977 2
      vertex 11.8602 0.323371 2
      vertex -22.2774 5.71987 2
    endloop
  endfacet
  facet normal 0 0 1
    outer loop
      vertex 11.8602 -0.323371 2
      vertex -21.8743 -7.10739 2
      vertex -21.3849 -8.46686 2
    endloop
  endfacet
  facet normal 0 0 1
    outer loop
      vertex 11.8602 0.323371 2
      vertex -22.5926 4.30977 2
      vertex 11.85 0 2
    endloop
  endfacet
  facet normal 0 0 1
    outer loop
      vertex 11.8602 -0.323371 2
      vertex -22.2774 -5.71987 2
      vertex -21.8743 -7.10739 2
    endloop
  endfacet
  facet normal -0 0 1
    outer loop
      vertex -22.8186 2.88266 2
      vertex 11.85 0 2
      vertex -22.5926 4.30977 2
    endloop
  endfacet
  facet normal 0 0 1
    outer loop
      vertex 11.8602 -0.323371 2
      vertex -22.5926 -4.30977 2
      vertex -22.2774 -5.71987 2
    endloop
  endfacet
  facet normal -0 0 1
    outer loop
      vertex -22.9546 1.44418 2
      vertex 11.85 0 2
      vertex -22.8186 2.88266 2
    endloop
  endfacet
  facet normal 0 0 1
    outer loop
      vertex 11.85 0 2
      vertex -22.8186 -2.88266 2
      vertex -22.5926 -4.30977 2
    endloop
  endfacet
  facet normal 0 0 1
    outer loop
      vertex -23 0 2
      vertex 11.85 0 2
      vertex -22.9546 1.44418 2
    endloop
  endfacet
  facet normal 0 0 1
    outer loop
      vertex 11.85 0 2
      vertex -22.9546 -1.44418 2
      vertex -22.8186 -2.88266 2
    endloop
  endfacet
  facet normal 0 0 1
    outer loop
      vertex 11.85 0 2
      vertex -23 0 2
      vertex -22.9546 -1.44418 2
    endloop
  endfacet
  facet normal 0.99556 -0.0941245 0
    outer loop
      vertex -22.9546 1.44418 6
      vertex -22.8186 2.88266 2
      vertex -22.8186 2.88266 6
    endloop
  endfacet
  facet normal 0.99556 -0.0941245 0
    outer loop
      vertex -22.8186 2.88266 2
      vertex -22.9546 1.44418 6
      vertex -22.9546 1.44418 2
    endloop
  endfacet
  facet normal 0.917739 -0.397184 0
    outer loop
      vertex -21.3849 8.46686 6
      vertex -20.811 9.79292 2
      vertex -20.811 9.79292 6
    endloop
  endfacet
  facet normal 0.917739 -0.397184 0
    outer loop
      vertex -20.811 9.79292 2
      vertex -21.3849 8.46686 6
      vertex -21.3849 8.46686 2
    endloop
  endfacet
  facet normal 0.453961 0.891021 -0
    outer loop
      vertex -9.79292 -20.811 2
      vertex -11.0803 -20.1551 6
      vertex -9.79292 -20.811 6
    endloop
  endfacet
  facet normal 0.453961 0.891021 0
    outer loop
      vertex -11.0803 -20.1551 6
      vertex -9.79292 -20.811 2
      vertex -11.0803 -20.1551 2
    endloop
  endfacet
  facet normal 0.891021 0.453961 0
    outer loop
      vertex -20.1551 -11.0803 6
      vertex -20.811 -9.79292 2
      vertex -20.811 -9.79292 6
    endloop
  endfacet
  facet normal 0.891021 0.453961 0
    outer loop
      vertex -20.811 -9.79292 2
      vertex -20.1551 -11.0803 6
      vertex -20.1551 -11.0803 2
    endloop
  endfacet
  facet normal 0.917739 0.397184 0
    outer loop
      vertex -20.811 -9.79292 6
      vertex -21.3849 -8.46686 2
      vertex -21.3849 -8.46686 6
    endloop
  endfacet
  facet normal 0.917739 0.397184 0
    outer loop
      vertex -21.3849 -8.46686 2
      vertex -20.811 -9.79292 6
      vertex -20.811 -9.79292 2
    endloop
  endfacet
  facet normal -0.995576 -0.0939645 0
    outer loop
      vertex 22.1398 0.323371 0
      vertex 22.1094 0.645466 2
      vertex 22.1094 0.645466 0
    endloop
  endfacet
  facet normal -0.995576 -0.0939645 0
    outer loop
      vertex 22.1094 0.645466 2
      vertex 22.1398 0.323371 0
      vertex 22.1398 0.323371 2
    endloop
  endfacet
  facet normal -0.999503 -0.031527 0
    outer loop
      vertex 22.15 0 0
      vertex 22.1398 0.323371 2
      vertex 22.1398 0.323371 0
    endloop
  endfacet
  facet normal -0.999503 -0.031527 0
    outer loop
      vertex 22.1398 0.323371 2
      vertex 22.15 0 0
      vertex 22.15 0 2
    endloop
  endfacet
  facet normal 0.860732 0.509058 0
    outer loop
      vertex 12.6517 -2.75951 2
      vertex 12.487 -2.48103 0
      vertex 12.487 -2.48103 2
    endloop
  endfacet
  facet normal 0.860732 0.509058 0
    outer loop
      vertex 12.487 -2.48103 0
      vertex 12.6517 -2.75951 2
      vertex 12.6517 -2.75951 0
    endloop
  endfacet
  facet normal -0.750203 0.661207 0
    outer loop
      vertex 20.7542 -3.52542 0
      vertex 20.9681 -3.28273 2
      vertex 20.9681 -3.28273 0
    endloop
  endfacet
  facet normal -0.750203 0.661207 0
    outer loop
      vertex 20.9681 -3.28273 2
      vertex 20.7542 -3.52542 0
      vertex 20.7542 -3.52542 2
    endloop
  endfacet
  facet normal 0.156453 -0.987685 0
    outer loop
      vertex 16.035 5.05878 0
      vertex 16.3545 5.10939 2
      vertex 16.035 5.05878 2
    endloop
  endfacet
  facet normal 0.156453 -0.987685 0
    outer loop
      vertex 16.3545 5.10939 2
      vertex 16.035 5.05878 0
      vertex 16.3545 5.10939 0
    endloop
  endfacet
  facet normal 0.0941162 -0.995561 0
    outer loop
      vertex 16.3545 5.10939 0
      vertex 16.6766 5.13984 2
      vertex 16.3545 5.10939 2
    endloop
  endfacet
  facet normal 0.0941162 -0.995561 0
    outer loop
      vertex 16.6766 5.13984 2
      vertex 16.3545 5.10939 0
      vertex 16.6766 5.13984 0
    endloop
  endfacet
  facet normal 0.827005 -0.562195 0
    outer loop
      vertex 12.6517 2.75951 2
      vertex 12.8336 3.02709 0
      vertex 12.8336 3.02709 2
    endloop
  endfacet
  facet normal 0.827005 -0.562195 0
    outer loop
      vertex 12.8336 3.02709 0
      vertex 12.6517 2.75951 2
      vertex 12.6517 2.75951 0
    endloop
  endfacet
  facet normal -0.0941162 0.995561 0
    outer loop
      vertex 17.6455 -5.10939 0
      vertex 17.3234 -5.13984 2
      vertex 17.6455 -5.10939 2
    endloop
  endfacet
  facet normal -0.0941162 0.995561 0
    outer loop
      vertex 17.3234 -5.13984 2
      vertex 17.6455 -5.10939 0
      vertex 17.3234 -5.13984 0
    endloop
  endfacet
  facet normal 0.0941162 0.995561 -0
    outer loop
      vertex 16.6766 -5.13984 0
      vertex 16.3545 -5.10939 2
      vertex 16.6766 -5.13984 2
    endloop
  endfacet
  facet normal 0.0941162 0.995561 0
    outer loop
      vertex 16.3545 -5.10939 2
      vertex 16.6766 -5.13984 0
      vertex 16.3545 -5.10939 0
    endloop
  endfacet
  facet normal 0.70706 -0.707153 0
    outer loop
      vertex 13.2458 3.52542 2
      vertex 13.4746 3.75419 0
      vertex 13.4746 3.75419 2
    endloop
  endfacet
  facet normal 0.70706 -0.707153 0
    outer loop
      vertex 13.4746 3.75419 0
      vertex 13.2458 3.52542 2
      vertex 13.2458 3.52542 0
    endloop
  endfacet
  facet normal 0.0314007 -0.999507 0
    outer loop
      vertex 16.6766 5.13984 0
      vertex 17 5.15 2
      vertex 16.6766 5.13984 2
    endloop
  endfacet
  facet normal 0.0314007 -0.999507 0
    outer loop
      vertex 17 5.15 2
      vertex 16.6766 5.13984 0
      vertex 17 5.15 0
    endloop
  endfacet
  facet normal 0.987694 -0.1564 0
    outer loop
      vertex 11.8906 0.645466 2
      vertex 11.9412 0.965014 0
      vertex 11.9412 0.965014 2
    endloop
  endfacet
  facet normal 0.987694 -0.1564 0
    outer loop
      vertex 11.9412 0.965014 0
      vertex 11.8906 0.645466 2
      vertex 11.8906 0.645466 0
    endloop
  endfacet
  facet normal -0.999503 0.031527 0
    outer loop
      vertex 22.1398 -0.323371 0
      vertex 22.15 0 2
      vertex 22.15 0 0
    endloop
  endfacet
  facet normal -0.999503 0.031527 0
    outer loop
      vertex 22.15 0 2
      vertex 22.1398 -0.323371 0
      vertex 22.1398 -0.323371 2
    endloop
  endfacet
  facet normal -0.612977 -0.790101 0
    outer loop
      vertex 20.0271 4.16644 0
      vertex 20.2827 3.96814 2
      vertex 20.0271 4.16644 2
    endloop
  endfacet
  facet normal -0.612977 -0.790101 -0
    outer loop
      vertex 20.2827 3.96814 2
      vertex 20.0271 4.16644 0
      vertex 20.2827 3.96814 0
    endloop
  endfacet
  facet normal 0.156453 0.987685 -0
    outer loop
      vertex 16.3545 -5.10939 0
      vertex 16.035 -5.05878 2
      vertex 16.3545 -5.10939 2
    endloop
  endfacet
  facet normal 0.156453 0.987685 0
    outer loop
      vertex 16.035 -5.05878 2
      vertex 16.3545 -5.10939 0
      vertex 16.035 -5.05878 0
    endloop
  endfacet
  facet normal 0.790147 0.612917 0
    outer loop
      vertex 13.0319 -3.28273 2
      vertex 12.8336 -3.02709 0
      vertex 12.8336 -3.02709 2
    endloop
  endfacet
  facet normal 0.790147 0.612917 0
    outer loop
      vertex 12.8336 -3.02709 0
      vertex 13.0319 -3.28273 2
      vertex 13.0319 -3.28273 0
    endloop
  endfacet
  facet normal 0.917855 -0.396917 0
    outer loop
      vertex 12.2117 1.89584 2
      vertex 12.3401 2.19276 0
      vertex 12.3401 2.19276 2
    endloop
  endfacet
  facet normal 0.917855 -0.396917 0
    outer loop
      vertex 12.3401 2.19276 0
      vertex 12.2117 1.89584 2
      vertex 12.2117 1.89584 0
    endloop
  endfacet
  facet normal -0.860732 -0.509058 0
    outer loop
      vertex 21.513 2.48103 0
      vertex 21.3483 2.75951 2
      vertex 21.3483 2.75951 0
    endloop
  endfacet
  facet normal -0.860732 -0.509058 0
    outer loop
      vertex 21.3483 2.75951 2
      vertex 21.513 2.48103 0
      vertex 21.513 2.48103 2
    endloop
  endfacet
  facet normal -0.860732 0.509058 0
    outer loop
      vertex 21.3483 -2.75951 0
      vertex 21.513 -2.48103 2
      vertex 21.513 -2.48103 0
    endloop
  endfacet
  facet normal -0.860732 0.509058 0
    outer loop
      vertex 21.513 -2.48103 2
      vertex 21.3483 -2.75951 0
      vertex 21.3483 -2.75951 2
    endloop
  endfacet
  facet normal -0.0314007 0.999507 0
    outer loop
      vertex 17.3234 -5.13984 0
      vertex 17 -5.15 2
      vertex 17.3234 -5.13984 2
    endloop
  endfacet
  facet normal -0.0314007 0.999507 0
    outer loop
      vertex 17 -5.15 2
      vertex 17.3234 -5.13984 0
      vertex 17 -5.15 0
    endloop
  endfacet
  facet normal 0.999503 0.031527 0
    outer loop
      vertex 11.8602 -0.323371 2
      vertex 11.85 0 0
      vertex 11.85 0 2
    endloop
  endfacet
  facet normal 0.999503 0.031527 0
    outer loop
      vertex 11.85 0 0
      vertex 11.8602 -0.323371 2
      vertex 11.8602 -0.323371 0
    endloop
  endfacet
  facet normal -0.562061 -0.827096 0
    outer loop
      vertex 19.7595 4.34829 0
      vertex 20.0271 4.16644 2
      vertex 19.7595 4.34829 2
    endloop
  endfacet
  facet normal -0.562061 -0.827096 -0
    outer loop
      vertex 20.0271 4.16644 2
      vertex 19.7595 4.34829 0
      vertex 20.0271 4.16644 0
    endloop
  endfacet
  facet normal -0.987694 0.1564 0
    outer loop
      vertex 22.0588 -0.965014 0
      vertex 22.1094 -0.645466 2
      vertex 22.1094 -0.645466 0
    endloop
  endfacet
  facet normal -0.987694 0.1564 0
    outer loop
      vertex 22.1094 -0.645466 2
      vertex 22.0588 -0.965014 0
      vertex 22.0588 -0.965014 2
    endloop
  endfacet
  facet normal -0.218115 0.975923 0
    outer loop
      vertex 18.2808 -4.9882 0
      vertex 17.965 -5.05878 2
      vertex 18.2808 -4.9882 2
    endloop
  endfacet
  facet normal -0.218115 0.975923 0
    outer loop
      vertex 17.965 -5.05878 2
      vertex 18.2808 -4.9882 0
      vertex 17.965 -5.05878 0
    endloop
  endfacet
  facet normal -0.975901 -0.218216 0
    outer loop
      vertex 22.0588 0.965014 0
      vertex 21.9882 1.28075 2
      vertex 21.9882 1.28075 0
    endloop
  endfacet
  facet normal -0.975901 -0.218216 0
    outer loop
      vertex 21.9882 1.28075 2
      vertex 22.0588 0.965014 0
      vertex 22.0588 0.965014 2
    endloop
  endfacet
  facet normal -0.279055 0.960275 0
    outer loop
      vertex 18.5914 -4.89794 0
      vertex 18.2808 -4.9882 2
      vertex 18.5914 -4.89794 2
    endloop
  endfacet
  facet normal -0.279055 0.960275 0
    outer loop
      vertex 18.2808 -4.9882 2
      vertex 18.5914 -4.89794 0
      vertex 18.2808 -4.9882 0
    endloop
  endfacet
  facet normal 0.70706 0.707153 0
    outer loop
      vertex 13.4746 -3.75419 2
      vertex 13.2458 -3.52542 0
      vertex 13.2458 -3.52542 2
    endloop
  endfacet
  facet normal 0.70706 0.707153 0
    outer loop
      vertex 13.2458 -3.52542 0
      vertex 13.4746 -3.75419 2
      vertex 13.4746 -3.75419 0
    endloop
  endfacet
  facet normal -0.562061 0.827096 0
    outer loop
      vertex 20.0271 -4.16644 0
      vertex 19.7595 -4.34829 2
      vertex 20.0271 -4.16644 2
    endloop
  endfacet
  facet normal -0.562061 0.827096 0
    outer loop
      vertex 19.7595 -4.34829 2
      vertex 20.0271 -4.16644 0
      vertex 19.7595 -4.34829 0
    endloop
  endfacet
  facet normal 0.860732 -0.509058 0
    outer loop
      vertex 12.487 2.48103 2
      vertex 12.6517 2.75951 0
      vertex 12.6517 2.75951 2
    endloop
  endfacet
  facet normal 0.860732 -0.509058 0
    outer loop
      vertex 12.6517 2.75951 0
      vertex 12.487 2.48103 2
      vertex 12.487 2.48103 0
    endloop
  endfacet
  facet normal 0.917855 0.396917 0
    outer loop
      vertex 12.3401 -2.19276 2
      vertex 12.2117 -1.89584 0
      vertex 12.2117 -1.89584 2
    endloop
  endfacet
  facet normal 0.917855 0.396917 0
    outer loop
      vertex 12.2117 -1.89584 0
      vertex 12.3401 -2.19276 2
      vertex 12.3401 -2.19276 0
    endloop
  endfacet
  facet normal 0.218115 0.975923 -0
    outer loop
      vertex 16.035 -5.05878 0
      vertex 15.7192 -4.9882 2
      vertex 16.035 -5.05878 2
    endloop
  endfacet
  facet normal 0.218115 0.975923 0
    outer loop
      vertex 15.7192 -4.9882 2
      vertex 16.035 -5.05878 0
      vertex 15.7192 -4.9882 0
    endloop
  endfacet
  facet normal -0.890983 -0.454037 0
    outer loop
      vertex 21.6599 2.19276 0
      vertex 21.513 2.48103 2
      vertex 21.513 2.48103 0
    endloop
  endfacet
  facet normal -0.890983 -0.454037 0
    outer loop
      vertex 21.513 2.48103 2
      vertex 21.6599 2.19276 0
      vertex 21.6599 2.19276 2
    endloop
  endfacet
  facet normal 0.960264 -0.279094 0
    outer loop
      vertex 12.0118 1.28075 2
      vertex 12.1021 1.59144 0
      vertex 12.1021 1.59144 2
    endloop
  endfacet
  facet normal 0.960264 -0.279094 0
    outer loop
      vertex 12.1021 1.59144 0
      vertex 12.0118 1.28075 2
      vertex 12.0118 1.28075 0
    endloop
  endfacet
  facet normal 0.987694 0.1564 0
    outer loop
      vertex 11.9412 -0.965014 2
      vertex 11.8906 -0.645466 0
      vertex 11.8906 -0.645466 2
    endloop
  endfacet
  facet normal 0.987694 0.1564 0
    outer loop
      vertex 11.8906 -0.645466 0
      vertex 11.9412 -0.965014 2
      vertex 11.9412 -0.965014 0
    endloop
  endfacet
  facet normal -0.960264 0.279094 0
    outer loop
      vertex 21.8979 -1.59144 0
      vertex 21.9882 -1.28075 2
      vertex 21.9882 -1.28075 0
    endloop
  endfacet
  facet normal -0.960264 0.279094 0
    outer loop
      vertex 21.9882 -1.28075 2
      vertex 21.8979 -1.59144 0
      vertex 21.8979 -1.59144 2
    endloop
  endfacet
  facet normal 0.397061 -0.917792 0
    outer loop
      vertex 14.8072 4.65986 0
      vertex 15.1042 4.78835 2
      vertex 14.8072 4.65986 2
    endloop
  endfacet
  facet normal 0.397061 -0.917792 0
    outer loop
      vertex 15.1042 4.78835 2
      vertex 14.8072 4.65986 0
      vertex 15.1042 4.78835 0
    endloop
  endfacet
  facet normal 0.790147 -0.612917 0
    outer loop
      vertex 12.8336 3.02709 2
      vertex 13.0319 3.28273 0
      vertex 13.0319 3.28273 2
    endloop
  endfacet
  facet normal 0.790147 -0.612917 0
    outer loop
      vertex 13.0319 3.28273 0
      vertex 12.8336 3.02709 2
      vertex 12.8336 3.02709 0
    endloop
  endfacet
  facet normal -0.454076 -0.890963 0
    outer loop
      vertex 19.1928 4.65986 0
      vertex 19.481 4.51298 2
      vertex 19.1928 4.65986 2
    endloop
  endfacet
  facet normal -0.454076 -0.890963 -0
    outer loop
      vertex 19.481 4.51298 2
      vertex 19.1928 4.65986 0
      vertex 19.481 4.51298 0
    endloop
  endfacet
  facet normal -0.827005 0.562195 0
    outer loop
      vertex 21.1664 -3.02709 0
      vertex 21.3483 -2.75951 2
      vertex 21.3483 -2.75951 0
    endloop
  endfacet
  facet normal -0.827005 0.562195 0
    outer loop
      vertex 21.3483 -2.75951 2
      vertex 21.1664 -3.02709 0
      vertex 21.1664 -3.02709 2
    endloop
  endfacet
  facet normal 0.0314007 0.999507 -0
    outer loop
      vertex 17 -5.15 0
      vertex 16.6766 -5.13984 2
      vertex 17 -5.15 2
    endloop
  endfacet
  facet normal 0.0314007 0.999507 0
    outer loop
      vertex 16.6766 -5.13984 2
      vertex 17 -5.15 0
      vertex 16.6766 -5.13984 0
    endloop
  endfacet
  facet normal 0.940872 -0.338763 0
    outer loop
      vertex 12.1021 1.59144 2
      vertex 12.2117 1.89584 0
      vertex 12.2117 1.89584 2
    endloop
  endfacet
  facet normal 0.940872 -0.338763 0
    outer loop
      vertex 12.2117 1.89584 0
      vertex 12.1021 1.59144 2
      vertex 12.1021 1.59144 0
    endloop
  endfacet
  facet normal -0.397061 -0.917792 0
    outer loop
      vertex 18.8958 4.78835 0
      vertex 19.1928 4.65986 2
      vertex 18.8958 4.78835 2
    endloop
  endfacet
  facet normal -0.397061 -0.917792 -0
    outer loop
      vertex 19.1928 4.65986 2
      vertex 18.8958 4.78835 0
      vertex 19.1928 4.65986 0
    endloop
  endfacet
  facet normal -0.827005 -0.562195 0
    outer loop
      vertex 21.3483 2.75951 0
      vertex 21.1664 3.02709 2
      vertex 21.1664 3.02709 0
    endloop
  endfacet
  facet normal -0.827005 -0.562195 0
    outer loop
      vertex 21.1664 3.02709 2
      vertex 21.3483 2.75951 0
      vertex 21.3483 2.75951 2
    endloop
  endfacet
  facet normal 0.338736 -0.940882 0
    outer loop
      vertex 15.1042 4.78835 0
      vertex 15.4086 4.89794 2
      vertex 15.1042 4.78835 2
    endloop
  endfacet
  facet normal 0.338736 -0.940882 0
    outer loop
      vertex 15.4086 4.89794 2
      vertex 15.1042 4.78835 0
      vertex 15.4086 4.89794 0
    endloop
  endfacet
  facet normal -0.995576 0.0939645 0
    outer loop
      vertex 22.1094 -0.645466 0
      vertex 22.1398 -0.323371 2
      vertex 22.1398 -0.323371 0
    endloop
  endfacet
  facet normal -0.995576 0.0939645 0
    outer loop
      vertex 22.1398 -0.323371 2
      vertex 22.1094 -0.645466 0
      vertex 22.1094 -0.645466 2
    endloop
  endfacet
  facet normal -0.960264 -0.279094 0
    outer loop
      vertex 21.9882 1.28075 0
      vertex 21.8979 1.59144 2
      vertex 21.8979 1.59144 0
    endloop
  endfacet
  facet normal -0.960264 -0.279094 0
    outer loop
      vertex 21.8979 1.59144 2
      vertex 21.9882 1.28075 0
      vertex 21.9882 1.28075 2
    endloop
  endfacet
  facet normal -0.279055 -0.960275 0
    outer loop
      vertex 18.2808 4.9882 0
      vertex 18.5914 4.89794 2
      vertex 18.2808 4.9882 2
    endloop
  endfacet
  facet normal -0.279055 -0.960275 -0
    outer loop
      vertex 18.5914 4.89794 2
      vertex 18.2808 4.9882 0
      vertex 18.5914 4.89794 0
    endloop
  endfacet
  facet normal -0.790147 0.612917 0
    outer loop
      vertex 20.9681 -3.28273 0
      vertex 21.1664 -3.02709 2
      vertex 21.1664 -3.02709 0
    endloop
  endfacet
  facet normal -0.790147 0.612917 0
    outer loop
      vertex 21.1664 -3.02709 2
      vertex 20.9681 -3.28273 0
      vertex 20.9681 -3.28273 2
    endloop
  endfacet
  facet normal -0.917855 -0.396917 0
    outer loop
      vertex 21.7883 1.89584 0
      vertex 21.6599 2.19276 2
      vertex 21.6599 2.19276 0
    endloop
  endfacet
  facet normal -0.917855 -0.396917 0
    outer loop
      vertex 21.6599 2.19276 2
      vertex 21.7883 1.89584 0
      vertex 21.7883 1.89584 2
    endloop
  endfacet
  facet normal 0.750203 0.661207 0
    outer loop
      vertex 13.2458 -3.52542 2
      vertex 13.0319 -3.28273 0
      vertex 13.0319 -3.28273 2
    endloop
  endfacet
  facet normal 0.750203 0.661207 0
    outer loop
      vertex 13.0319 -3.28273 0
      vertex 13.2458 -3.52542 2
      vertex 13.2458 -3.52542 0
    endloop
  endfacet
  facet normal 0.397061 0.917792 -0
    outer loop
      vertex 15.1042 -4.78835 0
      vertex 14.8072 -4.65986 2
      vertex 15.1042 -4.78835 2
    endloop
  endfacet
  facet normal 0.397061 0.917792 0
    outer loop
      vertex 14.8072 -4.65986 2
      vertex 15.1042 -4.78835 0
      vertex 14.8072 -4.65986 0
    endloop
  endfacet
  facet normal 0.661279 0.75014 -0
    outer loop
      vertex 13.7173 -3.96814 0
      vertex 13.4746 -3.75419 2
      vertex 13.7173 -3.96814 2
    endloop
  endfacet
  facet normal 0.661279 0.75014 0
    outer loop
      vertex 13.4746 -3.75419 2
      vertex 13.7173 -3.96814 0
      vertex 13.4746 -3.75419 0
    endloop
  endfacet
  facet normal 0.890983 0.454037 0
    outer loop
      vertex 12.487 -2.48103 2
      vertex 12.3401 -2.19276 0
      vertex 12.3401 -2.19276 2
    endloop
  endfacet
  facet normal 0.890983 0.454037 0
    outer loop
      vertex 12.3401 -2.19276 0
      vertex 12.487 -2.48103 2
      vertex 12.487 -2.48103 0
    endloop
  endfacet
  facet normal 0.279055 -0.960275 0
    outer loop
      vertex 15.4086 4.89794 0
      vertex 15.7192 4.9882 2
      vertex 15.4086 4.89794 2
    endloop
  endfacet
  facet normal 0.279055 -0.960275 0
    outer loop
      vertex 15.7192 4.9882 2
      vertex 15.4086 4.89794 0
      vertex 15.7192 4.9882 0
    endloop
  endfacet
  facet normal 0.827005 0.562195 0
    outer loop
      vertex 12.8336 -3.02709 2
      vertex 12.6517 -2.75951 0
      vertex 12.6517 -2.75951 2
    endloop
  endfacet
  facet normal 0.827005 0.562195 0
    outer loop
      vertex 12.6517 -2.75951 0
      vertex 12.8336 -3.02709 2
      vertex 12.8336 -3.02709 0
    endloop
  endfacet
  facet normal 0.975901 0.218216 0
    outer loop
      vertex 12.0118 -1.28075 2
      vertex 11.9412 -0.965014 0
      vertex 11.9412 -0.965014 2
    endloop
  endfacet
  facet normal 0.975901 0.218216 0
    outer loop
      vertex 11.9412 -0.965014 0
      vertex 12.0118 -1.28075 2
      vertex 12.0118 -1.28075 0
    endloop
  endfacet
  facet normal -0.0941162 -0.995561 0
    outer loop
      vertex 17.3234 5.13984 0
      vertex 17.6455 5.10939 2
      vertex 17.3234 5.13984 2
    endloop
  endfacet
  facet normal -0.0941162 -0.995561 -0
    outer loop
      vertex 17.6455 5.10939 2
      vertex 17.3234 5.13984 0
      vertex 17.6455 5.10939 0
    endloop
  endfacet
  facet normal -0.338736 -0.940882 0
    outer loop
      vertex 18.5914 4.89794 0
      vertex 18.8958 4.78835 2
      vertex 18.5914 4.89794 2
    endloop
  endfacet
  facet normal -0.338736 -0.940882 -0
    outer loop
      vertex 18.8958 4.78835 2
      vertex 18.5914 4.89794 0
      vertex 18.8958 4.78835 0
    endloop
  endfacet
  facet normal 0.940872 0.338763 0
    outer loop
      vertex 12.2117 -1.89584 2
      vertex 12.1021 -1.59144 0
      vertex 12.1021 -1.59144 2
    endloop
  endfacet
  facet normal 0.940872 0.338763 0
    outer loop
      vertex 12.1021 -1.59144 0
      vertex 12.2117 -1.89584 2
      vertex 12.2117 -1.89584 0
    endloop
  endfacet
  facet normal 0.960264 0.279094 0
    outer loop
      vertex 12.1021 -1.59144 2
      vertex 12.0118 -1.28075 0
      vertex 12.0118 -1.28075 2
    endloop
  endfacet
  facet normal 0.960264 0.279094 0
    outer loop
      vertex 12.0118 -1.28075 0
      vertex 12.1021 -1.59144 2
      vertex 12.1021 -1.59144 0
    endloop
  endfacet
  facet normal -0.790147 -0.612917 0
    outer loop
      vertex 21.1664 3.02709 0
      vertex 20.9681 3.28273 2
      vertex 20.9681 3.28273 0
    endloop
  endfacet
  facet normal -0.790147 -0.612917 0
    outer loop
      vertex 20.9681 3.28273 2
      vertex 21.1664 3.02709 0
      vertex 21.1664 3.02709 2
    endloop
  endfacet
  facet normal -0.890983 0.454037 0
    outer loop
      vertex 21.513 -2.48103 0
      vertex 21.6599 -2.19276 2
      vertex 21.6599 -2.19276 0
    endloop
  endfacet
  facet normal -0.890983 0.454037 0
    outer loop
      vertex 21.6599 -2.19276 2
      vertex 21.513 -2.48103 0
      vertex 21.513 -2.48103 2
    endloop
  endfacet
  facet normal -0.509008 -0.860762 0
    outer loop
      vertex 19.481 4.51298 0
      vertex 19.7595 4.34829 2
      vertex 19.481 4.51298 2
    endloop
  endfacet
  facet normal -0.509008 -0.860762 -0
    outer loop
      vertex 19.7595 4.34829 2
      vertex 19.481 4.51298 0
      vertex 19.7595 4.34829 0
    endloop
  endfacet
  facet normal -0.70706 -0.707153 0
    outer loop
      vertex 20.5254 3.75419 0
      vertex 20.7542 3.52542 2
      vertex 20.5254 3.75419 2
    endloop
  endfacet
  facet normal -0.70706 -0.707153 -0
    outer loop
      vertex 20.7542 3.52542 2
      vertex 20.5254 3.75419 0
      vertex 20.7542 3.52542 0
    endloop
  endfacet
  facet normal 0.218115 -0.975923 0
    outer loop
      vertex 15.7192 4.9882 0
      vertex 16.035 5.05878 2
      vertex 15.7192 4.9882 2
    endloop
  endfacet
  facet normal 0.218115 -0.975923 0
    outer loop
      vertex 16.035 5.05878 2
      vertex 15.7192 4.9882 0
      vertex 16.035 5.05878 0
    endloop
  endfacet
  facet normal -0.397061 0.917792 0
    outer loop
      vertex 19.1928 -4.65986 0
      vertex 18.8958 -4.78835 2
      vertex 19.1928 -4.65986 2
    endloop
  endfacet
  facet normal -0.397061 0.917792 0
    outer loop
      vertex 18.8958 -4.78835 2
      vertex 19.1928 -4.65986 0
      vertex 18.8958 -4.78835 0
    endloop
  endfacet
  facet normal -0.509008 0.860762 0
    outer loop
      vertex 19.7595 -4.34829 0
      vertex 19.481 -4.51298 2
      vertex 19.7595 -4.34829 2
    endloop
  endfacet
  facet normal -0.509008 0.860762 0
    outer loop
      vertex 19.481 -4.51298 2
      vertex 19.7595 -4.34829 0
      vertex 19.481 -4.51298 0
    endloop
  endfacet
  facet normal -0.156453 0.987685 0
    outer loop
      vertex 17.965 -5.05878 0
      vertex 17.6455 -5.10939 2
      vertex 17.965 -5.05878 2
    endloop
  endfacet
  facet normal -0.156453 0.987685 0
    outer loop
      vertex 17.6455 -5.10939 2
      vertex 17.965 -5.05878 0
      vertex 17.6455 -5.10939 0
    endloop
  endfacet
  facet normal 0.995576 -0.0939645 0
    outer loop
      vertex 11.8602 0.323371 2
      vertex 11.8906 0.645466 0
      vertex 11.8906 0.645466 2
    endloop
  endfacet
  facet normal 0.995576 -0.0939645 0
    outer loop
      vertex 11.8906 0.645466 0
      vertex 11.8602 0.323371 2
      vertex 11.8602 0.323371 0
    endloop
  endfacet
  facet normal -0.454076 0.890963 0
    outer loop
      vertex 19.481 -4.51298 0
      vertex 19.1928 -4.65986 2
      vertex 19.481 -4.51298 2
    endloop
  endfacet
  facet normal -0.454076 0.890963 0
    outer loop
      vertex 19.1928 -4.65986 2
      vertex 19.481 -4.51298 0
      vertex 19.1928 -4.65986 0
    endloop
  endfacet
  facet normal -0.338736 0.940882 0
    outer loop
      vertex 18.8958 -4.78835 0
      vertex 18.5914 -4.89794 2
      vertex 18.8958 -4.78835 2
    endloop
  endfacet
  facet normal -0.338736 0.940882 0
    outer loop
      vertex 18.5914 -4.89794 2
      vertex 18.8958 -4.78835 0
      vertex 18.5914 -4.89794 0
    endloop
  endfacet
  facet normal 0.612977 0.790101 -0
    outer loop
      vertex 13.9729 -4.16644 0
      vertex 13.7173 -3.96814 2
      vertex 13.9729 -4.16644 2
    endloop
  endfacet
  facet normal 0.612977 0.790101 0
    outer loop
      vertex 13.7173 -3.96814 2
      vertex 13.9729 -4.16644 0
      vertex 13.7173 -3.96814 0
    endloop
  endfacet
  facet normal -0.661279 0.75014 0
    outer loop
      vertex 20.5254 -3.75419 0
      vertex 20.2827 -3.96814 2
      vertex 20.5254 -3.75419 2
    endloop
  endfacet
  facet normal -0.661279 0.75014 0
    outer loop
      vertex 20.2827 -3.96814 2
      vertex 20.5254 -3.75419 0
      vertex 20.2827 -3.96814 0
    endloop
  endfacet
  facet normal -0.661279 -0.75014 0
    outer loop
      vertex 20.2827 3.96814 0
      vertex 20.5254 3.75419 2
      vertex 20.2827 3.96814 2
    endloop
  endfacet
  facet normal -0.661279 -0.75014 -0
    outer loop
      vertex 20.5254 3.75419 2
      vertex 20.2827 3.96814 0
      vertex 20.5254 3.75419 0
    endloop
  endfacet
  facet normal 0.338736 0.940882 -0
    outer loop
      vertex 15.4086 -4.89794 0
      vertex 15.1042 -4.78835 2
      vertex 15.4086 -4.89794 2
    endloop
  endfacet
  facet normal 0.338736 0.940882 0
    outer loop
      vertex 15.1042 -4.78835 2
      vertex 15.4086 -4.89794 0
      vertex 15.1042 -4.78835 0
    endloop
  endfacet
  facet normal 0.975901 -0.218216 0
    outer loop
      vertex 11.9412 0.965014 2
      vertex 12.0118 1.28075 0
      vertex 12.0118 1.28075 2
    endloop
  endfacet
  facet normal 0.975901 -0.218216 0
    outer loop
      vertex 12.0118 1.28075 0
      vertex 11.9412 0.965014 2
      vertex 11.9412 0.965014 0
    endloop
  endfacet
  facet normal -0.940872 -0.338763 0
    outer loop
      vertex 21.8979 1.59144 0
      vertex 21.7883 1.89584 2
      vertex 21.7883 1.89584 0
    endloop
  endfacet
  facet normal -0.940872 -0.338763 0
    outer loop
      vertex 21.7883 1.89584 2
      vertex 21.8979 1.59144 0
      vertex 21.8979 1.59144 2
    endloop
  endfacet
  facet normal -0.987694 -0.1564 0
    outer loop
      vertex 22.1094 0.645466 0
      vertex 22.0588 0.965014 2
      vertex 22.0588 0.965014 0
    endloop
  endfacet
  facet normal -0.987694 -0.1564 0
    outer loop
      vertex 22.0588 0.965014 2
      vertex 22.1094 0.645466 0
      vertex 22.1094 0.645466 2
    endloop
  endfacet
  facet normal 0.562061 0.827096 -0
    outer loop
      vertex 14.2405 -4.34829 0
      vertex 13.9729 -4.16644 2
      vertex 14.2405 -4.34829 2
    endloop
  endfacet
  facet normal 0.562061 0.827096 0
    outer loop
      vertex 13.9729 -4.16644 2
      vertex 14.2405 -4.34829 0
      vertex 13.9729 -4.16644 0
    endloop
  endfacet
  facet normal -0.156453 -0.987685 0
    outer loop
      vertex 17.6455 5.10939 0
      vertex 17.965 5.05878 2
      vertex 17.6455 5.10939 2
    endloop
  endfacet
  facet normal -0.156453 -0.987685 -0
    outer loop
      vertex 17.965 5.05878 2
      vertex 17.6455 5.10939 0
      vertex 17.965 5.05878 0
    endloop
  endfacet
  facet normal -0.975901 0.218216 0
    outer loop
      vertex 21.9882 -1.28075 0
      vertex 22.0588 -0.965014 2
      vertex 22.0588 -0.965014 0
    endloop
  endfacet
  facet normal -0.975901 0.218216 0
    outer loop
      vertex 22.0588 -0.965014 2
      vertex 21.9882 -1.28075 0
      vertex 21.9882 -1.28075 2
    endloop
  endfacet
  facet normal -0.750203 -0.661207 0
    outer loop
      vertex 20.9681 3.28273 0
      vertex 20.7542 3.52542 2
      vertex 20.7542 3.52542 0
    endloop
  endfacet
  facet normal -0.750203 -0.661207 0
    outer loop
      vertex 20.7542 3.52542 2
      vertex 20.9681 3.28273 0
      vertex 20.9681 3.28273 2
    endloop
  endfacet
  facet normal 0.750203 -0.661207 0
    outer loop
      vertex 13.0319 3.28273 2
      vertex 13.2458 3.52542 0
      vertex 13.2458 3.52542 2
    endloop
  endfacet
  facet normal 0.750203 -0.661207 0
    outer loop
      vertex 13.2458 3.52542 0
      vertex 13.0319 3.28273 2
      vertex 13.0319 3.28273 0
    endloop
  endfacet
  facet normal 0.562061 -0.827096 0
    outer loop
      vertex 13.9729 4.16644 0
      vertex 14.2405 4.34829 2
      vertex 13.9729 4.16644 2
    endloop
  endfacet
  facet normal 0.562061 -0.827096 0
    outer loop
      vertex 14.2405 4.34829 2
      vertex 13.9729 4.16644 0
      vertex 14.2405 4.34829 0
    endloop
  endfacet
  facet normal -0.70706 0.707153 0
    outer loop
      vertex 20.7542 -3.52542 0
      vertex 20.5254 -3.75419 2
      vertex 20.7542 -3.52542 2
    endloop
  endfacet
  facet normal -0.70706 0.707153 0
    outer loop
      vertex 20.5254 -3.75419 2
      vertex 20.7542 -3.52542 0
      vertex 20.5254 -3.75419 0
    endloop
  endfacet
  facet normal 0.454076 -0.890963 0
    outer loop
      vertex 14.519 4.51298 0
      vertex 14.8072 4.65986 2
      vertex 14.519 4.51298 2
    endloop
  endfacet
  facet normal 0.454076 -0.890963 0
    outer loop
      vertex 14.8072 4.65986 2
      vertex 14.519 4.51298 0
      vertex 14.8072 4.65986 0
    endloop
  endfacet
  facet normal 0.279055 0.960275 -0
    outer loop
      vertex 15.7192 -4.9882 0
      vertex 15.4086 -4.89794 2
      vertex 15.7192 -4.9882 2
    endloop
  endfacet
  facet normal 0.279055 0.960275 0
    outer loop
      vertex 15.4086 -4.89794 2
      vertex 15.7192 -4.9882 0
      vertex 15.4086 -4.89794 0
    endloop
  endfacet
  facet normal 0.995576 0.0939645 0
    outer loop
      vertex 11.8906 -0.645466 2
      vertex 11.8602 -0.323371 0
      vertex 11.8602 -0.323371 2
    endloop
  endfacet
  facet normal 0.995576 0.0939645 0
    outer loop
      vertex 11.8602 -0.323371 0
      vertex 11.8906 -0.645466 2
      vertex 11.8906 -0.645466 0
    endloop
  endfacet
  facet normal -0.0314007 -0.999507 0
    outer loop
      vertex 17 5.15 0
      vertex 17.3234 5.13984 2
      vertex 17 5.15 2
    endloop
  endfacet
  facet normal -0.0314007 -0.999507 -0
    outer loop
      vertex 17.3234 5.13984 2
      vertex 17 5.15 0
      vertex 17.3234 5.13984 0
    endloop
  endfacet
  facet normal -0.218115 -0.975923 0
    outer loop
      vertex 17.965 5.05878 0
      vertex 18.2808 4.9882 2
      vertex 17.965 5.05878 2
    endloop
  endfacet
  facet normal -0.218115 -0.975923 -0
    outer loop
      vertex 18.2808 4.9882 2
      vertex 17.965 5.05878 0
      vertex 18.2808 4.9882 0
    endloop
  endfacet
  facet normal -0.612977 0.790101 0
    outer loop
      vertex 20.2827 -3.96814 0
      vertex 20.0271 -4.16644 2
      vertex 20.2827 -3.96814 2
    endloop
  endfacet
  facet normal -0.612977 0.790101 0
    outer loop
      vertex 20.0271 -4.16644 2
      vertex 20.2827 -3.96814 0
      vertex 20.0271 -4.16644 0
    endloop
  endfacet
  facet normal 0.890983 -0.454037 0
    outer loop
      vertex 12.3401 2.19276 2
      vertex 12.487 2.48103 0
      vertex 12.487 2.48103 2
    endloop
  endfacet
  facet normal 0.890983 -0.454037 0
    outer loop
      vertex 12.487 2.48103 0
      vertex 12.3401 2.19276 2
      vertex 12.3401 2.19276 0
    endloop
  endfacet
  facet normal 0.612977 -0.790101 0
    outer loop
      vertex 13.7173 3.96814 0
      vertex 13.9729 4.16644 2
      vertex 13.7173 3.96814 2
    endloop
  endfacet
  facet normal 0.612977 -0.790101 0
    outer loop
      vertex 13.9729 4.16644 2
      vertex 13.7173 3.96814 0
      vertex 13.9729 4.16644 0
    endloop
  endfacet
  facet normal -0.917855 0.396917 0
    outer loop
      vertex 21.6599 -2.19276 0
      vertex 21.7883 -1.89584 2
      vertex 21.7883 -1.89584 0
    endloop
  endfacet
  facet normal -0.917855 0.396917 0
    outer loop
      vertex 21.7883 -1.89584 2
      vertex 21.6599 -2.19276 0
      vertex 21.6599 -2.19276 2
    endloop
  endfacet
  facet normal 0.661279 -0.75014 0
    outer loop
      vertex 13.4746 3.75419 0
      vertex 13.7173 3.96814 2
      vertex 13.4746 3.75419 2
    endloop
  endfacet
  facet normal 0.661279 -0.75014 0
    outer loop
      vertex 13.7173 3.96814 2
      vertex 13.4746 3.75419 0
      vertex 13.7173 3.96814 0
    endloop
  endfacet
  facet normal 0.999503 -0.031527 0
    outer loop
      vertex 11.85 0 2
      vertex 11.8602 0.323371 0
      vertex 11.8602 0.323371 2
    endloop
  endfacet
  facet normal 0.999503 -0.031527 0
    outer loop
      vertex 11.8602 0.323371 0
      vertex 11.85 0 2
      vertex 11.85 0 0
    endloop
  endfacet
  facet normal -0.940872 0.338763 0
    outer loop
      vertex 21.7883 -1.89584 0
      vertex 21.8979 -1.59144 2
      vertex 21.8979 -1.59144 0
    endloop
  endfacet
  facet normal -0.940872 0.338763 0
    outer loop
      vertex 21.8979 -1.59144 2
      vertex 21.7883 -1.89584 0
      vertex 21.7883 -1.89584 2
    endloop
  endfacet
  facet normal 0.509008 -0.860762 0
    outer loop
      vertex 14.2405 4.34829 0
      vertex 14.519 4.51298 2
      vertex 14.2405 4.34829 2
    endloop
  endfacet
  facet normal 0.509008 -0.860762 0
    outer loop
      vertex 14.519 4.51298 2
      vertex 14.2405 4.34829 0
      vertex 14.519 4.51298 0
    endloop
  endfacet
  facet normal 0.454076 0.890963 -0
    outer loop
      vertex 14.8072 -4.65986 0
      vertex 14.519 -4.51298 2
      vertex 14.8072 -4.65986 2
    endloop
  endfacet
  facet normal 0.454076 0.890963 0
    outer loop
      vertex 14.519 -4.51298 2
      vertex 14.8072 -4.65986 0
      vertex 14.519 -4.51298 0
    endloop
  endfacet
  facet normal 0.509008 0.860762 -0
    outer loop
      vertex 14.519 -4.51298 0
      vertex 14.2405 -4.34829 2
      vertex 14.519 -4.51298 2
    endloop
  endfacet
  facet normal 0.509008 0.860762 0
    outer loop
      vertex 14.2405 -4.34829 2
      vertex 14.519 -4.51298 0
      vertex 14.2405 -4.34829 0
    endloop
  endfacet
  facet normal 0.995562 -0.0941091 0
    outer loop
      vertex 82.5706 -2.85133 3
      vertex 82.7051 -1.42848 2
      vertex 82.7051 -1.42848 3
    endloop
  endfacet
  facet normal 0.995562 -0.0941091 0
    outer loop
      vertex 82.7051 -1.42848 2
      vertex 82.5706 -2.85133 3
      vertex 82.5706 -2.85133 2
    endloop
  endfacet
  facet normal 0.999506 -0.0314165 0
    outer loop
      vertex 82.7051 -1.42848 3
      vertex 82.75 0 2
      vertex 82.75 0 3
    endloop
  endfacet
  facet normal 0.999506 -0.0314165 0
    outer loop
      vertex 82.75 0 2
      vertex 82.7051 -1.42848 3
      vertex 82.7051 -1.42848 2
    endloop
  endfacet
  facet normal -0.940885 -0.338727 0
    outer loop
      vertex 38.8476 -8.37483 2
      vertex 38.3635 -7.03014 3
      vertex 38.3635 -7.03014 2
    endloop
  endfacet
  facet normal -0.940885 -0.338727 0
    outer loop
      vertex 38.3635 -7.03014 3
      vertex 38.8476 -8.37483 2
      vertex 38.8476 -8.37483 3
    endloop
  endfacet
  facet normal 0.562138 0.827044 -0
    outer loop
      vertex 73.3721 18.4051 2
      vertex 72.1901 19.2085 3
      vertex 73.3721 18.4051 3
    endloop
  endfacet
  facet normal 0.562138 0.827044 0
    outer loop
      vertex 72.1901 19.2085 3
      vertex 73.3721 18.4051 2
      vertex 72.1901 19.2085 2
    endloop
  endfacet
  facet normal -0.612874 0.79018 0
    outer loop
      vertex 46.6279 18.4051 2
      vertex 45.4986 17.5292 3
      vertex 46.6279 18.4051 3
    endloop
  endfacet
  facet normal -0.612874 0.79018 0
    outer loop
      vertex 45.4986 17.5292 3
      vertex 46.6279 18.4051 2
      vertex 45.4986 17.5292 2
    endloop
  endfacet
  facet normal -0.860754 -0.509022 0
    outer loop
      vertex 40.7915 -12.1901 2
      vertex 40.064 -10.9599 3
      vertex 40.064 -10.9599 2
    endloop
  endfacet
  facet normal -0.860754 -0.509022 0
    outer loop
      vertex 40.064 -10.9599 3
      vertex 40.7915 -12.1901 2
      vertex 40.7915 -12.1901 3
    endloop
  endfacet
  facet normal -0.218093 0.975928 0
    outer loop
      vertex 55.7371 22.347 2
      vertex 54.3423 22.0353 3
      vertex 55.7371 22.347 3
    endloop
  endfacet
  facet normal -0.218093 0.975928 0
    outer loop
      vertex 54.3423 22.0353 3
      vertex 55.7371 22.347 2
      vertex 54.3423 22.0353 2
    endloop
  endfacet
  facet normal 0.0941123 0.995562 -0
    outer loop
      vertex 62.8513 22.5706 2
      vertex 61.4285 22.7051 3
      vertex 62.8513 22.5706 3
    endloop
  endfacet
  facet normal 0.0941123 0.995562 0
    outer loop
      vertex 61.4285 22.7051 3
      vertex 62.8513 22.5706 2
      vertex 61.4285 22.7051 2
    endloop
  endfacet
  facet normal 0.975927 -0.218098 0
    outer loop
      vertex 82.0353 -5.65769 3
      vertex 82.347 -4.26292 2
      vertex 82.347 -4.26292 3
    endloop
  endfacet
  facet normal 0.975927 -0.218098 0
    outer loop
      vertex 82.347 -4.26292 2
      vertex 82.0353 -5.65769 3
      vertex 82.0353 -5.65769 2
    endloop
  endfacet
  facet normal 0.750075 0.661353 0
    outer loop
      vertex 77.5292 14.5014 3
      vertex 76.584 15.5734 2
      vertex 76.584 15.5734 3
    endloop
  endfacet
  facet normal 0.750075 0.661353 0
    outer loop
      vertex 76.584 15.5734 2
      vertex 77.5292 14.5014 3
      vertex 77.5292 14.5014 2
    endloop
  endfacet
  facet normal 0.562138 -0.827044 0
    outer loop
      vertex 72.1901 -19.2085 2
      vertex 73.3721 -18.4051 3
      vertex 72.1901 -19.2085 3
    endloop
  endfacet
  facet normal 0.562138 -0.827044 0
    outer loop
      vertex 73.3721 -18.4051 3
      vertex 72.1901 -19.2085 2
      vertex 73.3721 -18.4051 2
    endloop
  endfacet
  facet normal -0.917755 -0.397147 0
    outer loop
      vertex 39.4152 -9.68648 2
      vertex 38.8476 -8.37483 3
      vertex 38.8476 -8.37483 2
    endloop
  endfacet
  facet normal -0.917755 -0.397147 0
    outer loop
      vertex 38.8476 -8.37483 3
      vertex 39.4152 -9.68648 2
      vertex 39.4152 -9.68648 3
    endloop
  endfacet
  facet normal 0.0941123 -0.995562 0
    outer loop
      vertex 61.4285 -22.7051 2
      vertex 62.8513 -22.5706 3
      vertex 61.4285 -22.7051 3
    endloop
  endfacet
  facet normal 0.0941123 -0.995562 0
    outer loop
      vertex 62.8513 -22.5706 3
      vertex 61.4285 -22.7051 2
      vertex 62.8513 -22.5706 2
    endloop
  endfacet
  facet normal -0.0314161 0.999506 0
    outer loop
      vertex 60 22.75 2
      vertex 58.5715 22.7051 3
      vertex 60 22.75 3
    endloop
  endfacet
  facet normal -0.0314161 0.999506 0
    outer loop
      vertex 58.5715 22.7051 3
      vertex 60 22.75 2
      vertex 58.5715 22.7051 2
    endloop
  endfacet
  facet normal -0.279043 0.960279 0
    outer loop
      vertex 54.3423 22.0353 2
      vertex 52.9699 21.6365 3
      vertex 54.3423 22.0353 3
    endloop
  endfacet
  facet normal -0.279043 0.960279 0
    outer loop
      vertex 52.9699 21.6365 3
      vertex 54.3423 22.0353 2
      vertex 52.9699 21.6365 2
    endloop
  endfacet
  facet normal 0.917755 -0.397147 0
    outer loop
      vertex 80.5848 -9.68648 3
      vertex 81.1524 -8.37483 2
      vertex 81.1524 -8.37483 3
    endloop
  endfacet
  facet normal 0.917755 -0.397147 0
    outer loop
      vertex 81.1524 -8.37483 2
      vertex 80.5848 -9.68648 3
      vertex 80.5848 -9.68648 2
    endloop
  endfacet
  facet normal 0.397134 -0.917761 0
    outer loop
      vertex 68.3748 -21.1524 2
      vertex 69.6865 -20.5848 3
      vertex 68.3748 -21.1524 3
    endloop
  endfacet
  facet normal 0.397134 -0.917761 0
    outer loop
      vertex 69.6865 -20.5848 3
      vertex 68.3748 -21.1524 2
      vertex 69.6865 -20.5848 2
    endloop
  endfacet
  facet normal -0.917755 0.397147 0
    outer loop
      vertex 38.8476 8.37483 2
      vertex 39.4152 9.68648 3
      vertex 39.4152 9.68648 2
    endloop
  endfacet
  facet normal -0.917755 0.397147 0
    outer loop
      vertex 39.4152 9.68648 3
      vertex 38.8476 8.37483 2
      vertex 38.8476 8.37483 3
    endloop
  endfacet
  facet normal -0.960281 0.279034 0
    outer loop
      vertex 37.9647 5.65769 2
      vertex 38.3635 7.03014 3
      vertex 38.3635 7.03014 2
    endloop
  endfacet
  facet normal -0.960281 0.279034 0
    outer loop
      vertex 38.3635 7.03014 3
      vertex 37.9647 5.65769 2
      vertex 37.9647 5.65769 3
    endloop
  endfacet
  facet normal 0.960281 0.279034 0
    outer loop
      vertex 82.0353 5.65769 3
      vertex 81.6365 7.03014 2
      vertex 81.6365 7.03014 3
    endloop
  endfacet
  facet normal 0.960281 0.279034 0
    outer loop
      vertex 81.6365 7.03014 2
      vertex 82.0353 5.65769 3
      vertex 82.0353 5.65769 2
    endloop
  endfacet
  facet normal 0.661353 0.750075 -0
    outer loop
      vertex 75.5734 16.584 2
      vertex 74.5014 17.5292 3
      vertex 75.5734 16.584 3
    endloop
  endfacet
  facet normal 0.661353 0.750075 0
    outer loop
      vertex 74.5014 17.5292 3
      vertex 75.5734 16.584 2
      vertex 74.5014 17.5292 2
    endloop
  endfacet
  facet normal -0.940885 0.338727 0
    outer loop
      vertex 38.3635 7.03014 2
      vertex 38.8476 8.37483 3
      vertex 38.8476 8.37483 2
    endloop
  endfacet
  facet normal -0.940885 0.338727 0
    outer loop
      vertex 38.8476 8.37483 3
      vertex 38.3635 7.03014 2
      vertex 38.3635 7.03014 3
    endloop
  endfacet
  facet normal 0.860754 0.509022 0
    outer loop
      vertex 79.936 10.9599 3
      vertex 79.2085 12.1901 2
      vertex 79.2085 12.1901 3
    endloop
  endfacet
  facet normal 0.860754 0.509022 0
    outer loop
      vertex 79.2085 12.1901 2
      vertex 79.936 10.9599 3
      vertex 79.936 10.9599 2
    endloop
  endfacet
  facet normal 0.279043 0.960279 -0
    outer loop
      vertex 67.0301 21.6365 2
      vertex 65.6577 22.0353 3
      vertex 67.0301 21.6365 3
    endloop
  endfacet
  facet normal 0.279043 0.960279 0
    outer loop
      vertex 65.6577 22.0353 3
      vertex 67.0301 21.6365 2
      vertex 65.6577 22.0353 2
    endloop
  endfacet
  facet normal 0.509022 -0.860754 0
    outer loop
      vertex 70.9599 -19.936 2
      vertex 72.1901 -19.2085 3
      vertex 70.9599 -19.936 3
    endloop
  endfacet
  facet normal 0.509022 -0.860754 0
    outer loop
      vertex 72.1901 -19.2085 3
      vertex 70.9599 -19.936 2
      vertex 72.1901 -19.2085 2
    endloop
  endfacet
  facet normal -0.995562 -0.0941091 0
    outer loop
      vertex 37.4294 -2.85133 2
      vertex 37.2949 -1.42848 3
      vertex 37.2949 -1.42848 2
    endloop
  endfacet
  facet normal -0.995562 -0.0941091 0
    outer loop
      vertex 37.2949 -1.42848 3
      vertex 37.4294 -2.85133 2
      vertex 37.4294 -2.85133 3
    endloop
  endfacet
  facet normal 0.338724 -0.940886 0
    outer loop
      vertex 67.0301 -21.6365 2
      vertex 68.3748 -21.1524 3
      vertex 67.0301 -21.6365 3
    endloop
  endfacet
  facet normal 0.338724 -0.940886 0
    outer loop
      vertex 68.3748 -21.1524 3
      vertex 67.0301 -21.6365 2
      vertex 68.3748 -21.1524 2
    endloop
  endfacet
  facet normal -0.397134 -0.917761 0
    outer loop
      vertex 50.3135 -20.5848 2
      vertex 51.6252 -21.1524 3
      vertex 50.3135 -20.5848 3
    endloop
  endfacet
  facet normal -0.397134 -0.917761 -0
    outer loop
      vertex 51.6252 -21.1524 3
      vertex 50.3135 -20.5848 2
      vertex 51.6252 -21.1524 2
    endloop
  endfacet
  facet normal 0.827044 -0.562138 0
    outer loop
      vertex 78.4051 -13.3721 3
      vertex 79.2085 -12.1901 2
      vertex 79.2085 -12.1901 3
    endloop
  endfacet
  facet normal 0.827044 -0.562138 0
    outer loop
      vertex 79.2085 -12.1901 2
      vertex 78.4051 -13.3721 3
      vertex 78.4051 -13.3721 2
    endloop
  endfacet
  facet normal 0.509022 0.860754 -0
    outer loop
      vertex 72.1901 19.2085 2
      vertex 70.9599 19.936 3
      vertex 72.1901 19.2085 3
    endloop
  endfacet
  facet normal 0.509022 0.860754 0
    outer loop
      vertex 70.9599 19.936 3
      vertex 72.1901 19.2085 2
      vertex 70.9599 19.936 2
    endloop
  endfacet
  facet normal 0.750075 -0.661353 0
    outer loop
      vertex 76.584 -15.5734 3
      vertex 77.5292 -14.5014 2
      vertex 77.5292 -14.5014 3
    endloop
  endfacet
  facet normal 0.750075 -0.661353 0
    outer loop
      vertex 77.5292 -14.5014 2
      vertex 76.584 -15.5734 3
      vertex 76.584 -15.5734 2
    endloop
  endfacet
  facet normal -0.79018 -0.612874 0
    outer loop
      vertex 42.4708 -14.5014 2
      vertex 41.5949 -13.3721 3
      vertex 41.5949 -13.3721 2
    endloop
  endfacet
  facet normal -0.79018 -0.612874 0
    outer loop
      vertex 41.5949 -13.3721 3
      vertex 42.4708 -14.5014 2
      vertex 42.4708 -14.5014 3
    endloop
  endfacet
  facet normal 0.860754 -0.509022 0
    outer loop
      vertex 79.2085 -12.1901 3
      vertex 79.936 -10.9599 2
      vertex 79.936 -10.9599 3
    endloop
  endfacet
  facet normal 0.860754 -0.509022 0
    outer loop
      vertex 79.936 -10.9599 2
      vertex 79.2085 -12.1901 3
      vertex 79.2085 -12.1901 2
    endloop
  endfacet
  facet normal -0.156451 -0.987686 0
    outer loop
      vertex 55.7371 -22.347 2
      vertex 57.1487 -22.5706 3
      vertex 55.7371 -22.347 3
    endloop
  endfacet
  facet normal -0.156451 -0.987686 -0
    outer loop
      vertex 57.1487 -22.5706 3
      vertex 55.7371 -22.347 2
      vertex 57.1487 -22.5706 2
    endloop
  endfacet
  facet normal -0.987686 -0.156452 0
    outer loop
      vertex 37.653 -4.26292 2
      vertex 37.4294 -2.85133 3
      vertex 37.4294 -2.85133 2
    endloop
  endfacet
  facet normal -0.987686 -0.156452 0
    outer loop
      vertex 37.4294 -2.85133 3
      vertex 37.653 -4.26292 2
      vertex 37.653 -4.26292 3
    endloop
  endfacet
  facet normal 0.707107 -0.707107 0
    outer loop
      vertex 75.5734 -16.584 3
      vertex 76.584 -15.5734 2
      vertex 76.584 -15.5734 3
    endloop
  endfacet
  facet normal 0.707107 -0.707107 0
    outer loop
      vertex 76.584 -15.5734 2
      vertex 75.5734 -16.584 3
      vertex 75.5734 -16.584 2
    endloop
  endfacet
  facet normal 0.218093 0.975928 -0
    outer loop
      vertex 65.6577 22.0353 2
      vertex 64.2629 22.347 3
      vertex 65.6577 22.0353 3
    endloop
  endfacet
  facet normal 0.218093 0.975928 0
    outer loop
      vertex 64.2629 22.347 3
      vertex 65.6577 22.0353 2
      vertex 64.2629 22.347 2
    endloop
  endfacet
  facet normal 0.995562 0.0941091 0
    outer loop
      vertex 82.7051 1.42848 3
      vertex 82.5706 2.85133 2
      vertex 82.5706 2.85133 3
    endloop
  endfacet
  facet normal 0.995562 0.0941091 0
    outer loop
      vertex 82.5706 2.85133 2
      vertex 82.7051 1.42848 3
      vertex 82.7051 1.42848 2
    endloop
  endfacet
  facet normal 0.960281 -0.279034 0
    outer loop
      vertex 81.6365 -7.03014 3
      vertex 82.0353 -5.65769 2
      vertex 82.0353 -5.65769 3
    endloop
  endfacet
  facet normal 0.960281 -0.279034 0
    outer loop
      vertex 82.0353 -5.65769 2
      vertex 81.6365 -7.03014 3
      vertex 81.6365 -7.03014 2
    endloop
  endfacet
  facet normal 0.827044 0.562138 0
    outer loop
      vertex 79.2085 12.1901 3
      vertex 78.4051 13.3721 2
      vertex 78.4051 13.3721 3
    endloop
  endfacet
  facet normal 0.827044 0.562138 0
    outer loop
      vertex 78.4051 13.3721 2
      vertex 79.2085 12.1901 3
      vertex 79.2085 12.1901 2
    endloop
  endfacet
  facet normal -0.79018 0.612874 0
    outer loop
      vertex 41.5949 13.3721 2
      vertex 42.4708 14.5014 3
      vertex 42.4708 14.5014 2
    endloop
  endfacet
  facet normal -0.79018 0.612874 0
    outer loop
      vertex 42.4708 14.5014 3
      vertex 41.5949 13.3721 2
      vertex 41.5949 13.3721 3
    endloop
  endfacet
  facet normal -0.562138 -0.827044 0
    outer loop
      vertex 46.6279 -18.4051 2
      vertex 47.8099 -19.2085 3
      vertex 46.6279 -18.4051 3
    endloop
  endfacet
  facet normal -0.562138 -0.827044 -0
    outer loop
      vertex 47.8099 -19.2085 3
      vertex 46.6279 -18.4051 2
      vertex 47.8099 -19.2085 2
    endloop
  endfacet
  facet normal 0.0314161 -0.999506 0
    outer loop
      vertex 60 -22.75 2
      vertex 61.4285 -22.7051 3
      vertex 60 -22.75 3
    endloop
  endfacet
  facet normal 0.0314161 -0.999506 0
    outer loop
      vertex 61.4285 -22.7051 3
      vertex 60 -22.75 2
      vertex 61.4285 -22.7051 2
    endloop
  endfacet
  facet normal -0.999506 -0.0314165 0
    outer loop
      vertex 37.2949 -1.42848 2
      vertex 37.25 0 3
      vertex 37.25 0 2
    endloop
  endfacet
  facet normal -0.999506 -0.0314165 0
    outer loop
      vertex 37.25 0 3
      vertex 37.2949 -1.42848 2
      vertex 37.2949 -1.42848 3
    endloop
  endfacet
  facet normal 0.891018 -0.453968 0
    outer loop
      vertex 79.936 -10.9599 3
      vertex 80.5848 -9.68648 2
      vertex 80.5848 -9.68648 3
    endloop
  endfacet
  facet normal 0.891018 -0.453968 0
    outer loop
      vertex 80.5848 -9.68648 2
      vertex 79.936 -10.9599 3
      vertex 79.936 -10.9599 2
    endloop
  endfacet
  facet normal -0.891018 0.453968 0
    outer loop
      vertex 39.4152 9.68648 2
      vertex 40.064 10.9599 3
      vertex 40.064 10.9599 2
    endloop
  endfacet
  facet normal -0.891018 0.453968 0
    outer loop
      vertex 40.064 10.9599 3
      vertex 39.4152 9.68648 2
      vertex 39.4152 9.68648 3
    endloop
  endfacet
  facet normal -0.987686 0.156452 0
    outer loop
      vertex 37.4294 2.85133 2
      vertex 37.653 4.26292 3
      vertex 37.653 4.26292 2
    endloop
  endfacet
  facet normal -0.987686 0.156452 0
    outer loop
      vertex 37.653 4.26292 3
      vertex 37.4294 2.85133 2
      vertex 37.4294 2.85133 3
    endloop
  endfacet
  facet normal -0.156451 0.987686 0
    outer loop
      vertex 57.1487 22.5706 2
      vertex 55.7371 22.347 3
      vertex 57.1487 22.5706 3
    endloop
  endfacet
  facet normal -0.156451 0.987686 0
    outer loop
      vertex 55.7371 22.347 3
      vertex 57.1487 22.5706 2
      vertex 55.7371 22.347 2
    endloop
  endfacet
  facet normal -0.509022 -0.860754 0
    outer loop
      vertex 47.8099 -19.2085 2
      vertex 49.0401 -19.936 3
      vertex 47.8099 -19.2085 3
    endloop
  endfacet
  facet normal -0.509022 -0.860754 -0
    outer loop
      vertex 49.0401 -19.936 3
      vertex 47.8099 -19.2085 2
      vertex 49.0401 -19.936 2
    endloop
  endfacet
  facet normal -0.661353 -0.750075 0
    outer loop
      vertex 44.4266 -16.584 2
      vertex 45.4986 -17.5292 3
      vertex 44.4266 -16.584 3
    endloop
  endfacet
  facet normal -0.661353 -0.750075 -0
    outer loop
      vertex 45.4986 -17.5292 3
      vertex 44.4266 -16.584 2
      vertex 45.4986 -17.5292 2
    endloop
  endfacet
  facet normal -0.453974 -0.891015 0
    outer loop
      vertex 49.0401 -19.936 2
      vertex 50.3135 -20.5848 3
      vertex 49.0401 -19.936 3
    endloop
  endfacet
  facet normal -0.453974 -0.891015 -0
    outer loop
      vertex 50.3135 -20.5848 3
      vertex 49.0401 -19.936 2
      vertex 50.3135 -20.5848 2
    endloop
  endfacet
  facet normal 0.218093 -0.975928 0
    outer loop
      vertex 64.2629 -22.347 2
      vertex 65.6577 -22.0353 3
      vertex 64.2629 -22.347 3
    endloop
  endfacet
  facet normal 0.218093 -0.975928 0
    outer loop
      vertex 65.6577 -22.0353 3
      vertex 64.2629 -22.347 2
      vertex 65.6577 -22.0353 2
    endloop
  endfacet
  facet normal 0.999506 0.0314165 0
    outer loop
      vertex 82.75 0 3
      vertex 82.7051 1.42848 2
      vertex 82.7051 1.42848 3
    endloop
  endfacet
  facet normal 0.999506 0.0314165 0
    outer loop
      vertex 82.7051 1.42848 2
      vertex 82.75 0 3
      vertex 82.75 0 2
    endloop
  endfacet
  facet normal -0.397134 0.917761 0
    outer loop
      vertex 51.6252 21.1524 2
      vertex 50.3135 20.5848 3
      vertex 51.6252 21.1524 3
    endloop
  endfacet
  facet normal -0.397134 0.917761 0
    outer loop
      vertex 50.3135 20.5848 3
      vertex 51.6252 21.1524 2
      vertex 50.3135 20.5848 2
    endloop
  endfacet
  facet normal -0.707107 -0.707107 0
    outer loop
      vertex 44.4266 -16.584 2
      vertex 43.416 -15.5734 3
      vertex 43.416 -15.5734 2
    endloop
  endfacet
  facet normal -0.707107 -0.707107 0
    outer loop
      vertex 43.416 -15.5734 3
      vertex 44.4266 -16.584 2
      vertex 44.4266 -16.584 3
    endloop
  endfacet
  facet normal 0.338724 0.940886 -0
    outer loop
      vertex 68.3748 21.1524 2
      vertex 67.0301 21.6365 3
      vertex 68.3748 21.1524 3
    endloop
  endfacet
  facet normal 0.338724 0.940886 0
    outer loop
      vertex 67.0301 21.6365 3
      vertex 68.3748 21.1524 2
      vertex 67.0301 21.6365 2
    endloop
  endfacet
  facet normal 0.0314161 0.999506 -0
    outer loop
      vertex 61.4285 22.7051 2
      vertex 60 22.75 3
      vertex 61.4285 22.7051 3
    endloop
  endfacet
  facet normal 0.0314161 0.999506 0
    outer loop
      vertex 60 22.75 3
      vertex 61.4285 22.7051 2
      vertex 60 22.75 2
    endloop
  endfacet
  facet normal -0.218093 -0.975928 0
    outer loop
      vertex 54.3423 -22.0353 2
      vertex 55.7371 -22.347 3
      vertex 54.3423 -22.0353 3
    endloop
  endfacet
  facet normal -0.218093 -0.975928 -0
    outer loop
      vertex 55.7371 -22.347 3
      vertex 54.3423 -22.0353 2
      vertex 55.7371 -22.347 2
    endloop
  endfacet
  facet normal 0 0 -1
    outer loop
      vertex 84.9507 -1.56976 -0.5
      vertex 84.9507 1.56976 -0.5
      vertex 85 0 -0.5
    endloop
  endfacet
  facet normal 0 0 -1
    outer loop
      vertex 84.8029 -3.13333 -0.5
      vertex 84.9507 1.56976 -0.5
      vertex 84.9507 -1.56976 -0.5
    endloop
  endfacet
  facet normal 0 0 -1
    outer loop
      vertex 84.8029 -3.13333 -0.5
      vertex 84.8029 3.13333 -0.5
      vertex 84.9507 1.56976 -0.5
    endloop
  endfacet
  facet normal 0 0 -1
    outer loop
      vertex 84.5572 -4.68453 -0.5
      vertex 84.8029 3.13333 -0.5
      vertex 84.8029 -3.13333 -0.5
    endloop
  endfacet
  facet normal 0 0 -1
    outer loop
      vertex 84.5572 -4.68453 -0.5
      vertex 84.5572 4.68453 -0.5
      vertex 84.8029 3.13333 -0.5
    endloop
  endfacet
  facet normal 0 0 -1
    outer loop
      vertex 84.2146 -6.21725 -0.5
      vertex 84.5572 4.68453 -0.5
      vertex 84.5572 -4.68453 -0.5
    endloop
  endfacet
  facet normal 0 0 -1
    outer loop
      vertex 84.2146 -6.21725 -0.5
      vertex 84.2146 6.21725 -0.5
      vertex 84.5572 4.68453 -0.5
    endloop
  endfacet
  facet normal 0 0 -1
    outer loop
      vertex 83.7764 -7.72542 -0.5
      vertex 84.2146 6.21725 -0.5
      vertex 84.2146 -6.21725 -0.5
    endloop
  endfacet
  facet normal 0 0 -1
    outer loop
      vertex 83.7764 -7.72542 -0.5
      vertex 83.7764 7.72542 -0.5
      vertex 84.2146 6.21725 -0.5
    endloop
  endfacet
  facet normal 0 0 -1
    outer loop
      vertex 83.2444 -9.20311 -0.5
      vertex 83.7764 7.72542 -0.5
      vertex 83.7764 -7.72542 -0.5
    endloop
  endfacet
  facet normal 0 0 -1
    outer loop
      vertex 83.2444 -9.20311 -0.5
      vertex 83.2444 9.20311 -0.5
      vertex 83.7764 7.72542 -0.5
    endloop
  endfacet
  facet normal 0 0 -1
    outer loop
      vertex 82.6207 -10.6445 -0.5
      vertex 83.2444 9.20311 -0.5
      vertex 83.2444 -9.20311 -0.5
    endloop
  endfacet
  facet normal 0 0 -1
    outer loop
      vertex 82.6207 -10.6445 -0.5
      vertex 82.6207 10.6445 -0.5
      vertex 83.2444 9.20311 -0.5
    endloop
  endfacet
  facet normal 0 0 -1
    outer loop
      vertex 81.9077 -12.0438 -0.5
      vertex 82.6207 10.6445 -0.5
      vertex 82.6207 -10.6445 -0.5
    endloop
  endfacet
  facet normal 0 0 -1
    outer loop
      vertex 81.9077 -12.0438 -0.5
      vertex 81.9077 12.0438 -0.5
      vertex 82.6207 10.6445 -0.5
    endloop
  endfacet
  facet normal 0 0 -1
    outer loop
      vertex 81.1082 -13.3957 -0.5
      vertex 81.9077 12.0438 -0.5
      vertex 81.9077 -12.0438 -0.5
    endloop
  endfacet
  facet normal 0 0 -1
    outer loop
      vertex 81.1082 -13.3957 -0.5
      vertex 81.1082 13.3957 -0.5
      vertex 81.9077 12.0438 -0.5
    endloop
  endfacet
  facet normal 0 0 -1
    outer loop
      vertex 80.2254 -14.6946 -0.5
      vertex 81.1082 13.3957 -0.5
      vertex 81.1082 -13.3957 -0.5
    endloop
  endfacet
  facet normal 0 0 -1
    outer loop
      vertex 80.2254 -14.6946 -0.5
      vertex 80.2254 14.6946 -0.5
      vertex 81.1082 13.3957 -0.5
    endloop
  endfacet
  facet normal 0 0 -1
    outer loop
      vertex 79.2628 -15.9356 -0.5
      vertex 80.2254 14.6946 -0.5
      vertex 80.2254 -14.6946 -0.5
    endloop
  endfacet
  facet normal 0 0 -1
    outer loop
      vertex 79.2628 -15.9356 -0.5
      vertex 79.2628 15.9356 -0.5
      vertex 80.2254 14.6946 -0.5
    endloop
  endfacet
  facet normal 0 0 -1
    outer loop
      vertex 78.2242 -17.1137 -0.5
      vertex 79.2628 15.9356 -0.5
      vertex 79.2628 -15.9356 -0.5
    endloop
  endfacet
  facet normal 0 0 -1
    outer loop
      vertex 78.2242 -17.1137 -0.5
      vertex 78.2242 17.1137 -0.5
      vertex 79.2628 15.9356 -0.5
    endloop
  endfacet
  facet normal 0 0 -1
    outer loop
      vertex 77.1137 -18.2242 -0.5
      vertex 78.2242 17.1137 -0.5
      vertex 78.2242 -17.1137 -0.5
    endloop
  endfacet
  facet normal 0 0 -1
    outer loop
      vertex 77.1137 -18.2242 -0.5
      vertex 77.1137 18.2242 -0.5
      vertex 78.2242 17.1137 -0.5
    endloop
  endfacet
  facet normal 0 0 -1
    outer loop
      vertex 75.9356 -19.2628 -0.5
      vertex 77.1137 18.2242 -0.5
      vertex 77.1137 -18.2242 -0.5
    endloop
  endfacet
  facet normal 0 0 -1
    outer loop
      vertex 75.9356 -19.2628 -0.5
      vertex 75.9356 19.2628 -0.5
      vertex 77.1137 18.2242 -0.5
    endloop
  endfacet
  facet normal 0 0 -1
    outer loop
      vertex 74.6946 -20.2254 -0.5
      vertex 75.9356 19.2628 -0.5
      vertex 75.9356 -19.2628 -0.5
    endloop
  endfacet
  facet normal 0 0 -1
    outer loop
      vertex 74.6946 -20.2254 -0.5
      vertex 74.6946 20.2254 -0.5
      vertex 75.9356 19.2628 -0.5
    endloop
  endfacet
  facet normal 0 0 -1
    outer loop
      vertex 73.3957 -21.1082 -0.5
      vertex 74.6946 20.2254 -0.5
      vertex 74.6946 -20.2254 -0.5
    endloop
  endfacet
  facet normal 0 0 -1
    outer loop
      vertex 73.3957 -21.1082 -0.5
      vertex 73.3957 21.1082 -0.5
      vertex 74.6946 20.2254 -0.5
    endloop
  endfacet
  facet normal 0 0 -1
    outer loop
      vertex 72.0438 -21.9077 -0.5
      vertex 73.3957 21.1082 -0.5
      vertex 73.3957 -21.1082 -0.5
    endloop
  endfacet
  facet normal 0 0 -1
    outer loop
      vertex 72.0438 -21.9077 -0.5
      vertex 72.0438 21.9077 -0.5
      vertex 73.3957 21.1082 -0.5
    endloop
  endfacet
  facet normal 0 0 -1
    outer loop
      vertex 70.6445 -22.6207 -0.5
      vertex 72.0438 21.9077 -0.5
      vertex 72.0438 -21.9077 -0.5
    endloop
  endfacet
  facet normal 0 0 -1
    outer loop
      vertex 70.6445 -22.6207 -0.5
      vertex 70.6445 22.6207 -0.5
      vertex 72.0438 21.9077 -0.5
    endloop
  endfacet
  facet normal 0 0 -1
    outer loop
      vertex 69.2031 -23.2444 -0.5
      vertex 70.6445 22.6207 -0.5
      vertex 70.6445 -22.6207 -0.5
    endloop
  endfacet
  facet normal 0 0 -1
    outer loop
      vertex 69.2031 -23.2444 -0.5
      vertex 69.2031 23.2444 -0.5
      vertex 70.6445 22.6207 -0.5
    endloop
  endfacet
  facet normal 0 0 -1
    outer loop
      vertex 67.7254 -23.7764 -0.5
      vertex 69.2031 23.2444 -0.5
      vertex 69.2031 -23.2444 -0.5
    endloop
  endfacet
  facet normal 0 0 -1
    outer loop
      vertex 67.7254 -23.7764 -0.5
      vertex 67.7254 23.7764 -0.5
      vertex 69.2031 23.2444 -0.5
    endloop
  endfacet
  facet normal 0 0 -1
    outer loop
      vertex 66.2172 -24.2146 -0.5
      vertex 67.7254 23.7764 -0.5
      vertex 67.7254 -23.7764 -0.5
    endloop
  endfacet
  facet normal 0 0 -1
    outer loop
      vertex 66.2172 -24.2146 -0.5
      vertex 66.2172 24.2146 -0.5
      vertex 67.7254 23.7764 -0.5
    endloop
  endfacet
  facet normal 0 0 -1
    outer loop
      vertex 64.6845 -24.5572 -0.5
      vertex 66.2172 24.2146 -0.5
      vertex 66.2172 -24.2146 -0.5
    endloop
  endfacet
  facet normal 0 0 -1
    outer loop
      vertex 64.6845 -24.5572 -0.5
      vertex 64.6845 24.5572 -0.5
      vertex 66.2172 24.2146 -0.5
    endloop
  endfacet
  facet normal 0 0 -1
    outer loop
      vertex 63.1333 -24.8029 -0.5
      vertex 64.6845 24.5572 -0.5
      vertex 64.6845 -24.5572 -0.5
    endloop
  endfacet
  facet normal 0 0 -1
    outer loop
      vertex 63.1333 -24.8029 -0.5
      vertex 63.1333 24.8029 -0.5
      vertex 64.6845 24.5572 -0.5
    endloop
  endfacet
  facet normal 0 0 -1
    outer loop
      vertex 61.5698 -24.9507 -0.5
      vertex 63.1333 24.8029 -0.5
      vertex 63.1333 -24.8029 -0.5
    endloop
  endfacet
  facet normal 0 0 -1
    outer loop
      vertex 61.5698 -24.9507 -0.5
      vertex 61.5698 24.9507 -0.5
      vertex 63.1333 24.8029 -0.5
    endloop
  endfacet
  facet normal 0 0 -1
    outer loop
      vertex 60 -25 -0.5
      vertex 61.5698 24.9507 -0.5
      vertex 61.5698 -24.9507 -0.5
    endloop
  endfacet
  facet normal 0 0 -1
    outer loop
      vertex 60 -25 -0.5
      vertex 60 25 -0.5
      vertex 61.5698 24.9507 -0.5
    endloop
  endfacet
  facet normal 0 0 -1
    outer loop
      vertex 58.4302 -24.9507 -0.5
      vertex 60 25 -0.5
      vertex 60 -25 -0.5
    endloop
  endfacet
  facet normal 0 0 -1
    outer loop
      vertex 58.4302 -24.9507 -0.5
      vertex 58.4302 24.9507 -0.5
      vertex 60 25 -0.5
    endloop
  endfacet
  facet normal 0 0 -1
    outer loop
      vertex 56.8667 -24.8029 -0.5
      vertex 58.4302 24.9507 -0.5
      vertex 58.4302 -24.9507 -0.5
    endloop
  endfacet
  facet normal 0 0 -1
    outer loop
      vertex 56.8667 -24.8029 -0.5
      vertex 56.8667 24.8029 -0.5
      vertex 58.4302 24.9507 -0.5
    endloop
  endfacet
  facet normal 0 0 -1
    outer loop
      vertex 55.3155 -24.5572 -0.5
      vertex 56.8667 24.8029 -0.5
      vertex 56.8667 -24.8029 -0.5
    endloop
  endfacet
  facet normal 0 0 -1
    outer loop
      vertex 55.3155 -24.5572 -0.5
      vertex 55.3155 24.5572 -0.5
      vertex 56.8667 24.8029 -0.5
    endloop
  endfacet
  facet normal 0 0 -1
    outer loop
      vertex 53.7828 -24.2146 -0.5
      vertex 55.3155 24.5572 -0.5
      vertex 55.3155 -24.5572 -0.5
    endloop
  endfacet
  facet normal 0 0 -1
    outer loop
      vertex 53.7828 -24.2146 -0.5
      vertex 53.7828 24.2146 -0.5
      vertex 55.3155 24.5572 -0.5
    endloop
  endfacet
  facet normal 0 0 -1
    outer loop
      vertex 52.2746 -23.7764 -0.5
      vertex 53.7828 24.2146 -0.5
      vertex 53.7828 -24.2146 -0.5
    endloop
  endfacet
  facet normal 0 0 -1
    outer loop
      vertex 52.2746 -23.7764 -0.5
      vertex 52.2746 23.7764 -0.5
      vertex 53.7828 24.2146 -0.5
    endloop
  endfacet
  facet normal 0 0 -1
    outer loop
      vertex 50.7969 -23.2444 -0.5
      vertex 52.2746 23.7764 -0.5
      vertex 52.2746 -23.7764 -0.5
    endloop
  endfacet
  facet normal 0 0 -1
    outer loop
      vertex 50.7969 -23.2444 -0.5
      vertex 50.7969 23.2444 -0.5
      vertex 52.2746 23.7764 -0.5
    endloop
  endfacet
  facet normal 0 0 -1
    outer loop
      vertex 49.3555 -22.6207 -0.5
      vertex 50.7969 23.2444 -0.5
      vertex 50.7969 -23.2444 -0.5
    endloop
  endfacet
  facet normal 0 0 -1
    outer loop
      vertex 49.3555 -22.6207 -0.5
      vertex 49.3555 22.6207 -0.5
      vertex 50.7969 23.2444 -0.5
    endloop
  endfacet
  facet normal 0 0 -1
    outer loop
      vertex 47.9562 -21.9077 -0.5
      vertex 49.3555 22.6207 -0.5
      vertex 49.3555 -22.6207 -0.5
    endloop
  endfacet
  facet normal 0 0 -1
    outer loop
      vertex 47.9562 -21.9077 -0.5
      vertex 47.9562 21.9077 -0.5
      vertex 49.3555 22.6207 -0.5
    endloop
  endfacet
  facet normal 0 0 -1
    outer loop
      vertex 46.6043 -21.1082 -0.5
      vertex 47.9562 21.9077 -0.5
      vertex 47.9562 -21.9077 -0.5
    endloop
  endfacet
  facet normal 0 0 -1
    outer loop
      vertex 46.6043 -21.1082 -0.5
      vertex 46.6043 21.1082 -0.5
      vertex 47.9562 21.9077 -0.5
    endloop
  endfacet
  facet normal 0 0 -1
    outer loop
      vertex 45.3054 -20.2254 -0.5
      vertex 46.6043 21.1082 -0.5
      vertex 46.6043 -21.1082 -0.5
    endloop
  endfacet
  facet normal 0 0 -1
    outer loop
      vertex 45.3054 -20.2254 -0.5
      vertex 45.3054 20.2254 -0.5
      vertex 46.6043 21.1082 -0.5
    endloop
  endfacet
  facet normal 0 0 -1
    outer loop
      vertex 44.0644 -19.2628 -0.5
      vertex 45.3054 20.2254 -0.5
      vertex 45.3054 -20.2254 -0.5
    endloop
  endfacet
  facet normal 0 0 -1
    outer loop
      vertex 44.0644 -19.2628 -0.5
      vertex 44.0644 19.2628 -0.5
      vertex 45.3054 20.2254 -0.5
    endloop
  endfacet
  facet normal 0 0 -1
    outer loop
      vertex 42.8863 -18.2242 -0.5
      vertex 44.0644 19.2628 -0.5
      vertex 44.0644 -19.2628 -0.5
    endloop
  endfacet
  facet normal 0 0 -1
    outer loop
      vertex 42.8863 -18.2242 -0.5
      vertex 42.8863 18.2242 -0.5
      vertex 44.0644 19.2628 -0.5
    endloop
  endfacet
  facet normal 0 0 -1
    outer loop
      vertex 41.7758 -17.1137 -0.5
      vertex 42.8863 18.2242 -0.5
      vertex 42.8863 -18.2242 -0.5
    endloop
  endfacet
  facet normal 0 0 -1
    outer loop
      vertex 41.7758 -17.1137 -0.5
      vertex 41.7758 17.1137 -0.5
      vertex 42.8863 18.2242 -0.5
    endloop
  endfacet
  facet normal 0 0 -1
    outer loop
      vertex 40.7372 -15.9356 -0.5
      vertex 41.7758 17.1137 -0.5
      vertex 41.7758 -17.1137 -0.5
    endloop
  endfacet
  facet normal 0 0 -1
    outer loop
      vertex 40.7372 -15.9356 -0.5
      vertex 40.7372 15.9356 -0.5
      vertex 41.7758 17.1137 -0.5
    endloop
  endfacet
  facet normal 0 0 -1
    outer loop
      vertex 39.7746 -14.6946 -0.5
      vertex 40.7372 15.9356 -0.5
      vertex 40.7372 -15.9356 -0.5
    endloop
  endfacet
  facet normal 0 0 -1
    outer loop
      vertex 39.7746 -14.6946 -0.5
      vertex 39.7746 14.6946 -0.5
      vertex 40.7372 15.9356 -0.5
    endloop
  endfacet
  facet normal 0 0 -1
    outer loop
      vertex 38.8918 -13.3957 -0.5
      vertex 39.7746 14.6946 -0.5
      vertex 39.7746 -14.6946 -0.5
    endloop
  endfacet
  facet normal 0 0 -1
    outer loop
      vertex 38.8918 -13.3957 -0.5
      vertex 38.8918 13.3957 -0.5
      vertex 39.7746 14.6946 -0.5
    endloop
  endfacet
  facet normal 0 0 -1
    outer loop
      vertex 38.0923 -12.0438 -0.5
      vertex 38.8918 13.3957 -0.5
      vertex 38.8918 -13.3957 -0.5
    endloop
  endfacet
  facet normal 0 0 -1
    outer loop
      vertex 38.0923 -12.0438 -0.5
      vertex 38.0923 12.0438 -0.5
      vertex 38.8918 13.3957 -0.5
    endloop
  endfacet
  facet normal 0 0 -1
    outer loop
      vertex 37.3793 -10.6445 -0.5
      vertex 38.0923 12.0438 -0.5
      vertex 38.0923 -12.0438 -0.5
    endloop
  endfacet
  facet normal 0 0 -1
    outer loop
      vertex 37.3793 -10.6445 -0.5
      vertex 37.3793 10.6445 -0.5
      vertex 38.0923 12.0438 -0.5
    endloop
  endfacet
  facet normal 0 0 -1
    outer loop
      vertex 36.7556 -9.20311 -0.5
      vertex 37.3793 10.6445 -0.5
      vertex 37.3793 -10.6445 -0.5
    endloop
  endfacet
  facet normal 0 0 -1
    outer loop
      vertex 36.7556 -9.20311 -0.5
      vertex 36.7556 9.20311 -0.5
      vertex 37.3793 10.6445 -0.5
    endloop
  endfacet
  facet normal 0 0 -1
    outer loop
      vertex 36.2236 -7.72542 -0.5
      vertex 36.7556 9.20311 -0.5
      vertex 36.7556 -9.20311 -0.5
    endloop
  endfacet
  facet normal 0 0 -1
    outer loop
      vertex 36.2236 -7.72542 -0.5
      vertex 36.2236 7.72542 -0.5
      vertex 36.7556 9.20311 -0.5
    endloop
  endfacet
  facet normal 0 0 -1
    outer loop
      vertex 35.7854 -6.21725 -0.5
      vertex 36.2236 7.72542 -0.5
      vertex 36.2236 -7.72542 -0.5
    endloop
  endfacet
  facet normal 0 0 -1
    outer loop
      vertex 35.7854 -6.21725 -0.5
      vertex 35.7854 6.21725 -0.5
      vertex 36.2236 7.72542 -0.5
    endloop
  endfacet
  facet normal 0 0 -1
    outer loop
      vertex 35.4428 -4.68453 -0.5
      vertex 35.7854 6.21725 -0.5
      vertex 35.7854 -6.21725 -0.5
    endloop
  endfacet
  facet normal 0 0 -1
    outer loop
      vertex 35.4428 -4.68453 -0.5
      vertex 35.4428 4.68453 -0.5
      vertex 35.7854 6.21725 -0.5
    endloop
  endfacet
  facet normal 0 0 -1
    outer loop
      vertex 35.1971 -3.13333 -0.5
      vertex 35.4428 4.68453 -0.5
      vertex 35.4428 -4.68453 -0.5
    endloop
  endfacet
  facet normal 0 0 -1
    outer loop
      vertex 35.1971 -3.13333 -0.5
      vertex 35.1971 3.13333 -0.5
      vertex 35.4428 4.68453 -0.5
    endloop
  endfacet
  facet normal 0 0 -1
    outer loop
      vertex 35.0493 -1.56976 -0.5
      vertex 35.1971 3.13333 -0.5
      vertex 35.1971 -3.13333 -0.5
    endloop
  endfacet
  facet normal 0 0 -1
    outer loop
      vertex 35.0493 -1.56976 -0.5
      vertex 35.0493 1.56976 -0.5
      vertex 35.1971 3.13333 -0.5
    endloop
  endfacet
  facet normal 0 -0 -1
    outer loop
      vertex 35.0493 1.56976 -0.5
      vertex 35.0493 -1.56976 -0.5
      vertex 35 0 -0.5
    endloop
  endfacet
  facet normal 0.156451 -0.987686 0
    outer loop
      vertex 62.8513 -22.5706 2
      vertex 64.2629 -22.347 3
      vertex 62.8513 -22.5706 3
    endloop
  endfacet
  facet normal 0.156451 -0.987686 0
    outer loop
      vertex 64.2629 -22.347 3
      vertex 62.8513 -22.5706 2
      vertex 64.2629 -22.347 2
    endloop
  endfacet
  facet normal -0.827044 -0.562138 0
    outer loop
      vertex 41.5949 -13.3721 2
      vertex 40.7915 -12.1901 3
      vertex 40.7915 -12.1901 2
    endloop
  endfacet
  facet normal -0.827044 -0.562138 0
    outer loop
      vertex 40.7915 -12.1901 3
      vertex 41.5949 -13.3721 2
      vertex 41.5949 -13.3721 3
    endloop
  endfacet
  facet normal -0.338724 -0.940886 0
    outer loop
      vertex 51.6252 -21.1524 2
      vertex 52.9699 -21.6365 3
      vertex 51.6252 -21.1524 3
    endloop
  endfacet
  facet normal -0.338724 -0.940886 -0
    outer loop
      vertex 52.9699 -21.6365 3
      vertex 51.6252 -21.1524 2
      vertex 52.9699 -21.6365 2
    endloop
  endfacet
  facet normal -0.975927 0.218098 0
    outer loop
      vertex 37.653 4.26292 2
      vertex 37.9647 5.65769 3
      vertex 37.9647 5.65769 2
    endloop
  endfacet
  facet normal -0.975927 0.218098 0
    outer loop
      vertex 37.9647 5.65769 3
      vertex 37.653 4.26292 2
      vertex 37.653 4.26292 3
    endloop
  endfacet
  facet normal -0.827044 0.562138 0
    outer loop
      vertex 40.7915 12.1901 2
      vertex 41.5949 13.3721 3
      vertex 41.5949 13.3721 2
    endloop
  endfacet
  facet normal -0.827044 0.562138 0
    outer loop
      vertex 41.5949 13.3721 3
      vertex 40.7915 12.1901 2
      vertex 40.7915 12.1901 3
    endloop
  endfacet
  facet normal 0.156451 0.987686 -0
    outer loop
      vertex 64.2629 22.347 2
      vertex 62.8513 22.5706 3
      vertex 64.2629 22.347 3
    endloop
  endfacet
  facet normal 0.156451 0.987686 0
    outer loop
      vertex 62.8513 22.5706 3
      vertex 64.2629 22.347 2
      vertex 62.8513 22.5706 2
    endloop
  endfacet
  facet normal -0.661353 0.750075 0
    outer loop
      vertex 45.4986 17.5292 2
      vertex 44.4266 16.584 3
      vertex 45.4986 17.5292 3
    endloop
  endfacet
  facet normal -0.661353 0.750075 0
    outer loop
      vertex 44.4266 16.584 3
      vertex 45.4986 17.5292 2
      vertex 44.4266 16.584 2
    endloop
  endfacet
  facet normal 0.661353 -0.750075 0
    outer loop
      vertex 74.5014 -17.5292 2
      vertex 75.5734 -16.584 3
      vertex 74.5014 -17.5292 3
    endloop
  endfacet
  facet normal 0.661353 -0.750075 0
    outer loop
      vertex 75.5734 -16.584 3
      vertex 74.5014 -17.5292 2
      vertex 75.5734 -16.584 2
    endloop
  endfacet
  facet normal 0.79018 0.612874 0
    outer loop
      vertex 78.4051 13.3721 3
      vertex 77.5292 14.5014 2
      vertex 77.5292 14.5014 3
    endloop
  endfacet
  facet normal 0.79018 0.612874 0
    outer loop
      vertex 77.5292 14.5014 2
      vertex 78.4051 13.3721 3
      vertex 78.4051 13.3721 2
    endloop
  endfacet
  facet normal 0.453974 0.891015 -0
    outer loop
      vertex 70.9599 19.936 2
      vertex 69.6865 20.5848 3
      vertex 70.9599 19.936 3
    endloop
  endfacet
  facet normal 0.453974 0.891015 0
    outer loop
      vertex 69.6865 20.5848 3
      vertex 70.9599 19.936 2
      vertex 69.6865 20.5848 2
    endloop
  endfacet
  facet normal -0.750075 0.661353 0
    outer loop
      vertex 42.4708 14.5014 2
      vertex 43.416 15.5734 3
      vertex 43.416 15.5734 2
    endloop
  endfacet
  facet normal -0.750075 0.661353 0
    outer loop
      vertex 43.416 15.5734 3
      vertex 42.4708 14.5014 2
      vertex 42.4708 14.5014 3
    endloop
  endfacet
  facet normal -0.279043 -0.960279 0
    outer loop
      vertex 52.9699 -21.6365 2
      vertex 54.3423 -22.0353 3
      vertex 52.9699 -21.6365 3
    endloop
  endfacet
  facet normal -0.279043 -0.960279 -0
    outer loop
      vertex 54.3423 -22.0353 3
      vertex 52.9699 -21.6365 2
      vertex 54.3423 -22.0353 2
    endloop
  endfacet
  facet normal -0.0941123 0.995562 0
    outer loop
      vertex 58.5715 22.7051 2
      vertex 57.1487 22.5706 3
      vertex 58.5715 22.7051 3
    endloop
  endfacet
  facet normal -0.0941123 0.995562 0
    outer loop
      vertex 57.1487 22.5706 3
      vertex 58.5715 22.7051 2
      vertex 57.1487 22.5706 2
    endloop
  endfacet
  facet normal -0.750075 -0.661353 0
    outer loop
      vertex 43.416 -15.5734 2
      vertex 42.4708 -14.5014 3
      vertex 42.4708 -14.5014 2
    endloop
  endfacet
  facet normal -0.750075 -0.661353 0
    outer loop
      vertex 42.4708 -14.5014 3
      vertex 43.416 -15.5734 2
      vertex 43.416 -15.5734 3
    endloop
  endfacet
  facet normal -0.960281 -0.279034 0
    outer loop
      vertex 38.3635 -7.03014 2
      vertex 37.9647 -5.65769 3
      vertex 37.9647 -5.65769 2
    endloop
  endfacet
  facet normal -0.960281 -0.279034 0
    outer loop
      vertex 37.9647 -5.65769 3
      vertex 38.3635 -7.03014 2
      vertex 38.3635 -7.03014 3
    endloop
  endfacet
  facet normal 0.612874 -0.79018 0
    outer loop
      vertex 73.3721 -18.4051 2
      vertex 74.5014 -17.5292 3
      vertex 73.3721 -18.4051 3
    endloop
  endfacet
  facet normal 0.612874 -0.79018 0
    outer loop
      vertex 74.5014 -17.5292 3
      vertex 73.3721 -18.4051 2
      vertex 74.5014 -17.5292 2
    endloop
  endfacet
  facet normal 0.397134 0.917761 -0
    outer loop
      vertex 69.6865 20.5848 2
      vertex 68.3748 21.1524 3
      vertex 69.6865 20.5848 3
    endloop
  endfacet
  facet normal 0.397134 0.917761 0
    outer loop
      vertex 68.3748 21.1524 3
      vertex 69.6865 20.5848 2
      vertex 68.3748 21.1524 2
    endloop
  endfacet
  facet normal 0.940885 -0.338727 0
    outer loop
      vertex 81.1524 -8.37483 3
      vertex 81.6365 -7.03014 2
      vertex 81.6365 -7.03014 3
    endloop
  endfacet
  facet normal 0.940885 -0.338727 0
    outer loop
      vertex 81.6365 -7.03014 2
      vertex 81.1524 -8.37483 3
      vertex 81.1524 -8.37483 2
    endloop
  endfacet
  facet normal 0.987686 -0.156452 0
    outer loop
      vertex 82.347 -4.26292 3
      vertex 82.5706 -2.85133 2
      vertex 82.5706 -2.85133 3
    endloop
  endfacet
  facet normal 0.987686 -0.156452 0
    outer loop
      vertex 82.5706 -2.85133 2
      vertex 82.347 -4.26292 3
      vertex 82.347 -4.26292 2
    endloop
  endfacet
  facet normal 0.891018 0.453968 0
    outer loop
      vertex 80.5848 9.68648 3
      vertex 79.936 10.9599 2
      vertex 79.936 10.9599 3
    endloop
  endfacet
  facet normal 0.891018 0.453968 0
    outer loop
      vertex 79.936 10.9599 2
      vertex 80.5848 9.68648 3
      vertex 80.5848 9.68648 2
    endloop
  endfacet
  facet normal -0.0941123 -0.995562 0
    outer loop
      vertex 57.1487 -22.5706 2
      vertex 58.5715 -22.7051 3
      vertex 57.1487 -22.5706 3
    endloop
  endfacet
  facet normal -0.0941123 -0.995562 -0
    outer loop
      vertex 58.5715 -22.7051 3
      vertex 57.1487 -22.5706 2
      vertex 58.5715 -22.7051 2
    endloop
  endfacet
  facet normal -0.612874 -0.79018 0
    outer loop
      vertex 45.4986 -17.5292 2
      vertex 46.6279 -18.4051 3
      vertex 45.4986 -17.5292 3
    endloop
  endfacet
  facet normal -0.612874 -0.79018 -0
    outer loop
      vertex 46.6279 -18.4051 3
      vertex 45.4986 -17.5292 2
      vertex 46.6279 -18.4051 2
    endloop
  endfacet
  facet normal 0.987686 0.156452 0
    outer loop
      vertex 82.5706 2.85133 3
      vertex 82.347 4.26292 2
      vertex 82.347 4.26292 3
    endloop
  endfacet
  facet normal 0.987686 0.156452 0
    outer loop
      vertex 82.347 4.26292 2
      vertex 82.5706 2.85133 3
      vertex 82.5706 2.85133 2
    endloop
  endfacet
  facet normal 0.612874 0.79018 -0
    outer loop
      vertex 74.5014 17.5292 2
      vertex 73.3721 18.4051 3
      vertex 74.5014 17.5292 3
    endloop
  endfacet
  facet normal 0.612874 0.79018 0
    outer loop
      vertex 73.3721 18.4051 3
      vertex 74.5014 17.5292 2
      vertex 73.3721 18.4051 2
    endloop
  endfacet
  facet normal -0.0314161 -0.999506 0
    outer loop
      vertex 58.5715 -22.7051 2
      vertex 60 -22.75 3
      vertex 58.5715 -22.7051 3
    endloop
  endfacet
  facet normal -0.0314161 -0.999506 -0
    outer loop
      vertex 60 -22.75 3
      vertex 58.5715 -22.7051 2
      vertex 60 -22.75 2
    endloop
  endfacet
  facet normal 0.707107 0.707107 0
    outer loop
      vertex 76.584 15.5734 3
      vertex 75.5734 16.584 2
      vertex 75.5734 16.584 3
    endloop
  endfacet
  facet normal 0.707107 0.707107 0
    outer loop
      vertex 75.5734 16.584 2
      vertex 76.584 15.5734 3
      vertex 76.584 15.5734 2
    endloop
  endfacet
  facet normal 0.975927 0.218098 0
    outer loop
      vertex 82.347 4.26292 3
      vertex 82.0353 5.65769 2
      vertex 82.0353 5.65769 3
    endloop
  endfacet
  facet normal 0.975927 0.218098 0
    outer loop
      vertex 82.0353 5.65769 2
      vertex 82.347 4.26292 3
      vertex 82.347 4.26292 2
    endloop
  endfacet
  facet normal -0.995562 0.0941091 0
    outer loop
      vertex 37.2949 1.42848 2
      vertex 37.4294 2.85133 3
      vertex 37.4294 2.85133 2
    endloop
  endfacet
  facet normal -0.995562 0.0941091 0
    outer loop
      vertex 37.4294 2.85133 3
      vertex 37.2949 1.42848 2
      vertex 37.2949 1.42848 3
    endloop
  endfacet
  facet normal -0.999506 0.0314165 0
    outer loop
      vertex 37.25 0 2
      vertex 37.2949 1.42848 3
      vertex 37.2949 1.42848 2
    endloop
  endfacet
  facet normal -0.999506 0.0314165 0
    outer loop
      vertex 37.2949 1.42848 3
      vertex 37.25 0 2
      vertex 37.25 0 3
    endloop
  endfacet
  facet normal 0.453974 -0.891015 0
    outer loop
      vertex 69.6865 -20.5848 2
      vertex 70.9599 -19.936 3
      vertex 69.6865 -20.5848 3
    endloop
  endfacet
  facet normal 0.453974 -0.891015 0
    outer loop
      vertex 70.9599 -19.936 3
      vertex 69.6865 -20.5848 2
      vertex 70.9599 -19.936 2
    endloop
  endfacet
  facet normal -0.707107 0.707107 0
    outer loop
      vertex 43.416 15.5734 2
      vertex 44.4266 16.584 3
      vertex 44.4266 16.584 2
    endloop
  endfacet
  facet normal -0.707107 0.707107 0
    outer loop
      vertex 44.4266 16.584 3
      vertex 43.416 15.5734 2
      vertex 43.416 15.5734 3
    endloop
  endfacet
  facet normal 0.79018 -0.612874 0
    outer loop
      vertex 77.5292 -14.5014 3
      vertex 78.4051 -13.3721 2
      vertex 78.4051 -13.3721 3
    endloop
  endfacet
  facet normal 0.79018 -0.612874 0
    outer loop
      vertex 78.4051 -13.3721 2
      vertex 77.5292 -14.5014 3
      vertex 77.5292 -14.5014 2
    endloop
  endfacet
  facet normal 0.940885 0.338727 0
    outer loop
      vertex 81.6365 7.03014 3
      vertex 81.1524 8.37483 2
      vertex 81.1524 8.37483 3
    endloop
  endfacet
  facet normal 0.940885 0.338727 0
    outer loop
      vertex 81.1524 8.37483 2
      vertex 81.6365 7.03014 3
      vertex 81.6365 7.03014 2
    endloop
  endfacet
  facet normal -0.975927 -0.218098 0
    outer loop
      vertex 37.9647 -5.65769 2
      vertex 37.653 -4.26292 3
      vertex 37.653 -4.26292 2
    endloop
  endfacet
  facet normal -0.975927 -0.218098 0
    outer loop
      vertex 37.653 -4.26292 3
      vertex 37.9647 -5.65769 2
      vertex 37.9647 -5.65769 3
    endloop
  endfacet
  facet normal 0.279043 -0.960279 0
    outer loop
      vertex 65.6577 -22.0353 2
      vertex 67.0301 -21.6365 3
      vertex 65.6577 -22.0353 3
    endloop
  endfacet
  facet normal 0.279043 -0.960279 0
    outer loop
      vertex 67.0301 -21.6365 3
      vertex 65.6577 -22.0353 2
      vertex 67.0301 -21.6365 2
    endloop
  endfacet
  facet normal -0.860754 0.509022 0
    outer loop
      vertex 40.064 10.9599 2
      vertex 40.7915 12.1901 3
      vertex 40.7915 12.1901 2
    endloop
  endfacet
  facet normal -0.860754 0.509022 0
    outer loop
      vertex 40.7915 12.1901 3
      vertex 40.064 10.9599 2
      vertex 40.064 10.9599 3
    endloop
  endfacet
  facet normal -0.338724 0.940886 0
    outer loop
      vertex 52.9699 21.6365 2
      vertex 51.6252 21.1524 3
      vertex 52.9699 21.6365 3
    endloop
  endfacet
  facet normal -0.338724 0.940886 0
    outer loop
      vertex 51.6252 21.1524 3
      vertex 52.9699 21.6365 2
      vertex 51.6252 21.1524 2
    endloop
  endfacet
  facet normal 0.917755 0.397147 0
    outer loop
      vertex 81.1524 8.37483 3
      vertex 80.5848 9.68648 2
      vertex 80.5848 9.68648 3
    endloop
  endfacet
  facet normal 0.917755 0.397147 0
    outer loop
      vertex 80.5848 9.68648 2
      vertex 81.1524 8.37483 3
      vertex 81.1524 8.37483 2
    endloop
  endfacet
  facet normal -0.562138 0.827044 0
    outer loop
      vertex 47.8099 19.2085 2
      vertex 46.6279 18.4051 3
      vertex 47.8099 19.2085 3
    endloop
  endfacet
  facet normal -0.562138 0.827044 0
    outer loop
      vertex 46.6279 18.4051 3
      vertex 47.8099 19.2085 2
      vertex 46.6279 18.4051 2
    endloop
  endfacet
  facet normal -0.891018 -0.453968 0
    outer loop
      vertex 40.064 -10.9599 2
      vertex 39.4152 -9.68648 3
      vertex 39.4152 -9.68648 2
    endloop
  endfacet
  facet normal -0.891018 -0.453968 0
    outer loop
      vertex 39.4152 -9.68648 3
      vertex 40.064 -10.9599 2
      vertex 40.064 -10.9599 3
    endloop
  endfacet
  facet normal -0.509022 0.860754 0
    outer loop
      vertex 49.0401 19.936 2
      vertex 47.8099 19.2085 3
      vertex 49.0401 19.936 3
    endloop
  endfacet
  facet normal -0.509022 0.860754 0
    outer loop
      vertex 47.8099 19.2085 3
      vertex 49.0401 19.936 2
      vertex 47.8099 19.2085 2
    endloop
  endfacet
  facet normal -0.453974 0.891015 0
    outer loop
      vertex 50.3135 20.5848 2
      vertex 49.0401 19.936 3
      vertex 50.3135 20.5848 3
    endloop
  endfacet
  facet normal -0.453974 0.891015 0
    outer loop
      vertex 49.0401 19.936 3
      vertex 50.3135 20.5848 2
      vertex 49.0401 19.936 2
    endloop
  endfacet
  facet normal 0 0 1
    outer loop
      vertex 81.35 0 3
      vertex 82.75 0 3
      vertex 82.7051 1.42848 3
    endloop
  endfacet
  facet normal 0 0 1
    outer loop
      vertex 81.3079 1.34058 3
      vertex 82.7051 1.42848 3
      vertex 82.5706 2.85133 3
    endloop
  endfacet
  facet normal 0 0 1
    outer loop
      vertex 82.75 0 3
      vertex 81.35 0 3
      vertex 82.7051 -1.42848 3
    endloop
  endfacet
  facet normal 0 0 1
    outer loop
      vertex 81.1816 2.67586 3
      vertex 82.5706 2.85133 3
      vertex 82.347 4.26292 3
    endloop
  endfacet
  facet normal -0 0 1
    outer loop
      vertex 81.3079 -1.34058 3
      vertex 82.7051 -1.42848 3
      vertex 81.35 0 3
    endloop
  endfacet
  facet normal 0 0 1
    outer loop
      vertex 80.9718 4.00059 3
      vertex 82.347 4.26292 3
      vertex 82.0353 5.65769 3
    endloop
  endfacet
  facet normal 0 0 1
    outer loop
      vertex 82.7051 -1.42848 3
      vertex 81.3079 -1.34058 3
      vertex 82.5706 -2.85133 3
    endloop
  endfacet
  facet normal 0 0 1
    outer loop
      vertex 80.6793 5.30953 3
      vertex 82.0353 5.65769 3
      vertex 81.6365 7.03014 3
    endloop
  endfacet
  facet normal -0 0 1
    outer loop
      vertex 81.1816 -2.67586 3
      vertex 82.5706 -2.85133 3
      vertex 81.3079 -1.34058 3
    endloop
  endfacet
  facet normal 0 0 1
    outer loop
      vertex 82.5706 -2.85133 3
      vertex 81.1816 -2.67586 3
      vertex 82.347 -4.26292 3
    endloop
  endfacet
  facet normal 0 0 1
    outer loop
      vertex 82.7051 1.42848 3
      vertex 81.3079 1.34058 3
      vertex 81.35 0 3
    endloop
  endfacet
  facet normal 0 0 1
    outer loop
      vertex 82.5706 2.85133 3
      vertex 81.1816 2.67586 3
      vertex 81.3079 1.34058 3
    endloop
  endfacet
  facet normal 0 0 1
    outer loop
      vertex 80.3051 6.59751 3
      vertex 81.6365 7.03014 3
      vertex 81.1524 8.37483 3
    endloop
  endfacet
  facet normal 0 0 1
    outer loop
      vertex 82.347 4.26292 3
      vertex 80.9718 4.00059 3
      vertex 81.1816 2.67586 3
    endloop
  endfacet
  facet normal 0 0 1
    outer loop
      vertex 82.0353 5.65769 3
      vertex 80.6793 5.30953 3
      vertex 80.9718 4.00059 3
    endloop
  endfacet
  facet normal 0 0 1
    outer loop
      vertex 79.8507 7.85946 3
      vertex 81.1524 8.37483 3
      vertex 80.5848 9.68648 3
    endloop
  endfacet
  facet normal 0 0 1
    outer loop
      vertex 81.6365 7.03014 3
      vertex 80.3051 6.59751 3
      vertex 80.6793 5.30953 3
    endloop
  endfacet
  facet normal 0 0 1
    outer loop
      vertex 79.3181 9.09039 3
      vertex 80.5848 9.68648 3
      vertex 79.936 10.9599 3
    endloop
  endfacet
  facet normal 0 0 1
    outer loop
      vertex 81.1524 8.37483 3
      vertex 79.8507 7.85946 3
      vertex 80.3051 6.59751 3
    endloop
  endfacet
  facet normal 0 0 1
    outer loop
      vertex 80.5848 9.68648 3
      vertex 79.3181 9.09039 3
      vertex 79.8507 7.85946 3
    endloop
  endfacet
  facet normal 0 0 1
    outer loop
      vertex 78.7091 10.2854 3
      vertex 79.936 10.9599 3
      vertex 79.2085 12.1901 3
    endloop
  endfacet
  facet normal 0 0 1
    outer loop
      vertex 79.936 10.9599 3
      vertex 78.7091 10.2854 3
      vertex 79.3181 9.09039 3
    endloop
  endfacet
  facet normal 0 0 1
    outer loop
      vertex 78.0264 11.4399 3
      vertex 79.2085 12.1901 3
      vertex 78.4051 13.3721 3
    endloop
  endfacet
  facet normal 0 0 1
    outer loop
      vertex 79.2085 12.1901 3
      vertex 78.0264 11.4399 3
      vertex 78.7091 10.2854 3
    endloop
  endfacet
  facet normal 0 0 1
    outer loop
      vertex 77.2725 12.5492 3
      vertex 78.4051 13.3721 3
      vertex 77.5292 14.5014 3
    endloop
  endfacet
  facet normal 0 0 1
    outer loop
      vertex 78.4051 13.3721 3
      vertex 77.2725 12.5492 3
      vertex 78.0264 11.4399 3
    endloop
  endfacet
  facet normal 0 0 1
    outer loop
      vertex 76.4505 13.609 3
      vertex 77.5292 14.5014 3
      vertex 76.584 15.5734 3
    endloop
  endfacet
  facet normal 0 0 1
    outer loop
      vertex 77.5292 14.5014 3
      vertex 76.4505 13.609 3
      vertex 77.2725 12.5492 3
    endloop
  endfacet
  facet normal 0 0 1
    outer loop
      vertex 75.5635 14.6151 3
      vertex 76.584 15.5734 3
      vertex 75.5734 16.584 3
    endloop
  endfacet
  facet normal 0 0 1
    outer loop
      vertex 76.584 15.5734 3
      vertex 75.5635 14.6151 3
      vertex 76.4505 13.609 3
    endloop
  endfacet
  facet normal 0 0 1
    outer loop
      vertex 75.5734 16.584 3
      vertex 74.6151 15.5635 3
      vertex 75.5635 14.6151 3
    endloop
  endfacet
  facet normal 0 0 1
    outer loop
      vertex 74.5014 17.5292 3
      vertex 74.6151 15.5635 3
      vertex 75.5734 16.584 3
    endloop
  endfacet
  facet normal 0 0 1
    outer loop
      vertex 74.5014 17.5292 3
      vertex 73.609 16.4505 3
      vertex 74.6151 15.5635 3
    endloop
  endfacet
  facet normal 0 0 1
    outer loop
      vertex 73.3721 18.4051 3
      vertex 73.609 16.4505 3
      vertex 74.5014 17.5292 3
    endloop
  endfacet
  facet normal 0 0 1
    outer loop
      vertex 73.3721 18.4051 3
      vertex 72.5492 17.2725 3
      vertex 73.609 16.4505 3
    endloop
  endfacet
  facet normal 0 0 1
    outer loop
      vertex 72.1901 19.2085 3
      vertex 72.5492 17.2725 3
      vertex 73.3721 18.4051 3
    endloop
  endfacet
  facet normal 0 0 1
    outer loop
      vertex 72.1901 19.2085 3
      vertex 71.4399 18.0264 3
      vertex 72.5492 17.2725 3
    endloop
  endfacet
  facet normal 0 0 1
    outer loop
      vertex 70.9599 19.936 3
      vertex 71.4399 18.0264 3
      vertex 72.1901 19.2085 3
    endloop
  endfacet
  facet normal 0 0 1
    outer loop
      vertex 70.9599 19.936 3
      vertex 70.2854 18.7091 3
      vertex 71.4399 18.0264 3
    endloop
  endfacet
  facet normal 0 0 1
    outer loop
      vertex 69.6865 20.5848 3
      vertex 70.2854 18.7091 3
      vertex 70.9599 19.936 3
    endloop
  endfacet
  facet normal 0 0 1
    outer loop
      vertex 69.6865 20.5848 3
      vertex 69.0904 19.3181 3
      vertex 70.2854 18.7091 3
    endloop
  endfacet
  facet normal 0 0 1
    outer loop
      vertex 68.3748 21.1524 3
      vertex 69.0904 19.3181 3
      vertex 69.6865 20.5848 3
    endloop
  endfacet
  facet normal 0 0 1
    outer loop
      vertex 68.3748 21.1524 3
      vertex 67.8595 19.8507 3
      vertex 69.0904 19.3181 3
    endloop
  endfacet
  facet normal 0 0 1
    outer loop
      vertex 67.0301 21.6365 3
      vertex 67.8595 19.8507 3
      vertex 68.3748 21.1524 3
    endloop
  endfacet
  facet normal 0 0 1
    outer loop
      vertex 67.0301 21.6365 3
      vertex 66.5975 20.3051 3
      vertex 67.8595 19.8507 3
    endloop
  endfacet
  facet normal 0 0 1
    outer loop
      vertex 65.6577 22.0353 3
      vertex 66.5975 20.3051 3
      vertex 67.0301 21.6365 3
    endloop
  endfacet
  facet normal 0 0 1
    outer loop
      vertex 65.6577 22.0353 3
      vertex 65.3095 20.6792 3
      vertex 66.5975 20.3051 3
    endloop
  endfacet
  facet normal 0 0 1
    outer loop
      vertex 64.2629 22.347 3
      vertex 65.3095 20.6792 3
      vertex 65.6577 22.0353 3
    endloop
  endfacet
  facet normal 0 0 1
    outer loop
      vertex 64.2629 22.347 3
      vertex 64.0006 20.9718 3
      vertex 65.3095 20.6792 3
    endloop
  endfacet
  facet normal 0 0 1
    outer loop
      vertex 62.8513 22.5706 3
      vertex 64.0006 20.9718 3
      vertex 64.2629 22.347 3
    endloop
  endfacet
  facet normal 0 0 1
    outer loop
      vertex 62.8513 22.5706 3
      vertex 62.6759 21.1816 3
      vertex 64.0006 20.9718 3
    endloop
  endfacet
  facet normal 0 0 1
    outer loop
      vertex 61.4285 22.7051 3
      vertex 62.6759 21.1816 3
      vertex 62.8513 22.5706 3
    endloop
  endfacet
  facet normal 0 0 1
    outer loop
      vertex 61.4285 22.7051 3
      vertex 61.3406 21.3079 3
      vertex 62.6759 21.1816 3
    endloop
  endfacet
  facet normal 0 0 1
    outer loop
      vertex 60 22.75 3
      vertex 61.3406 21.3079 3
      vertex 61.4285 22.7051 3
    endloop
  endfacet
  facet normal 0 0 1
    outer loop
      vertex 60 22.75 3
      vertex 60 21.35 3
      vertex 61.3406 21.3079 3
    endloop
  endfacet
  facet normal 0 0 1
    outer loop
      vertex 60 22.75 3
      vertex 58.6594 21.3079 3
      vertex 60 21.35 3
    endloop
  endfacet
  facet normal -0 0 1
    outer loop
      vertex 58.5715 22.7051 3
      vertex 58.6594 21.3079 3
      vertex 60 22.75 3
    endloop
  endfacet
  facet normal 0 0 1
    outer loop
      vertex 58.5715 22.7051 3
      vertex 57.3241 21.1816 3
      vertex 58.6594 21.3079 3
    endloop
  endfacet
  facet normal -0 0 1
    outer loop
      vertex 57.1487 22.5706 3
      vertex 57.3241 21.1816 3
      vertex 58.5715 22.7051 3
    endloop
  endfacet
  facet normal 0 0 1
    outer loop
      vertex 57.1487 22.5706 3
      vertex 55.9994 20.9718 3
      vertex 57.3241 21.1816 3
    endloop
  endfacet
  facet normal -0 0 1
    outer loop
      vertex 55.7371 22.347 3
      vertex 55.9994 20.9718 3
      vertex 57.1487 22.5706 3
    endloop
  endfacet
  facet normal 0 0 1
    outer loop
      vertex 55.7371 22.347 3
      vertex 54.6905 20.6792 3
      vertex 55.9994 20.9718 3
    endloop
  endfacet
  facet normal -0 0 1
    outer loop
      vertex 54.3423 22.0353 3
      vertex 54.6905 20.6792 3
      vertex 55.7371 22.347 3
    endloop
  endfacet
  facet normal 0 0 1
    outer loop
      vertex 54.3423 22.0353 3
      vertex 53.4025 20.3051 3
      vertex 54.6905 20.6792 3
    endloop
  endfacet
  facet normal -0 0 1
    outer loop
      vertex 52.9699 21.6365 3
      vertex 53.4025 20.3051 3
      vertex 54.3423 22.0353 3
    endloop
  endfacet
  facet normal 0 0 1
    outer loop
      vertex 52.9699 21.6365 3
      vertex 52.1405 19.8507 3
      vertex 53.4025 20.3051 3
    endloop
  endfacet
  facet normal -0 0 1
    outer loop
      vertex 51.6252 21.1524 3
      vertex 52.1405 19.8507 3
      vertex 52.9699 21.6365 3
    endloop
  endfacet
  facet normal 0 0 1
    outer loop
      vertex 51.6252 21.1524 3
      vertex 50.9096 19.3181 3
      vertex 52.1405 19.8507 3
    endloop
  endfacet
  facet normal -0 0 1
    outer loop
      vertex 50.3135 20.5848 3
      vertex 50.9096 19.3181 3
      vertex 51.6252 21.1524 3
    endloop
  endfacet
  facet normal 0 0 1
    outer loop
      vertex 50.3135 20.5848 3
      vertex 49.7146 18.7091 3
      vertex 50.9096 19.3181 3
    endloop
  endfacet
  facet normal -0 0 1
    outer loop
      vertex 49.0401 19.936 3
      vertex 49.7146 18.7091 3
      vertex 50.3135 20.5848 3
    endloop
  endfacet
  facet normal 0 0 1
    outer loop
      vertex 49.0401 19.936 3
      vertex 48.5601 18.0264 3
      vertex 49.7146 18.7091 3
    endloop
  endfacet
  facet normal -0 0 1
    outer loop
      vertex 47.8099 19.2085 3
      vertex 48.5601 18.0264 3
      vertex 49.0401 19.936 3
    endloop
  endfacet
  facet normal 0 0 1
    outer loop
      vertex 47.8099 19.2085 3
      vertex 47.4508 17.2725 3
      vertex 48.5601 18.0264 3
    endloop
  endfacet
  facet normal -0 0 1
    outer loop
      vertex 46.6279 18.4051 3
      vertex 47.4508 17.2725 3
      vertex 47.8099 19.2085 3
    endloop
  endfacet
  facet normal 0 0 1
    outer loop
      vertex 46.6279 18.4051 3
      vertex 46.391 16.4505 3
      vertex 47.4508 17.2725 3
    endloop
  endfacet
  facet normal -0 0 1
    outer loop
      vertex 45.4986 17.5292 3
      vertex 46.391 16.4505 3
      vertex 46.6279 18.4051 3
    endloop
  endfacet
  facet normal 0 0 1
    outer loop
      vertex 45.4986 17.5292 3
      vertex 45.3849 15.5635 3
      vertex 46.391 16.4505 3
    endloop
  endfacet
  facet normal -0 0 1
    outer loop
      vertex 44.4266 16.584 3
      vertex 45.3849 15.5635 3
      vertex 45.4986 17.5292 3
    endloop
  endfacet
  facet normal 0 0 1
    outer loop
      vertex 45.3849 15.5635 3
      vertex 44.4266 16.584 3
      vertex 44.4365 14.6151 3
    endloop
  endfacet
  facet normal -0 0 1
    outer loop
      vertex 43.416 15.5734 3
      vertex 44.4365 14.6151 3
      vertex 44.4266 16.584 3
    endloop
  endfacet
  facet normal 0 0 1
    outer loop
      vertex 44.4365 14.6151 3
      vertex 43.416 15.5734 3
      vertex 43.5495 13.609 3
    endloop
  endfacet
  facet normal -0 0 1
    outer loop
      vertex 42.4708 14.5014 3
      vertex 43.5495 13.609 3
      vertex 43.416 15.5734 3
    endloop
  endfacet
  facet normal 0 0 1
    outer loop
      vertex 43.5495 13.609 3
      vertex 42.4708 14.5014 3
      vertex 42.7275 12.5492 3
    endloop
  endfacet
  facet normal -0 0 1
    outer loop
      vertex 41.5949 13.3721 3
      vertex 42.7275 12.5492 3
      vertex 42.4708 14.5014 3
    endloop
  endfacet
  facet normal 0 0 1
    outer loop
      vertex 42.7275 12.5492 3
      vertex 41.5949 13.3721 3
      vertex 41.9736 11.4399 3
    endloop
  endfacet
  facet normal -0 0 1
    outer loop
      vertex 40.7915 12.1901 3
      vertex 41.9736 11.4399 3
      vertex 41.5949 13.3721 3
    endloop
  endfacet
  facet normal 0 0 1
    outer loop
      vertex 41.9736 11.4399 3
      vertex 40.7915 12.1901 3
      vertex 41.2909 10.2854 3
    endloop
  endfacet
  facet normal -0 0 1
    outer loop
      vertex 40.064 10.9599 3
      vertex 41.2909 10.2854 3
      vertex 40.7915 12.1901 3
    endloop
  endfacet
  facet normal 0 0 1
    outer loop
      vertex 41.2909 10.2854 3
      vertex 40.064 10.9599 3
      vertex 40.6819 9.09039 3
    endloop
  endfacet
  facet normal -0 0 1
    outer loop
      vertex 39.4152 9.68648 3
      vertex 40.6819 9.09039 3
      vertex 40.064 10.9599 3
    endloop
  endfacet
  facet normal 0 0 1
    outer loop
      vertex 40.6819 9.09039 3
      vertex 39.4152 9.68648 3
      vertex 40.1493 7.85946 3
    endloop
  endfacet
  facet normal -0 0 1
    outer loop
      vertex 38.8476 8.37483 3
      vertex 40.1493 7.85946 3
      vertex 39.4152 9.68648 3
    endloop
  endfacet
  facet normal 0 0 1
    outer loop
      vertex 40.1493 7.85946 3
      vertex 38.8476 8.37483 3
      vertex 39.6949 6.59751 3
    endloop
  endfacet
  facet normal -0 0 1
    outer loop
      vertex 38.3635 7.03014 3
      vertex 39.6949 6.59751 3
      vertex 38.8476 8.37483 3
    endloop
  endfacet
  facet normal 0 0 1
    outer loop
      vertex 39.6949 6.59751 3
      vertex 38.3635 7.03014 3
      vertex 39.3208 5.30953 3
    endloop
  endfacet
  facet normal -0 0 1
    outer loop
      vertex 37.9647 5.65769 3
      vertex 39.3208 5.30953 3
      vertex 38.3635 7.03014 3
    endloop
  endfacet
  facet normal 0 0 1
    outer loop
      vertex 39.3208 5.30953 3
      vertex 37.9647 5.65769 3
      vertex 39.0282 4.00059 3
    endloop
  endfacet
  facet normal -0 0 1
    outer loop
      vertex 37.653 4.26292 3
      vertex 39.0282 4.00059 3
      vertex 37.9647 5.65769 3
    endloop
  endfacet
  facet normal 0 0 1
    outer loop
      vertex 39.0282 4.00059 3
      vertex 37.653 4.26292 3
      vertex 38.8184 2.67586 3
    endloop
  endfacet
  facet normal -0 0 1
    outer loop
      vertex 80.9718 -4.00059 3
      vertex 82.347 -4.26292 3
      vertex 81.1816 -2.67586 3
    endloop
  endfacet
  facet normal 0 0 1
    outer loop
      vertex 82.347 -4.26292 3
      vertex 80.9718 -4.00059 3
      vertex 82.0353 -5.65769 3
    endloop
  endfacet
  facet normal -0 0 1
    outer loop
      vertex 80.6793 -5.30953 3
      vertex 82.0353 -5.65769 3
      vertex 80.9718 -4.00059 3
    endloop
  endfacet
  facet normal 0 0 1
    outer loop
      vertex 82.0353 -5.65769 3
      vertex 80.6793 -5.30953 3
      vertex 81.6365 -7.03014 3
    endloop
  endfacet
  facet normal -0 0 1
    outer loop
      vertex 80.3051 -6.59751 3
      vertex 81.6365 -7.03014 3
      vertex 80.6793 -5.30953 3
    endloop
  endfacet
  facet normal 0 0 1
    outer loop
      vertex 81.6365 -7.03014 3
      vertex 80.3051 -6.59751 3
      vertex 81.1524 -8.37483 3
    endloop
  endfacet
  facet normal -0 0 1
    outer loop
      vertex 79.8507 -7.85946 3
      vertex 81.1524 -8.37483 3
      vertex 80.3051 -6.59751 3
    endloop
  endfacet
  facet normal 0 0 1
    outer loop
      vertex 81.1524 -8.37483 3
      vertex 79.8507 -7.85946 3
      vertex 80.5848 -9.68648 3
    endloop
  endfacet
  facet normal -0 0 1
    outer loop
      vertex 79.3181 -9.09039 3
      vertex 80.5848 -9.68648 3
      vertex 79.8507 -7.85946 3
    endloop
  endfacet
  facet normal 0 0 1
    outer loop
      vertex 80.5848 -9.68648 3
      vertex 79.3181 -9.09039 3
      vertex 79.936 -10.9599 3
    endloop
  endfacet
  facet normal -0 0 1
    outer loop
      vertex 78.7091 -10.2854 3
      vertex 79.936 -10.9599 3
      vertex 79.3181 -9.09039 3
    endloop
  endfacet
  facet normal 0 0 1
    outer loop
      vertex 79.936 -10.9599 3
      vertex 78.7091 -10.2854 3
      vertex 79.2085 -12.1901 3
    endloop
  endfacet
  facet normal -0 0 1
    outer loop
      vertex 78.0264 -11.4399 3
      vertex 79.2085 -12.1901 3
      vertex 78.7091 -10.2854 3
    endloop
  endfacet
  facet normal 0 0 1
    outer loop
      vertex 79.2085 -12.1901 3
      vertex 78.0264 -11.4399 3
      vertex 78.4051 -13.3721 3
    endloop
  endfacet
  facet normal -0 0 1
    outer loop
      vertex 77.2725 -12.5492 3
      vertex 78.4051 -13.3721 3
      vertex 78.0264 -11.4399 3
    endloop
  endfacet
  facet normal 0 0 1
    outer loop
      vertex 78.4051 -13.3721 3
      vertex 77.2725 -12.5492 3
      vertex 77.5292 -14.5014 3
    endloop
  endfacet
  facet normal -0 0 1
    outer loop
      vertex 76.4505 -13.609 3
      vertex 77.5292 -14.5014 3
      vertex 77.2725 -12.5492 3
    endloop
  endfacet
  facet normal 0 0 1
    outer loop
      vertex 77.5292 -14.5014 3
      vertex 76.4505 -13.609 3
      vertex 76.584 -15.5734 3
    endloop
  endfacet
  facet normal -0 0 1
    outer loop
      vertex 75.5635 -14.6151 3
      vertex 76.584 -15.5734 3
      vertex 76.4505 -13.609 3
    endloop
  endfacet
  facet normal 0 0 1
    outer loop
      vertex 76.584 -15.5734 3
      vertex 75.5635 -14.6151 3
      vertex 75.5734 -16.584 3
    endloop
  endfacet
  facet normal -0 0 1
    outer loop
      vertex 74.6151 -15.5635 3
      vertex 75.5734 -16.584 3
      vertex 75.5635 -14.6151 3
    endloop
  endfacet
  facet normal 0 0 1
    outer loop
      vertex 74.6151 -15.5635 3
      vertex 74.5014 -17.5292 3
      vertex 75.5734 -16.584 3
    endloop
  endfacet
  facet normal -0 0 1
    outer loop
      vertex 73.609 -16.4505 3
      vertex 74.5014 -17.5292 3
      vertex 74.6151 -15.5635 3
    endloop
  endfacet
  facet normal 0 0 1
    outer loop
      vertex 73.609 -16.4505 3
      vertex 73.3721 -18.4051 3
      vertex 74.5014 -17.5292 3
    endloop
  endfacet
  facet normal -0 0 1
    outer loop
      vertex 72.5492 -17.2725 3
      vertex 73.3721 -18.4051 3
      vertex 73.609 -16.4505 3
    endloop
  endfacet
  facet normal 0 0 1
    outer loop
      vertex 72.5492 -17.2725 3
      vertex 72.1901 -19.2085 3
      vertex 73.3721 -18.4051 3
    endloop
  endfacet
  facet normal -0 0 1
    outer loop
      vertex 71.4399 -18.0264 3
      vertex 72.1901 -19.2085 3
      vertex 72.5492 -17.2725 3
    endloop
  endfacet
  facet normal 0 0 1
    outer loop
      vertex 71.4399 -18.0264 3
      vertex 70.9599 -19.936 3
      vertex 72.1901 -19.2085 3
    endloop
  endfacet
  facet normal -0 0 1
    outer loop
      vertex 70.2854 -18.7091 3
      vertex 70.9599 -19.936 3
      vertex 71.4399 -18.0264 3
    endloop
  endfacet
  facet normal 0 0 1
    outer loop
      vertex 70.2854 -18.7091 3
      vertex 69.6865 -20.5848 3
      vertex 70.9599 -19.936 3
    endloop
  endfacet
  facet normal -0 0 1
    outer loop
      vertex 69.0904 -19.3181 3
      vertex 69.6865 -20.5848 3
      vertex 70.2854 -18.7091 3
    endloop
  endfacet
  facet normal 0 0 1
    outer loop
      vertex 69.0904 -19.3181 3
      vertex 68.3748 -21.1524 3
      vertex 69.6865 -20.5848 3
    endloop
  endfacet
  facet normal -0 0 1
    outer loop
      vertex 67.8595 -19.8507 3
      vertex 68.3748 -21.1524 3
      vertex 69.0904 -19.3181 3
    endloop
  endfacet
  facet normal 0 0 1
    outer loop
      vertex 67.8595 -19.8507 3
      vertex 67.0301 -21.6365 3
      vertex 68.3748 -21.1524 3
    endloop
  endfacet
  facet normal -0 0 1
    outer loop
      vertex 66.5975 -20.3051 3
      vertex 67.0301 -21.6365 3
      vertex 67.8595 -19.8507 3
    endloop
  endfacet
  facet normal 0 0 1
    outer loop
      vertex 66.5975 -20.3051 3
      vertex 65.6577 -22.0353 3
      vertex 67.0301 -21.6365 3
    endloop
  endfacet
  facet normal -0 0 1
    outer loop
      vertex 65.3095 -20.6792 3
      vertex 65.6577 -22.0353 3
      vertex 66.5975 -20.3051 3
    endloop
  endfacet
  facet normal 0 0 1
    outer loop
      vertex 65.3095 -20.6792 3
      vertex 64.2629 -22.347 3
      vertex 65.6577 -22.0353 3
    endloop
  endfacet
  facet normal -0 0 1
    outer loop
      vertex 64.0006 -20.9718 3
      vertex 64.2629 -22.347 3
      vertex 65.3095 -20.6792 3
    endloop
  endfacet
  facet normal 0 0 1
    outer loop
      vertex 64.0006 -20.9718 3
      vertex 62.8513 -22.5706 3
      vertex 64.2629 -22.347 3
    endloop
  endfacet
  facet normal -0 0 1
    outer loop
      vertex 62.6759 -21.1816 3
      vertex 62.8513 -22.5706 3
      vertex 64.0006 -20.9718 3
    endloop
  endfacet
  facet normal 0 0 1
    outer loop
      vertex 62.6759 -21.1816 3
      vertex 61.4285 -22.7051 3
      vertex 62.8513 -22.5706 3
    endloop
  endfacet
  facet normal -0 0 1
    outer loop
      vertex 61.3406 -21.3079 3
      vertex 61.4285 -22.7051 3
      vertex 62.6759 -21.1816 3
    endloop
  endfacet
  facet normal -0 0 1
    outer loop
      vertex 60 -21.35 3
      vertex 61.4285 -22.7051 3
      vertex 61.3406 -21.3079 3
    endloop
  endfacet
  facet normal 0 0 1
    outer loop
      vertex 60 -21.35 3
      vertex 60 -22.75 3
      vertex 61.4285 -22.7051 3
    endloop
  endfacet
  facet normal 0 0 1
    outer loop
      vertex 58.6594 -21.3079 3
      vertex 60 -22.75 3
      vertex 60 -21.35 3
    endloop
  endfacet
  facet normal 0 0 1
    outer loop
      vertex 58.6594 -21.3079 3
      vertex 58.5715 -22.7051 3
      vertex 60 -22.75 3
    endloop
  endfacet
  facet normal 0 0 1
    outer loop
      vertex 57.3241 -21.1816 3
      vertex 58.5715 -22.7051 3
      vertex 58.6594 -21.3079 3
    endloop
  endfacet
  facet normal 0 0 1
    outer loop
      vertex 57.3241 -21.1816 3
      vertex 57.1487 -22.5706 3
      vertex 58.5715 -22.7051 3
    endloop
  endfacet
  facet normal 0 0 1
    outer loop
      vertex 55.9994 -20.9718 3
      vertex 57.1487 -22.5706 3
      vertex 57.3241 -21.1816 3
    endloop
  endfacet
  facet normal 0 0 1
    outer loop
      vertex 55.9994 -20.9718 3
      vertex 55.7371 -22.347 3
      vertex 57.1487 -22.5706 3
    endloop
  endfacet
  facet normal 0 0 1
    outer loop
      vertex 54.6905 -20.6792 3
      vertex 55.7371 -22.347 3
      vertex 55.9994 -20.9718 3
    endloop
  endfacet
  facet normal 0 0 1
    outer loop
      vertex 54.6905 -20.6792 3
      vertex 54.3423 -22.0353 3
      vertex 55.7371 -22.347 3
    endloop
  endfacet
  facet normal 0 0 1
    outer loop
      vertex 53.4025 -20.3051 3
      vertex 54.3423 -22.0353 3
      vertex 54.6905 -20.6792 3
    endloop
  endfacet
  facet normal 0 0 1
    outer loop
      vertex 53.4025 -20.3051 3
      vertex 52.9699 -21.6365 3
      vertex 54.3423 -22.0353 3
    endloop
  endfacet
  facet normal 0 0 1
    outer loop
      vertex 52.1405 -19.8507 3
      vertex 52.9699 -21.6365 3
      vertex 53.4025 -20.3051 3
    endloop
  endfacet
  facet normal 0 0 1
    outer loop
      vertex 52.1405 -19.8507 3
      vertex 51.6252 -21.1524 3
      vertex 52.9699 -21.6365 3
    endloop
  endfacet
  facet normal 0 0 1
    outer loop
      vertex 50.9096 -19.3181 3
      vertex 51.6252 -21.1524 3
      vertex 52.1405 -19.8507 3
    endloop
  endfacet
  facet normal 0 0 1
    outer loop
      vertex 50.9096 -19.3181 3
      vertex 50.3135 -20.5848 3
      vertex 51.6252 -21.1524 3
    endloop
  endfacet
  facet normal 0 0 1
    outer loop
      vertex 49.7146 -18.7091 3
      vertex 50.3135 -20.5848 3
      vertex 50.9096 -19.3181 3
    endloop
  endfacet
  facet normal 0 0 1
    outer loop
      vertex 49.7146 -18.7091 3
      vertex 49.0401 -19.936 3
      vertex 50.3135 -20.5848 3
    endloop
  endfacet
  facet normal 0 0 1
    outer loop
      vertex 48.5601 -18.0264 3
      vertex 49.0401 -19.936 3
      vertex 49.7146 -18.7091 3
    endloop
  endfacet
  facet normal 0 0 1
    outer loop
      vertex 48.5601 -18.0264 3
      vertex 47.8099 -19.2085 3
      vertex 49.0401 -19.936 3
    endloop
  endfacet
  facet normal 0 0 1
    outer loop
      vertex 47.4508 -17.2725 3
      vertex 47.8099 -19.2085 3
      vertex 48.5601 -18.0264 3
    endloop
  endfacet
  facet normal 0 0 1
    outer loop
      vertex 47.4508 -17.2725 3
      vertex 46.6279 -18.4051 3
      vertex 47.8099 -19.2085 3
    endloop
  endfacet
  facet normal 0 0 1
    outer loop
      vertex 46.391 -16.4505 3
      vertex 46.6279 -18.4051 3
      vertex 47.4508 -17.2725 3
    endloop
  endfacet
  facet normal 0 0 1
    outer loop
      vertex 46.391 -16.4505 3
      vertex 45.4986 -17.5292 3
      vertex 46.6279 -18.4051 3
    endloop
  endfacet
  facet normal 0 0 1
    outer loop
      vertex 45.3849 -15.5635 3
      vertex 45.4986 -17.5292 3
      vertex 46.391 -16.4505 3
    endloop
  endfacet
  facet normal 0 0 1
    outer loop
      vertex 44.4266 -16.584 3
      vertex 45.3849 -15.5635 3
      vertex 44.4365 -14.6151 3
    endloop
  endfacet
  facet normal 0 0 1
    outer loop
      vertex 45.3849 -15.5635 3
      vertex 44.4266 -16.584 3
      vertex 45.4986 -17.5292 3
    endloop
  endfacet
  facet normal 0 0 1
    outer loop
      vertex 43.416 -15.5734 3
      vertex 44.4365 -14.6151 3
      vertex 43.5495 -13.609 3
    endloop
  endfacet
  facet normal 0 0 1
    outer loop
      vertex 44.4365 -14.6151 3
      vertex 43.416 -15.5734 3
      vertex 44.4266 -16.584 3
    endloop
  endfacet
  facet normal 0 0 1
    outer loop
      vertex 42.4708 -14.5014 3
      vertex 43.5495 -13.609 3
      vertex 42.7275 -12.5492 3
    endloop
  endfacet
  facet normal 0 0 1
    outer loop
      vertex 43.5495 -13.609 3
      vertex 42.4708 -14.5014 3
      vertex 43.416 -15.5734 3
    endloop
  endfacet
  facet normal 0 0 1
    outer loop
      vertex 41.5949 -13.3721 3
      vertex 42.7275 -12.5492 3
      vertex 41.9736 -11.4399 3
    endloop
  endfacet
  facet normal 0 0 1
    outer loop
      vertex 42.7275 -12.5492 3
      vertex 41.5949 -13.3721 3
      vertex 42.4708 -14.5014 3
    endloop
  endfacet
  facet normal 0 0 1
    outer loop
      vertex 40.7915 -12.1901 3
      vertex 41.9736 -11.4399 3
      vertex 41.2909 -10.2854 3
    endloop
  endfacet
  facet normal 0 0 1
    outer loop
      vertex 41.9736 -11.4399 3
      vertex 40.7915 -12.1901 3
      vertex 41.5949 -13.3721 3
    endloop
  endfacet
  facet normal 0 0 1
    outer loop
      vertex 40.064 -10.9599 3
      vertex 41.2909 -10.2854 3
      vertex 40.6819 -9.09039 3
    endloop
  endfacet
  facet normal 0 0 1
    outer loop
      vertex 39.4152 -9.68648 3
      vertex 40.6819 -9.09039 3
      vertex 40.1493 -7.85946 3
    endloop
  endfacet
  facet normal 0 0 1
    outer loop
      vertex 41.2909 -10.2854 3
      vertex 40.064 -10.9599 3
      vertex 40.7915 -12.1901 3
    endloop
  endfacet
  facet normal 0 0 1
    outer loop
      vertex 38.8476 -8.37483 3
      vertex 40.1493 -7.85946 3
      vertex 39.6949 -6.59751 3
    endloop
  endfacet
  facet normal 0 0 1
    outer loop
      vertex 40.6819 -9.09039 3
      vertex 39.4152 -9.68648 3
      vertex 40.064 -10.9599 3
    endloop
  endfacet
  facet normal 0 0 1
    outer loop
      vertex 38.3635 -7.03014 3
      vertex 39.6949 -6.59751 3
      vertex 39.3208 -5.30953 3
    endloop
  endfacet
  facet normal 0 0 1
    outer loop
      vertex 37.9647 -5.65769 3
      vertex 39.3208 -5.30953 3
      vertex 39.0282 -4.00059 3
    endloop
  endfacet
  facet normal 0 0 1
    outer loop
      vertex 40.1493 -7.85946 3
      vertex 38.8476 -8.37483 3
      vertex 39.4152 -9.68648 3
    endloop
  endfacet
  facet normal 0 0 1
    outer loop
      vertex 37.653 -4.26292 3
      vertex 39.0282 -4.00059 3
      vertex 38.8184 -2.67586 3
    endloop
  endfacet
  facet normal 0 0 1
    outer loop
      vertex 37.4294 -2.85133 3
      vertex 38.8184 -2.67586 3
      vertex 38.6921 -1.34058 3
    endloop
  endfacet
  facet normal 0 0 1
    outer loop
      vertex 37.2949 -1.42848 3
      vertex 38.6921 -1.34058 3
      vertex 38.65 0 3
    endloop
  endfacet
  facet normal -0 0 1
    outer loop
      vertex 37.4294 2.85133 3
      vertex 38.8184 2.67586 3
      vertex 37.653 4.26292 3
    endloop
  endfacet
  facet normal 0 0 1
    outer loop
      vertex 39.6949 -6.59751 3
      vertex 38.3635 -7.03014 3
      vertex 38.8476 -8.37483 3
    endloop
  endfacet
  facet normal 0 0 1
    outer loop
      vertex 38.8184 2.67586 3
      vertex 37.4294 2.85133 3
      vertex 38.6921 1.34058 3
    endloop
  endfacet
  facet normal 0 0 1
    outer loop
      vertex 39.3208 -5.30953 3
      vertex 37.9647 -5.65769 3
      vertex 38.3635 -7.03014 3
    endloop
  endfacet
  facet normal -0 0 1
    outer loop
      vertex 37.2949 1.42848 3
      vertex 38.6921 1.34058 3
      vertex 37.4294 2.85133 3
    endloop
  endfacet
  facet normal 0 0 1
    outer loop
      vertex 39.0282 -4.00059 3
      vertex 37.653 -4.26292 3
      vertex 37.9647 -5.65769 3
    endloop
  endfacet
  facet normal 0 0 1
    outer loop
      vertex 38.6921 1.34058 3
      vertex 37.2949 1.42848 3
      vertex 38.65 0 3
    endloop
  endfacet
  facet normal 0 0 1
    outer loop
      vertex 38.8184 -2.67586 3
      vertex 37.4294 -2.85133 3
      vertex 37.653 -4.26292 3
    endloop
  endfacet
  facet normal 0 0 1
    outer loop
      vertex 37.25 0 3
      vertex 38.65 0 3
      vertex 37.2949 1.42848 3
    endloop
  endfacet
  facet normal 0 0 1
    outer loop
      vertex 38.6921 -1.34058 3
      vertex 37.2949 -1.42848 3
      vertex 37.4294 -2.85133 3
    endloop
  endfacet
  facet normal 0 0 1
    outer loop
      vertex 38.65 0 3
      vertex 37.25 0 3
      vertex 37.2949 -1.42848 3
    endloop
  endfacet
  facet normal -0.999507 -0.0313888 0
    outer loop
      vertex 81.35 0 1.5
      vertex 81.3079 1.34058 3
      vertex 81.3079 1.34058 1.5
    endloop
  endfacet
  facet normal -0.999507 -0.0313888 0
    outer loop
      vertex 81.3079 1.34058 3
      vertex 81.35 0 1.5
      vertex 81.35 0 3
    endloop
  endfacet
  facet normal -0.995556 0.0941666 0
    outer loop
      vertex 81.1816 -2.67586 1.5
      vertex 81.3079 -1.34058 3
      vertex 81.3079 -1.34058 1.5
    endloop
  endfacet
  facet normal -0.995556 0.0941666 0
    outer loop
      vertex 81.3079 -1.34058 3
      vertex 81.1816 -2.67586 1.5
      vertex 81.1816 -2.67586 3
    endloop
  endfacet
  facet normal -0.999507 0.0313888 0
    outer loop
      vertex 81.3079 -1.34058 1.5
      vertex 81.35 0 3
      vertex 81.35 0 1.5
    endloop
  endfacet
  facet normal -0.999507 0.0313888 0
    outer loop
      vertex 81.35 0 3
      vertex 81.3079 -1.34058 1.5
      vertex 81.3079 -1.34058 3
    endloop
  endfacet
  facet normal -0.98769 0.156422 0
    outer loop
      vertex 80.9718 -4.00059 1.5
      vertex 81.1816 -2.67586 3
      vertex 81.1816 -2.67586 1.5
    endloop
  endfacet
  facet normal -0.98769 0.156422 0
    outer loop
      vertex 81.1816 -2.67586 3
      vertex 80.9718 -4.00059 1.5
      vertex 80.9718 -4.00059 3
    endloop
  endfacet
  facet normal -0.45406 -0.890971 0
    outer loop
      vertex 69.0904 19.3181 1.5
      vertex 70.2854 18.7091 3
      vertex 69.0904 19.3181 3
    endloop
  endfacet
  facet normal -0.45406 -0.890971 -0
    outer loop
      vertex 70.2854 18.7091 3
      vertex 69.0904 19.3181 1.5
      vertex 70.2854 18.7091 1.5
    endloop
  endfacet
  facet normal -0.960292 -0.278996 0
    outer loop
      vertex 80.6793 5.30953 1.5
      vertex 80.3051 6.59751 3
      vertex 80.3051 6.59751 1.5
    endloop
  endfacet
  facet normal -0.960292 -0.278996 0
    outer loop
      vertex 80.3051 6.59751 3
      vertex 80.6793 5.30953 1.5
      vertex 80.6793 5.30953 3
    endloop
  endfacet
  facet normal 0.917774 0.397103 0
    outer loop
      vertex 40.6819 -9.09039 3
      vertex 40.1493 -7.85946 1.5
      vertex 40.1493 -7.85946 3
    endloop
  endfacet
  facet normal 0.917774 0.397103 0
    outer loop
      vertex 40.1493 -7.85946 1.5
      vertex 40.6819 -9.09039 3
      vertex 40.6819 -9.09039 1.5
    endloop
  endfacet
  facet normal 0.612877 0.790179 -0
    outer loop
      vertex 47.4508 -17.2725 1.5
      vertex 46.391 -16.4505 3
      vertex 47.4508 -17.2725 3
    endloop
  endfacet
  facet normal 0.612877 0.790179 0
    outer loop
      vertex 46.391 -16.4505 3
      vertex 47.4508 -17.2725 1.5
      vertex 46.391 -16.4505 1.5
    endloop
  endfacet
  facet normal -0.0941652 -0.995557 0
    outer loop
      vertex 61.3406 21.3079 1.5
      vertex 62.6759 21.1816 3
      vertex 61.3406 21.3079 3
    endloop
  endfacet
  facet normal -0.0941652 -0.995557 -0
    outer loop
      vertex 62.6759 21.1816 3
      vertex 61.3406 21.3079 1.5
      vertex 62.6759 21.1816 1.5
    endloop
  endfacet
  facet normal -0.827073 0.562094 0
    outer loop
      vertex 77.2725 -12.5492 1.5
      vertex 78.0264 -11.4399 3
      vertex 78.0264 -11.4399 1.5
    endloop
  endfacet
  facet normal -0.827073 0.562094 0
    outer loop
      vertex 78.0264 -11.4399 3
      vertex 77.2725 -12.5492 1.5
      vertex 77.2725 -12.5492 3
    endloop
  endfacet
  facet normal -0.562094 0.827073 0
    outer loop
      vertex 72.5492 -17.2725 1.5
      vertex 71.4399 -18.0264 3
      vertex 72.5492 -17.2725 3
    endloop
  endfacet
  facet normal -0.562094 0.827073 0
    outer loop
      vertex 71.4399 -18.0264 3
      vertex 72.5492 -17.2725 1.5
      vertex 71.4399 -18.0264 1.5
    endloop
  endfacet
  facet normal -0.156426 -0.98769 0
    outer loop
      vertex 62.6759 21.1816 1.5
      vertex 64.0006 20.9718 3
      vertex 62.6759 21.1816 3
    endloop
  endfacet
  facet normal -0.156426 -0.98769 -0
    outer loop
      vertex 64.0006 20.9718 3
      vertex 62.6759 21.1816 1.5
      vertex 64.0006 20.9718 1.5
    endloop
  endfacet
  facet normal 0.940864 0.338784 0
    outer loop
      vertex 40.1493 -7.85946 3
      vertex 39.6949 -6.59751 1.5
      vertex 39.6949 -6.59751 3
    endloop
  endfacet
  facet normal 0.940864 0.338784 0
    outer loop
      vertex 39.6949 -6.59751 1.5
      vertex 40.1493 -7.85946 3
      vertex 40.1493 -7.85946 1.5
    endloop
  endfacet
  facet normal -0.661313 0.75011 0
    outer loop
      vertex 74.6151 -15.5635 1.5
      vertex 73.609 -16.4505 3
      vertex 74.6151 -15.5635 3
    endloop
  endfacet
  facet normal -0.661313 0.75011 0
    outer loop
      vertex 73.609 -16.4505 3
      vertex 74.6151 -15.5635 1.5
      vertex 73.609 -16.4505 1.5
    endloop
  endfacet
  facet normal 0.562094 0.827073 -0
    outer loop
      vertex 48.5601 -18.0264 1.5
      vertex 47.4508 -17.2725 3
      vertex 48.5601 -18.0264 3
    endloop
  endfacet
  facet normal 0.562094 0.827073 0
    outer loop
      vertex 47.4508 -17.2725 3
      vertex 48.5601 -18.0264 1.5
      vertex 47.4508 -17.2725 1.5
    endloop
  endfacet
  facet normal 0.338772 0.940868 -0
    outer loop
      vertex 53.4025 -20.3051 1.5
      vertex 52.1405 -19.8507 3
      vertex 53.4025 -20.3051 3
    endloop
  endfacet
  facet normal 0.338772 0.940868 0
    outer loop
      vertex 52.1405 -19.8507 3
      vertex 53.4025 -20.3051 1.5
      vertex 52.1405 -19.8507 1.5
    endloop
  endfacet
  facet normal -0.97593 0.218084 0
    outer loop
      vertex 80.6793 -5.30953 1.5
      vertex 80.9718 -4.00059 3
      vertex 80.9718 -4.00059 1.5
    endloop
  endfacet
  facet normal -0.97593 0.218084 0
    outer loop
      vertex 80.9718 -4.00059 3
      vertex 80.6793 -5.30953 1.5
      vertex 80.6793 -5.30953 3
    endloop
  endfacet
  facet normal 0.999507 -0.0313888 0
    outer loop
      vertex 38.65 0 3
      vertex 38.6921 1.34058 1.5
      vertex 38.6921 1.34058 3
    endloop
  endfacet
  facet normal 0.999507 -0.0313888 0
    outer loop
      vertex 38.6921 1.34058 1.5
      vertex 38.65 0 3
      vertex 38.65 0 1.5
    endloop
  endfacet
  facet normal -0.917774 0.397103 0
    outer loop
      vertex 79.3181 -9.09039 1.5
      vertex 79.8507 -7.85946 3
      vertex 79.8507 -7.85946 1.5
    endloop
  endfacet
  facet normal -0.917774 0.397103 0
    outer loop
      vertex 79.8507 -7.85946 3
      vertex 79.3181 -9.09039 1.5
      vertex 79.3181 -9.09039 3
    endloop
  endfacet
  facet normal 0.0941652 0.995557 -0
    outer loop
      vertex 58.6594 -21.3079 1.5
      vertex 57.3241 -21.1816 3
      vertex 58.6594 -21.3079 3
    endloop
  endfacet
  facet normal 0.0941652 0.995557 0
    outer loop
      vertex 57.3241 -21.1816 3
      vertex 58.6594 -21.3079 1.5
      vertex 57.3241 -21.1816 1.5
    endloop
  endfacet
  facet normal 0.940864 -0.338784 0
    outer loop
      vertex 39.6949 6.59751 3
      vertex 40.1493 7.85946 1.5
      vertex 40.1493 7.85946 3
    endloop
  endfacet
  facet normal 0.940864 -0.338784 0
    outer loop
      vertex 40.1493 7.85946 1.5
      vertex 39.6949 6.59751 3
      vertex 39.6949 6.59751 1.5
    endloop
  endfacet
  facet normal 0.562094 -0.827073 0
    outer loop
      vertex 47.4508 17.2725 1.5
      vertex 48.5601 18.0264 3
      vertex 47.4508 17.2725 3
    endloop
  endfacet
  facet normal 0.562094 -0.827073 0
    outer loop
      vertex 48.5601 18.0264 3
      vertex 47.4508 17.2725 1.5
      vertex 48.5601 18.0264 1.5
    endloop
  endfacet
  facet normal 0.661313 0.75011 -0
    outer loop
      vertex 46.391 -16.4505 1.5
      vertex 45.3849 -15.5635 3
      vertex 46.391 -16.4505 3
    endloop
  endfacet
  facet normal 0.661313 0.75011 0
    outer loop
      vertex 45.3849 -15.5635 3
      vertex 46.391 -16.4505 1.5
      vertex 45.3849 -15.5635 1.5
    endloop
  endfacet
  facet normal -0.960292 0.278996 0
    outer loop
      vertex 80.3051 -6.59751 1.5
      vertex 80.6793 -5.30953 3
      vertex 80.6793 -5.30953 1.5
    endloop
  endfacet
  facet normal -0.960292 0.278996 0
    outer loop
      vertex 80.6793 -5.30953 3
      vertex 80.3051 -6.59751 1.5
      vertex 80.3051 -6.59751 3
    endloop
  endfacet
  facet normal -0.562094 -0.827073 0
    outer loop
      vertex 71.4399 18.0264 1.5
      vertex 72.5492 17.2725 3
      vertex 71.4399 18.0264 3
    endloop
  endfacet
  facet normal -0.562094 -0.827073 -0
    outer loop
      vertex 72.5492 17.2725 3
      vertex 71.4399 18.0264 1.5
      vertex 72.5492 17.2725 1.5
    endloop
  endfacet
  facet normal -0.509003 0.860765 0
    outer loop
      vertex 71.4399 -18.0264 1.5
      vertex 70.2854 -18.7091 3
      vertex 71.4399 -18.0264 3
    endloop
  endfacet
  facet normal -0.509003 0.860765 0
    outer loop
      vertex 70.2854 -18.7091 3
      vertex 71.4399 -18.0264 1.5
      vertex 70.2854 -18.7091 1.5
    endloop
  endfacet
  facet normal -0.156426 0.98769 0
    outer loop
      vertex 64.0006 -20.9718 1.5
      vertex 62.6759 -21.1816 3
      vertex 64.0006 -20.9718 3
    endloop
  endfacet
  facet normal -0.156426 0.98769 0
    outer loop
      vertex 62.6759 -21.1816 3
      vertex 64.0006 -20.9718 1.5
      vertex 62.6759 -21.1816 1.5
    endloop
  endfacet
  facet normal 0.0313884 0.999507 -0
    outer loop
      vertex 60 -21.35 1.5
      vertex 58.6594 -21.3079 3
      vertex 60 -21.35 3
    endloop
  endfacet
  facet normal 0.0313884 0.999507 0
    outer loop
      vertex 58.6594 -21.3079 3
      vertex 60 -21.35 1.5
      vertex 58.6594 -21.3079 1.5
    endloop
  endfacet
  facet normal -0.97593 -0.218084 0
    outer loop
      vertex 80.9718 4.00059 1.5
      vertex 80.6793 5.30953 3
      vertex 80.6793 5.30953 1.5
    endloop
  endfacet
  facet normal -0.97593 -0.218084 0
    outer loop
      vertex 80.6793 5.30953 3
      vertex 80.9718 4.00059 1.5
      vertex 80.9718 4.00059 3
    endloop
  endfacet
  facet normal -0.397111 -0.91777 0
    outer loop
      vertex 67.8595 19.8507 1.5
      vertex 69.0904 19.3181 3
      vertex 67.8595 19.8507 3
    endloop
  endfacet
  facet normal -0.397111 -0.91777 -0
    outer loop
      vertex 69.0904 19.3181 3
      vertex 67.8595 19.8507 1.5
      vertex 69.0904 19.3181 1.5
    endloop
  endfacet
  facet normal 0.156426 -0.98769 0
    outer loop
      vertex 55.9994 20.9718 1.5
      vertex 57.3241 21.1816 3
      vertex 55.9994 20.9718 3
    endloop
  endfacet
  facet normal 0.156426 -0.98769 0
    outer loop
      vertex 57.3241 21.1816 3
      vertex 55.9994 20.9718 1.5
      vertex 57.3241 21.1816 1.5
    endloop
  endfacet
  facet normal -0.75011 0.661313 0
    outer loop
      vertex 75.5635 -14.6151 1.5
      vertex 76.4505 -13.609 3
      vertex 76.4505 -13.609 1.5
    endloop
  endfacet
  facet normal -0.75011 0.661313 0
    outer loop
      vertex 76.4505 -13.609 3
      vertex 75.5635 -14.6151 1.5
      vertex 75.5635 -14.6151 3
    endloop
  endfacet
  facet normal 0.0941652 -0.995557 0
    outer loop
      vertex 57.3241 21.1816 1.5
      vertex 58.6594 21.3079 3
      vertex 57.3241 21.1816 3
    endloop
  endfacet
  facet normal 0.0941652 -0.995557 0
    outer loop
      vertex 58.6594 21.3079 3
      vertex 57.3241 21.1816 1.5
      vertex 58.6594 21.3079 1.5
    endloop
  endfacet
  facet normal 0.397111 0.91777 -0
    outer loop
      vertex 52.1405 -19.8507 1.5
      vertex 50.9096 -19.3181 3
      vertex 52.1405 -19.8507 3
    endloop
  endfacet
  facet normal 0.397111 0.91777 0
    outer loop
      vertex 50.9096 -19.3181 3
      vertex 52.1405 -19.8507 1.5
      vertex 50.9096 -19.3181 1.5
    endloop
  endfacet
  facet normal -0.917774 -0.397103 0
    outer loop
      vertex 79.8507 7.85946 1.5
      vertex 79.3181 9.09039 3
      vertex 79.3181 9.09039 1.5
    endloop
  endfacet
  facet normal -0.917774 -0.397103 0
    outer loop
      vertex 79.3181 9.09039 3
      vertex 79.8507 7.85946 1.5
      vertex 79.8507 7.85946 3
    endloop
  endfacet
  facet normal 0.860765 -0.509003 0
    outer loop
      vertex 41.2909 10.2854 3
      vertex 41.9736 11.4399 1.5
      vertex 41.9736 11.4399 3
    endloop
  endfacet
  facet normal 0.860765 -0.509003 0
    outer loop
      vertex 41.9736 11.4399 1.5
      vertex 41.2909 10.2854 3
      vertex 41.2909 10.2854 1.5
    endloop
  endfacet
  facet normal -0.890973 0.454057 0
    outer loop
      vertex 78.7091 -10.2854 1.5
      vertex 79.3181 -9.09039 3
      vertex 79.3181 -9.09039 1.5
    endloop
  endfacet
  facet normal -0.890973 0.454057 0
    outer loop
      vertex 79.3181 -9.09039 3
      vertex 78.7091 -10.2854 1.5
      vertex 78.7091 -10.2854 3
    endloop
  endfacet
  facet normal 0.707107 0.707107 0
    outer loop
      vertex 45.3849 -15.5635 3
      vertex 44.4365 -14.6151 1.5
      vertex 44.4365 -14.6151 3
    endloop
  endfacet
  facet normal 0.707107 0.707107 0
    outer loop
      vertex 44.4365 -14.6151 1.5
      vertex 45.3849 -15.5635 3
      vertex 45.3849 -15.5635 1.5
    endloop
  endfacet
  facet normal -0.0313884 -0.999507 0
    outer loop
      vertex 60 21.35 1.5
      vertex 61.3406 21.3079 3
      vertex 60 21.35 3
    endloop
  endfacet
  facet normal -0.0313884 -0.999507 -0
    outer loop
      vertex 61.3406 21.3079 3
      vertex 60 21.35 1.5
      vertex 61.3406 21.3079 1.5
    endloop
  endfacet
  facet normal 0.75011 0.661313 0
    outer loop
      vertex 44.4365 -14.6151 3
      vertex 43.5495 -13.609 1.5
      vertex 43.5495 -13.609 3
    endloop
  endfacet
  facet normal 0.75011 0.661313 0
    outer loop
      vertex 43.5495 -13.609 1.5
      vertex 44.4365 -14.6151 3
      vertex 44.4365 -14.6151 1.5
    endloop
  endfacet
  facet normal -0.98769 -0.156422 0
    outer loop
      vertex 81.1816 2.67586 1.5
      vertex 80.9718 4.00059 3
      vertex 80.9718 4.00059 1.5
    endloop
  endfacet
  facet normal -0.98769 -0.156422 0
    outer loop
      vertex 80.9718 4.00059 3
      vertex 81.1816 2.67586 1.5
      vertex 81.1816 2.67586 3
    endloop
  endfacet
  facet normal 0.960312 0.278927 0
    outer loop
      vertex 39.6949 -6.59751 3
      vertex 39.3208 -5.30953 1.5
      vertex 39.3208 -5.30953 3
    endloop
  endfacet
  facet normal 0.960312 0.278927 0
    outer loop
      vertex 39.3208 -5.30953 1.5
      vertex 39.6949 -6.59751 3
      vertex 39.6949 -6.59751 1.5
    endloop
  endfacet
  facet normal -0.995556 -0.0941666 0
    outer loop
      vertex 81.3079 1.34058 1.5
      vertex 81.1816 2.67586 3
      vertex 81.1816 2.67586 1.5
    endloop
  endfacet
  facet normal -0.995556 -0.0941666 0
    outer loop
      vertex 81.1816 2.67586 3
      vertex 81.3079 1.34058 1.5
      vertex 81.3079 1.34058 3
    endloop
  endfacet
  facet normal 0.960312 -0.278927 0
    outer loop
      vertex 39.3208 5.30953 3
      vertex 39.6949 6.59751 1.5
      vertex 39.6949 6.59751 3
    endloop
  endfacet
  facet normal 0.960312 -0.278927 0
    outer loop
      vertex 39.6949 6.59751 1.5
      vertex 39.3208 5.30953 3
      vertex 39.3208 5.30953 1.5
    endloop
  endfacet
  facet normal -0.397111 0.91777 0
    outer loop
      vertex 69.0904 -19.3181 1.5
      vertex 67.8595 -19.8507 3
      vertex 69.0904 -19.3181 3
    endloop
  endfacet
  facet normal -0.397111 0.91777 0
    outer loop
      vertex 67.8595 -19.8507 3
      vertex 69.0904 -19.3181 1.5
      vertex 67.8595 -19.8507 1.5
    endloop
  endfacet
  facet normal 0.509003 -0.860765 0
    outer loop
      vertex 48.5601 18.0264 1.5
      vertex 49.7146 18.7091 3
      vertex 48.5601 18.0264 3
    endloop
  endfacet
  facet normal 0.509003 -0.860765 0
    outer loop
      vertex 49.7146 18.7091 3
      vertex 48.5601 18.0264 1.5
      vertex 49.7146 18.7091 1.5
    endloop
  endfacet
  facet normal 0.98769 0.156422 0
    outer loop
      vertex 39.0282 -4.00059 3
      vertex 38.8184 -2.67586 1.5
      vertex 38.8184 -2.67586 3
    endloop
  endfacet
  facet normal 0.98769 0.156422 0
    outer loop
      vertex 38.8184 -2.67586 1.5
      vertex 39.0282 -4.00059 3
      vertex 39.0282 -4.00059 1.5
    endloop
  endfacet
  facet normal -0.75011 -0.661313 0
    outer loop
      vertex 76.4505 13.609 1.5
      vertex 75.5635 14.6151 3
      vertex 75.5635 14.6151 1.5
    endloop
  endfacet
  facet normal -0.75011 -0.661313 0
    outer loop
      vertex 75.5635 14.6151 3
      vertex 76.4505 13.609 1.5
      vertex 76.4505 13.609 3
    endloop
  endfacet
  facet normal -0.218162 -0.975913 0
    outer loop
      vertex 64.0006 20.9718 1.5
      vertex 65.3095 20.6792 3
      vertex 64.0006 20.9718 3
    endloop
  endfacet
  facet normal -0.218162 -0.975913 -0
    outer loop
      vertex 65.3095 20.6792 3
      vertex 64.0006 20.9718 1.5
      vertex 65.3095 20.6792 1.5
    endloop
  endfacet
  facet normal -0.940864 -0.338784 0
    outer loop
      vertex 80.3051 6.59751 1.5
      vertex 79.8507 7.85946 3
      vertex 79.8507 7.85946 1.5
    endloop
  endfacet
  facet normal -0.940864 -0.338784 0
    outer loop
      vertex 79.8507 7.85946 3
      vertex 80.3051 6.59751 1.5
      vertex 80.3051 6.59751 3
    endloop
  endfacet
  facet normal -0.790179 -0.612877 0
    outer loop
      vertex 77.2725 12.5492 1.5
      vertex 76.4505 13.609 3
      vertex 76.4505 13.609 1.5
    endloop
  endfacet
  facet normal -0.790179 -0.612877 0
    outer loop
      vertex 76.4505 13.609 3
      vertex 77.2725 12.5492 1.5
      vertex 77.2725 12.5492 3
    endloop
  endfacet
  facet normal 0.509003 0.860765 -0
    outer loop
      vertex 49.7146 -18.7091 1.5
      vertex 48.5601 -18.0264 3
      vertex 49.7146 -18.7091 3
    endloop
  endfacet
  facet normal 0.509003 0.860765 0
    outer loop
      vertex 48.5601 -18.0264 3
      vertex 49.7146 -18.7091 1.5
      vertex 48.5601 -18.0264 1.5
    endloop
  endfacet
  facet normal -0.612877 0.790179 0
    outer loop
      vertex 73.609 -16.4505 1.5
      vertex 72.5492 -17.2725 3
      vertex 73.609 -16.4505 3
    endloop
  endfacet
  facet normal -0.612877 0.790179 0
    outer loop
      vertex 72.5492 -17.2725 3
      vertex 73.609 -16.4505 1.5
      vertex 72.5492 -17.2725 1.5
    endloop
  endfacet
  facet normal 0.75011 -0.661313 0
    outer loop
      vertex 43.5495 13.609 3
      vertex 44.4365 14.6151 1.5
      vertex 44.4365 14.6151 3
    endloop
  endfacet
  facet normal 0.75011 -0.661313 0
    outer loop
      vertex 44.4365 14.6151 1.5
      vertex 43.5495 13.609 3
      vertex 43.5495 13.609 1.5
    endloop
  endfacet
  facet normal 0.45406 -0.890971 0
    outer loop
      vertex 49.7146 18.7091 1.5
      vertex 50.9096 19.3181 3
      vertex 49.7146 18.7091 3
    endloop
  endfacet
  facet normal 0.45406 -0.890971 0
    outer loop
      vertex 50.9096 19.3181 3
      vertex 49.7146 18.7091 1.5
      vertex 50.9096 19.3181 1.5
    endloop
  endfacet
  facet normal 0.995556 0.0941666 0
    outer loop
      vertex 38.8184 -2.67586 3
      vertex 38.6921 -1.34058 1.5
      vertex 38.6921 -1.34058 3
    endloop
  endfacet
  facet normal 0.995556 0.0941666 0
    outer loop
      vertex 38.6921 -1.34058 1.5
      vertex 38.8184 -2.67586 3
      vertex 38.8184 -2.67586 1.5
    endloop
  endfacet
  facet normal 0.995556 -0.0941666 0
    outer loop
      vertex 38.6921 1.34058 3
      vertex 38.8184 2.67586 1.5
      vertex 38.8184 2.67586 3
    endloop
  endfacet
  facet normal 0.995556 -0.0941666 0
    outer loop
      vertex 38.8184 2.67586 1.5
      vertex 38.6921 1.34058 3
      vertex 38.6921 1.34058 1.5
    endloop
  endfacet
  facet normal 0.156426 0.98769 -0
    outer loop
      vertex 57.3241 -21.1816 1.5
      vertex 55.9994 -20.9718 3
      vertex 57.3241 -21.1816 3
    endloop
  endfacet
  facet normal 0.156426 0.98769 0
    outer loop
      vertex 55.9994 -20.9718 3
      vertex 57.3241 -21.1816 1.5
      vertex 55.9994 -20.9718 1.5
    endloop
  endfacet
  facet normal -0.707107 -0.707107 0
    outer loop
      vertex 75.5635 14.6151 1.5
      vertex 74.6151 15.5635 3
      vertex 74.6151 15.5635 1.5
    endloop
  endfacet
  facet normal -0.707107 -0.707107 0
    outer loop
      vertex 74.6151 15.5635 3
      vertex 75.5635 14.6151 1.5
      vertex 75.5635 14.6151 3
    endloop
  endfacet
  facet normal 0.338772 -0.940868 0
    outer loop
      vertex 52.1405 19.8507 1.5
      vertex 53.4025 20.3051 3
      vertex 52.1405 19.8507 3
    endloop
  endfacet
  facet normal 0.338772 -0.940868 0
    outer loop
      vertex 53.4025 20.3051 3
      vertex 52.1405 19.8507 1.5
      vertex 53.4025 20.3051 1.5
    endloop
  endfacet
  facet normal 0.98769 -0.156422 0
    outer loop
      vertex 38.8184 2.67586 3
      vertex 39.0282 4.00059 1.5
      vertex 39.0282 4.00059 3
    endloop
  endfacet
  facet normal 0.98769 -0.156422 0
    outer loop
      vertex 39.0282 4.00059 1.5
      vertex 38.8184 2.67586 3
      vertex 38.8184 2.67586 1.5
    endloop
  endfacet
  facet normal -0.338772 0.940868 0
    outer loop
      vertex 67.8595 -19.8507 1.5
      vertex 66.5975 -20.3051 3
      vertex 67.8595 -19.8507 3
    endloop
  endfacet
  facet normal -0.338772 0.940868 0
    outer loop
      vertex 66.5975 -20.3051 3
      vertex 67.8595 -19.8507 1.5
      vertex 66.5975 -20.3051 1.5
    endloop
  endfacet
  facet normal -0.45406 0.890971 0
    outer loop
      vertex 70.2854 -18.7091 1.5
      vertex 69.0904 -19.3181 3
      vertex 70.2854 -18.7091 3
    endloop
  endfacet
  facet normal -0.45406 0.890971 0
    outer loop
      vertex 69.0904 -19.3181 3
      vertex 70.2854 -18.7091 1.5
      vertex 69.0904 -19.3181 1.5
    endloop
  endfacet
  facet normal -0.790179 0.612877 0
    outer loop
      vertex 76.4505 -13.609 1.5
      vertex 77.2725 -12.5492 3
      vertex 77.2725 -12.5492 1.5
    endloop
  endfacet
  facet normal -0.790179 0.612877 0
    outer loop
      vertex 77.2725 -12.5492 3
      vertex 76.4505 -13.609 1.5
      vertex 76.4505 -13.609 3
    endloop
  endfacet
  facet normal -0.890973 -0.454057 0
    outer loop
      vertex 79.3181 9.09039 1.5
      vertex 78.7091 10.2854 3
      vertex 78.7091 10.2854 1.5
    endloop
  endfacet
  facet normal -0.890973 -0.454057 0
    outer loop
      vertex 78.7091 10.2854 3
      vertex 79.3181 9.09039 1.5
      vertex 79.3181 9.09039 3
    endloop
  endfacet
  facet normal 0.790179 0.612877 0
    outer loop
      vertex 43.5495 -13.609 3
      vertex 42.7275 -12.5492 1.5
      vertex 42.7275 -12.5492 3
    endloop
  endfacet
  facet normal 0.790179 0.612877 0
    outer loop
      vertex 42.7275 -12.5492 1.5
      vertex 43.5495 -13.609 3
      vertex 43.5495 -13.609 1.5
    endloop
  endfacet
  facet normal 0.661313 -0.75011 0
    outer loop
      vertex 45.3849 15.5635 1.5
      vertex 46.391 16.4505 3
      vertex 45.3849 15.5635 3
    endloop
  endfacet
  facet normal 0.661313 -0.75011 0
    outer loop
      vertex 46.391 16.4505 3
      vertex 45.3849 15.5635 1.5
      vertex 46.391 16.4505 1.5
    endloop
  endfacet
  facet normal -0.860765 0.509003 0
    outer loop
      vertex 78.0264 -11.4399 1.5
      vertex 78.7091 -10.2854 3
      vertex 78.7091 -10.2854 1.5
    endloop
  endfacet
  facet normal -0.860765 0.509003 0
    outer loop
      vertex 78.7091 -10.2854 3
      vertex 78.0264 -11.4399 1.5
      vertex 78.0264 -11.4399 3
    endloop
  endfacet
  facet normal -0.707107 0.707107 0
    outer loop
      vertex 74.6151 -15.5635 1.5
      vertex 75.5635 -14.6151 3
      vertex 75.5635 -14.6151 1.5
    endloop
  endfacet
  facet normal -0.707107 0.707107 0
    outer loop
      vertex 75.5635 -14.6151 3
      vertex 74.6151 -15.5635 1.5
      vertex 74.6151 -15.5635 3
    endloop
  endfacet
  facet normal -0.0313884 0.999507 0
    outer loop
      vertex 61.3406 -21.3079 1.5
      vertex 60 -21.35 3
      vertex 61.3406 -21.3079 3
    endloop
  endfacet
  facet normal -0.0313884 0.999507 0
    outer loop
      vertex 60 -21.35 3
      vertex 61.3406 -21.3079 1.5
      vertex 60 -21.35 1.5
    endloop
  endfacet
  facet normal 0.612877 -0.790179 0
    outer loop
      vertex 46.391 16.4505 1.5
      vertex 47.4508 17.2725 3
      vertex 46.391 16.4505 3
    endloop
  endfacet
  facet normal 0.612877 -0.790179 0
    outer loop
      vertex 47.4508 17.2725 3
      vertex 46.391 16.4505 1.5
      vertex 47.4508 17.2725 1.5
    endloop
  endfacet
  facet normal 0.278923 0.960313 -0
    outer loop
      vertex 54.6905 -20.6792 1.5
      vertex 53.4025 -20.3051 3
      vertex 54.6905 -20.6792 3
    endloop
  endfacet
  facet normal 0.278923 0.960313 0
    outer loop
      vertex 53.4025 -20.3051 3
      vertex 54.6905 -20.6792 1.5
      vertex 53.4025 -20.3051 1.5
    endloop
  endfacet
  facet normal -0.509003 -0.860765 0
    outer loop
      vertex 70.2854 18.7091 1.5
      vertex 71.4399 18.0264 3
      vertex 70.2854 18.7091 3
    endloop
  endfacet
  facet normal -0.509003 -0.860765 -0
    outer loop
      vertex 71.4399 18.0264 3
      vertex 70.2854 18.7091 1.5
      vertex 71.4399 18.0264 1.5
    endloop
  endfacet
  facet normal -0.278923 -0.960313 0
    outer loop
      vertex 65.3095 20.6792 1.5
      vertex 66.5975 20.3051 3
      vertex 65.3095 20.6792 3
    endloop
  endfacet
  facet normal -0.278923 -0.960313 -0
    outer loop
      vertex 66.5975 20.3051 3
      vertex 65.3095 20.6792 1.5
      vertex 66.5975 20.3051 1.5
    endloop
  endfacet
  facet normal 0.278923 -0.960313 0
    outer loop
      vertex 53.4025 20.3051 1.5
      vertex 54.6905 20.6792 3
      vertex 53.4025 20.3051 3
    endloop
  endfacet
  facet normal 0.278923 -0.960313 0
    outer loop
      vertex 54.6905 20.6792 3
      vertex 53.4025 20.3051 1.5
      vertex 54.6905 20.6792 1.5
    endloop
  endfacet
  facet normal 0.45406 0.890971 -0
    outer loop
      vertex 50.9096 -19.3181 1.5
      vertex 49.7146 -18.7091 3
      vertex 50.9096 -19.3181 3
    endloop
  endfacet
  facet normal 0.45406 0.890971 0
    outer loop
      vertex 49.7146 -18.7091 3
      vertex 50.9096 -19.3181 1.5
      vertex 49.7146 -18.7091 1.5
    endloop
  endfacet
  facet normal -0.827073 -0.562094 0
    outer loop
      vertex 78.0264 11.4399 1.5
      vertex 77.2725 12.5492 3
      vertex 77.2725 12.5492 1.5
    endloop
  endfacet
  facet normal -0.827073 -0.562094 0
    outer loop
      vertex 77.2725 12.5492 3
      vertex 78.0264 11.4399 1.5
      vertex 78.0264 11.4399 3
    endloop
  endfacet
  facet normal -0.940864 0.338784 0
    outer loop
      vertex 79.8507 -7.85946 1.5
      vertex 80.3051 -6.59751 3
      vertex 80.3051 -6.59751 1.5
    endloop
  endfacet
  facet normal -0.940864 0.338784 0
    outer loop
      vertex 80.3051 -6.59751 3
      vertex 79.8507 -7.85946 1.5
      vertex 79.8507 -7.85946 3
    endloop
  endfacet
  facet normal 0.860765 0.509003 0
    outer loop
      vertex 41.9736 -11.4399 3
      vertex 41.2909 -10.2854 1.5
      vertex 41.2909 -10.2854 3
    endloop
  endfacet
  facet normal 0.860765 0.509003 0
    outer loop
      vertex 41.2909 -10.2854 1.5
      vertex 41.9736 -11.4399 3
      vertex 41.9736 -11.4399 1.5
    endloop
  endfacet
  facet normal -0.860765 -0.509003 0
    outer loop
      vertex 78.7091 10.2854 1.5
      vertex 78.0264 11.4399 3
      vertex 78.0264 11.4399 1.5
    endloop
  endfacet
  facet normal -0.860765 -0.509003 0
    outer loop
      vertex 78.0264 11.4399 3
      vertex 78.7091 10.2854 1.5
      vertex 78.7091 10.2854 3
    endloop
  endfacet
  facet normal -0.612877 -0.790179 0
    outer loop
      vertex 72.5492 17.2725 1.5
      vertex 73.609 16.4505 3
      vertex 72.5492 17.2725 3
    endloop
  endfacet
  facet normal -0.612877 -0.790179 -0
    outer loop
      vertex 73.609 16.4505 3
      vertex 72.5492 17.2725 1.5
      vertex 73.609 16.4505 1.5
    endloop
  endfacet
  facet normal -0.278923 0.960313 0
    outer loop
      vertex 66.5975 -20.3051 1.5
      vertex 65.3095 -20.6792 3
      vertex 66.5975 -20.3051 3
    endloop
  endfacet
  facet normal -0.278923 0.960313 0
    outer loop
      vertex 65.3095 -20.6792 3
      vertex 66.5975 -20.3051 1.5
      vertex 65.3095 -20.6792 1.5
    endloop
  endfacet
  facet normal 0.707107 -0.707107 0
    outer loop
      vertex 44.4365 14.6151 3
      vertex 45.3849 15.5635 1.5
      vertex 45.3849 15.5635 3
    endloop
  endfacet
  facet normal 0.707107 -0.707107 0
    outer loop
      vertex 45.3849 15.5635 1.5
      vertex 44.4365 14.6151 3
      vertex 44.4365 14.6151 1.5
    endloop
  endfacet
  facet normal -0.0941652 0.995557 0
    outer loop
      vertex 62.6759 -21.1816 1.5
      vertex 61.3406 -21.3079 3
      vertex 62.6759 -21.1816 3
    endloop
  endfacet
  facet normal -0.0941652 0.995557 0
    outer loop
      vertex 61.3406 -21.3079 3
      vertex 62.6759 -21.1816 1.5
      vertex 61.3406 -21.3079 1.5
    endloop
  endfacet
  facet normal 0.999507 0.0313888 0
    outer loop
      vertex 38.6921 -1.34058 3
      vertex 38.65 0 1.5
      vertex 38.65 0 3
    endloop
  endfacet
  facet normal 0.999507 0.0313888 0
    outer loop
      vertex 38.65 0 1.5
      vertex 38.6921 -1.34058 3
      vertex 38.6921 -1.34058 1.5
    endloop
  endfacet
  facet normal 0.218162 0.975913 -0
    outer loop
      vertex 55.9994 -20.9718 1.5
      vertex 54.6905 -20.6792 3
      vertex 55.9994 -20.9718 3
    endloop
  endfacet
  facet normal 0.218162 0.975913 0
    outer loop
      vertex 54.6905 -20.6792 3
      vertex 55.9994 -20.9718 1.5
      vertex 54.6905 -20.6792 1.5
    endloop
  endfacet
  facet normal 0.975914 0.218155 0
    outer loop
      vertex 39.3208 -5.30953 3
      vertex 39.0282 -4.00059 1.5
      vertex 39.0282 -4.00059 3
    endloop
  endfacet
  facet normal 0.975914 0.218155 0
    outer loop
      vertex 39.0282 -4.00059 1.5
      vertex 39.3208 -5.30953 3
      vertex 39.3208 -5.30953 1.5
    endloop
  endfacet
  facet normal 0.890973 -0.454057 0
    outer loop
      vertex 40.6819 9.09039 3
      vertex 41.2909 10.2854 1.5
      vertex 41.2909 10.2854 3
    endloop
  endfacet
  facet normal 0.890973 -0.454057 0
    outer loop
      vertex 41.2909 10.2854 1.5
      vertex 40.6819 9.09039 3
      vertex 40.6819 9.09039 1.5
    endloop
  endfacet
  facet normal 0.790179 -0.612877 0
    outer loop
      vertex 42.7275 12.5492 3
      vertex 43.5495 13.609 1.5
      vertex 43.5495 13.609 3
    endloop
  endfacet
  facet normal 0.790179 -0.612877 0
    outer loop
      vertex 43.5495 13.609 1.5
      vertex 42.7275 12.5492 3
      vertex 42.7275 12.5492 1.5
    endloop
  endfacet
  facet normal 0.397111 -0.91777 0
    outer loop
      vertex 50.9096 19.3181 1.5
      vertex 52.1405 19.8507 3
      vertex 50.9096 19.3181 3
    endloop
  endfacet
  facet normal 0.397111 -0.91777 0
    outer loop
      vertex 52.1405 19.8507 3
      vertex 50.9096 19.3181 1.5
      vertex 52.1405 19.8507 1.5
    endloop
  endfacet
  facet normal 0.0313884 -0.999507 0
    outer loop
      vertex 58.6594 21.3079 1.5
      vertex 60 21.35 3
      vertex 58.6594 21.3079 3
    endloop
  endfacet
  facet normal 0.0313884 -0.999507 0
    outer loop
      vertex 60 21.35 3
      vertex 58.6594 21.3079 1.5
      vertex 60 21.35 1.5
    endloop
  endfacet
  facet normal 0.827073 0.562094 0
    outer loop
      vertex 42.7275 -12.5492 3
      vertex 41.9736 -11.4399 1.5
      vertex 41.9736 -11.4399 3
    endloop
  endfacet
  facet normal 0.827073 0.562094 0
    outer loop
      vertex 41.9736 -11.4399 1.5
      vertex 42.7275 -12.5492 3
      vertex 42.7275 -12.5492 1.5
    endloop
  endfacet
  facet normal -0.218162 0.975913 0
    outer loop
      vertex 65.3095 -20.6792 1.5
      vertex 64.0006 -20.9718 3
      vertex 65.3095 -20.6792 3
    endloop
  endfacet
  facet normal -0.218162 0.975913 0
    outer loop
      vertex 64.0006 -20.9718 3
      vertex 65.3095 -20.6792 1.5
      vertex 64.0006 -20.9718 1.5
    endloop
  endfacet
  facet normal 0.827073 -0.562094 0
    outer loop
      vertex 41.9736 11.4399 3
      vertex 42.7275 12.5492 1.5
      vertex 42.7275 12.5492 3
    endloop
  endfacet
  facet normal 0.827073 -0.562094 0
    outer loop
      vertex 42.7275 12.5492 1.5
      vertex 41.9736 11.4399 3
      vertex 41.9736 11.4399 1.5
    endloop
  endfacet
  facet normal 0.890973 0.454057 0
    outer loop
      vertex 41.2909 -10.2854 3
      vertex 40.6819 -9.09039 1.5
      vertex 40.6819 -9.09039 3
    endloop
  endfacet
  facet normal 0.890973 0.454057 0
    outer loop
      vertex 40.6819 -9.09039 1.5
      vertex 41.2909 -10.2854 3
      vertex 41.2909 -10.2854 1.5
    endloop
  endfacet
  facet normal 0.975914 -0.218155 0
    outer loop
      vertex 39.0282 4.00059 3
      vertex 39.3208 5.30953 1.5
      vertex 39.3208 5.30953 3
    endloop
  endfacet
  facet normal 0.975914 -0.218155 0
    outer loop
      vertex 39.3208 5.30953 1.5
      vertex 39.0282 4.00059 3
      vertex 39.0282 4.00059 1.5
    endloop
  endfacet
  facet normal -0.338772 -0.940868 0
    outer loop
      vertex 66.5975 20.3051 1.5
      vertex 67.8595 19.8507 3
      vertex 66.5975 20.3051 3
    endloop
  endfacet
  facet normal -0.338772 -0.940868 -0
    outer loop
      vertex 67.8595 19.8507 3
      vertex 66.5975 20.3051 1.5
      vertex 67.8595 19.8507 1.5
    endloop
  endfacet
  facet normal -0.661313 -0.75011 0
    outer loop
      vertex 73.609 16.4505 1.5
      vertex 74.6151 15.5635 3
      vertex 73.609 16.4505 3
    endloop
  endfacet
  facet normal -0.661313 -0.75011 -0
    outer loop
      vertex 74.6151 15.5635 3
      vertex 73.609 16.4505 1.5
      vertex 74.6151 15.5635 1.5
    endloop
  endfacet
  facet normal 0.917774 -0.397103 0
    outer loop
      vertex 40.1493 7.85946 3
      vertex 40.6819 9.09039 1.5
      vertex 40.6819 9.09039 3
    endloop
  endfacet
  facet normal 0.917774 -0.397103 0
    outer loop
      vertex 40.6819 9.09039 1.5
      vertex 40.1493 7.85946 3
      vertex 40.1493 7.85946 1.5
    endloop
  endfacet
  facet normal 0.218162 -0.975913 0
    outer loop
      vertex 54.6905 20.6792 1.5
      vertex 55.9994 20.9718 3
      vertex 54.6905 20.6792 3
    endloop
  endfacet
  facet normal 0.218162 -0.975913 0
    outer loop
      vertex 55.9994 20.9718 3
      vertex 54.6905 20.6792 1.5
      vertex 55.9994 20.9718 1.5
    endloop
  endfacet
  facet normal 0.995562 -0.0941078 0
    outer loop
      vertex 84.8029 -3.13333 1.5
      vertex 84.9507 -1.56976 -0.5
      vertex 84.9507 -1.56976 1.5
    endloop
  endfacet
  facet normal 0.995562 -0.0941078 0
    outer loop
      vertex 84.9507 -1.56976 -0.5
      vertex 84.8029 -3.13333 1.5
      vertex 84.8029 -3.13333 -0.5
    endloop
  endfacet
  facet normal 0.999507 -0.0313906 0
    outer loop
      vertex 84.9507 -1.56976 1.5
      vertex 85 0 -0.5
      vertex 85 0 1.5
    endloop
  endfacet
  facet normal 0.999507 -0.0313906 0
    outer loop
      vertex 85 0 -0.5
      vertex 84.9507 -1.56976 1.5
      vertex 84.9507 -1.56976 -0.5
    endloop
  endfacet
  facet normal 0.0313898 0.999507 -0
    outer loop
      vertex 61.5698 24.9507 -0.5
      vertex 60 25 1.5
      vertex 61.5698 24.9507 1.5
    endloop
  endfacet
  facet normal 0.0313898 0.999507 0
    outer loop
      vertex 60 25 1.5
      vertex 61.5698 24.9507 -0.5
      vertex 60 25 -0.5
    endloop
  endfacet
  facet normal 0.790161 -0.6129 0
    outer loop
      vertex 79.2628 -15.9356 1.5
      vertex 80.2254 -14.6946 -0.5
      vertex 80.2254 -14.6946 1.5
    endloop
  endfacet
  facet normal 0.790161 -0.6129 0
    outer loop
      vertex 80.2254 -14.6946 -0.5
      vertex 79.2628 -15.9356 1.5
      vertex 79.2628 -15.9356 -0.5
    endloop
  endfacet
  facet normal 0.454001 -0.891001 0
    outer loop
      vertex 70.6445 -22.6207 -0.5
      vertex 72.0438 -21.9077 1.5
      vertex 70.6445 -22.6207 1.5
    endloop
  endfacet
  facet normal 0.454001 -0.891001 0
    outer loop
      vertex 72.0438 -21.9077 1.5
      vertex 70.6445 -22.6207 -0.5
      vertex 72.0438 -21.9077 -0.5
    endloop
  endfacet
  facet normal 0.562113 -0.82706 0
    outer loop
      vertex 73.3957 -21.1082 -0.5
      vertex 74.6946 -20.2254 1.5
      vertex 73.3957 -21.1082 1.5
    endloop
  endfacet
  facet normal 0.562113 -0.82706 0
    outer loop
      vertex 74.6946 -20.2254 1.5
      vertex 73.3957 -21.1082 -0.5
      vertex 74.6946 -20.2254 -0.5
    endloop
  endfacet
  facet normal -0.891001 0.454001 0
    outer loop
      vertex 37.3793 10.6445 -0.5
      vertex 38.0923 12.0438 1.5
      vertex 38.0923 12.0438 -0.5
    endloop
  endfacet
  facet normal -0.891001 0.454001 0
    outer loop
      vertex 38.0923 12.0438 1.5
      vertex 37.3793 10.6445 -0.5
      vertex 37.3793 10.6445 1.5
    endloop
  endfacet
  facet normal -0.82706 0.562113 0
    outer loop
      vertex 38.8918 13.3957 -0.5
      vertex 39.7746 14.6946 1.5
      vertex 39.7746 14.6946 -0.5
    endloop
  endfacet
  facet normal -0.82706 0.562113 0
    outer loop
      vertex 39.7746 14.6946 1.5
      vertex 38.8918 13.3957 -0.5
      vertex 38.8918 13.3957 1.5
    endloop
  endfacet
  facet normal -0.218144 -0.975917 0
    outer loop
      vertex 53.7828 -24.2146 -0.5
      vertex 55.3155 -24.5572 1.5
      vertex 53.7828 -24.2146 1.5
    endloop
  endfacet
  facet normal -0.218144 -0.975917 -0
    outer loop
      vertex 55.3155 -24.5572 1.5
      vertex 53.7828 -24.2146 -0.5
      vertex 55.3155 -24.5572 -0.5
    endloop
  endfacet
  facet normal 0.960288 -0.279012 0
    outer loop
      vertex 83.7764 -7.72542 1.5
      vertex 84.2146 -6.21725 -0.5
      vertex 84.2146 -6.21725 1.5
    endloop
  endfacet
  facet normal 0.960288 -0.279012 0
    outer loop
      vertex 84.2146 -6.21725 -0.5
      vertex 83.7764 -7.72542 1.5
      vertex 83.7764 -7.72542 -0.5
    endloop
  endfacet
  facet normal -0.940881 0.338737 0
    outer loop
      vertex 36.2236 7.72542 -0.5
      vertex 36.7556 9.20311 1.5
      vertex 36.7556 9.20311 -0.5
    endloop
  endfacet
  facet normal -0.940881 0.338737 0
    outer loop
      vertex 36.7556 9.20311 1.5
      vertex 36.2236 7.72542 -0.5
      vertex 36.2236 7.72542 1.5
    endloop
  endfacet
  facet normal 0.338735 -0.940882 0
    outer loop
      vertex 67.7254 -23.7764 -0.5
      vertex 69.2031 -23.2444 1.5
      vertex 67.7254 -23.7764 1.5
    endloop
  endfacet
  facet normal 0.338735 -0.940882 0
    outer loop
      vertex 69.2031 -23.2444 1.5
      vertex 67.7254 -23.7764 -0.5
      vertex 69.2031 -23.2444 -0.5
    endloop
  endfacet
  facet normal -0.917765 -0.397124 0
    outer loop
      vertex 37.3793 -10.6445 -0.5
      vertex 36.7556 -9.20311 1.5
      vertex 36.7556 -9.20311 -0.5
    endloop
  endfacet
  facet normal -0.917765 -0.397124 0
    outer loop
      vertex 36.7556 -9.20311 1.5
      vertex 37.3793 -10.6445 -0.5
      vertex 37.3793 -10.6445 1.5
    endloop
  endfacet
  facet normal -0.509036 0.860745 0
    outer loop
      vertex 47.9562 21.9077 -0.5
      vertex 46.6043 21.1082 1.5
      vertex 47.9562 21.9077 1.5
    endloop
  endfacet
  facet normal -0.509036 0.860745 0
    outer loop
      vertex 46.6043 21.1082 1.5
      vertex 47.9562 21.9077 -0.5
      vertex 46.6043 21.1082 -0.5
    endloop
  endfacet
  facet normal 0.156443 -0.987687 0
    outer loop
      vertex 63.1333 -24.8029 -0.5
      vertex 64.6845 -24.5572 1.5
      vertex 63.1333 -24.8029 1.5
    endloop
  endfacet
  facet normal 0.156443 -0.987687 0
    outer loop
      vertex 64.6845 -24.5572 1.5
      vertex 63.1333 -24.8029 -0.5
      vertex 64.6845 -24.5572 -0.5
    endloop
  endfacet
  facet normal -0.661299 -0.750122 0
    outer loop
      vertex 42.8863 -18.2242 -0.5
      vertex 44.0644 -19.2628 1.5
      vertex 42.8863 -18.2242 1.5
    endloop
  endfacet
  facet normal -0.661299 -0.750122 -0
    outer loop
      vertex 44.0644 -19.2628 1.5
      vertex 42.8863 -18.2242 -0.5
      vertex 44.0644 -19.2628 -0.5
    endloop
  endfacet
  facet normal 0.940881 0.338737 0
    outer loop
      vertex 83.7764 7.72542 1.5
      vertex 83.2444 9.20311 -0.5
      vertex 83.2444 9.20311 1.5
    endloop
  endfacet
  facet normal 0.940881 0.338737 0
    outer loop
      vertex 83.2444 9.20311 -0.5
      vertex 83.7764 7.72542 1.5
      vertex 83.7764 7.72542 -0.5
    endloop
  endfacet
  facet normal 0.860745 -0.509036 0
    outer loop
      vertex 81.1082 -13.3957 1.5
      vertex 81.9077 -12.0438 -0.5
      vertex 81.9077 -12.0438 1.5
    endloop
  endfacet
  facet normal 0.860745 -0.509036 0
    outer loop
      vertex 81.9077 -12.0438 -0.5
      vertex 81.1082 -13.3957 1.5
      vertex 81.1082 -13.3957 -0.5
    endloop
  endfacet
  facet normal -0.707107 0.707107 0
    outer loop
      vertex 41.7758 17.1137 -0.5
      vertex 42.8863 18.2242 1.5
      vertex 42.8863 18.2242 -0.5
    endloop
  endfacet
  facet normal -0.707107 0.707107 0
    outer loop
      vertex 42.8863 18.2242 1.5
      vertex 41.7758 17.1137 -0.5
      vertex 41.7758 17.1137 1.5
    endloop
  endfacet
  facet normal -0.0941119 0.995562 0
    outer loop
      vertex 58.4302 24.9507 -0.5
      vertex 56.8667 24.8029 1.5
      vertex 58.4302 24.9507 1.5
    endloop
  endfacet
  facet normal -0.0941119 0.995562 0
    outer loop
      vertex 56.8667 24.8029 1.5
      vertex 58.4302 24.9507 -0.5
      vertex 56.8667 24.8029 -0.5
    endloop
  endfacet
  facet normal -0.279007 -0.960289 0
    outer loop
      vertex 52.2746 -23.7764 -0.5
      vertex 53.7828 -24.2146 1.5
      vertex 52.2746 -23.7764 1.5
    endloop
  endfacet
  facet normal -0.279007 -0.960289 -0
    outer loop
      vertex 53.7828 -24.2146 1.5
      vertex 52.2746 -23.7764 -0.5
      vertex 53.7828 -24.2146 -0.5
    endloop
  endfacet
  facet normal 0.707107 -0.707107 0
    outer loop
      vertex 77.1137 -18.2242 1.5
      vertex 78.2242 -17.1137 -0.5
      vertex 78.2242 -17.1137 1.5
    endloop
  endfacet
  facet normal 0.707107 -0.707107 0
    outer loop
      vertex 78.2242 -17.1137 -0.5
      vertex 77.1137 -18.2242 1.5
      vertex 77.1137 -18.2242 -0.5
    endloop
  endfacet
  facet normal 0.338735 0.940882 -0
    outer loop
      vertex 69.2031 23.2444 -0.5
      vertex 67.7254 23.7764 1.5
      vertex 69.2031 23.2444 1.5
    endloop
  endfacet
  facet normal 0.338735 0.940882 0
    outer loop
      vertex 67.7254 23.7764 1.5
      vertex 69.2031 23.2444 -0.5
      vertex 67.7254 23.7764 -0.5
    endloop
  endfacet
  facet normal -0.509036 -0.860745 0
    outer loop
      vertex 46.6043 -21.1082 -0.5
      vertex 47.9562 -21.9077 1.5
      vertex 46.6043 -21.1082 1.5
    endloop
  endfacet
  facet normal -0.509036 -0.860745 -0
    outer loop
      vertex 47.9562 -21.9077 1.5
      vertex 46.6043 -21.1082 -0.5
      vertex 47.9562 -21.9077 -0.5
    endloop
  endfacet
  facet normal -0.995562 0.0941078 0
    outer loop
      vertex 35.0493 1.56976 -0.5
      vertex 35.1971 3.13333 1.5
      vertex 35.1971 3.13333 -0.5
    endloop
  endfacet
  facet normal -0.995562 0.0941078 0
    outer loop
      vertex 35.1971 3.13333 1.5
      vertex 35.0493 1.56976 -0.5
      vertex 35.0493 1.56976 1.5
    endloop
  endfacet
  facet normal -0.999507 0.0313906 0
    outer loop
      vertex 35 0 -0.5
      vertex 35.0493 1.56976 1.5
      vertex 35.0493 1.56976 -0.5
    endloop
  endfacet
  facet normal -0.999507 0.0313906 0
    outer loop
      vertex 35.0493 1.56976 1.5
      vertex 35 0 -0.5
      vertex 35 0 1.5
    endloop
  endfacet
  facet normal 0.156443 0.987687 -0
    outer loop
      vertex 64.6845 24.5572 -0.5
      vertex 63.1333 24.8029 1.5
      vertex 64.6845 24.5572 1.5
    endloop
  endfacet
  facet normal 0.156443 0.987687 0
    outer loop
      vertex 63.1333 24.8029 1.5
      vertex 64.6845 24.5572 -0.5
      vertex 63.1333 24.8029 -0.5
    endloop
  endfacet
  facet normal -0.338735 0.940882 0
    outer loop
      vertex 52.2746 23.7764 -0.5
      vertex 50.7969 23.2444 1.5
      vertex 52.2746 23.7764 1.5
    endloop
  endfacet
  facet normal -0.338735 0.940882 0
    outer loop
      vertex 50.7969 23.2444 1.5
      vertex 52.2746 23.7764 -0.5
      vertex 50.7969 23.2444 -0.5
    endloop
  endfacet
  facet normal 0.82706 -0.562113 0
    outer loop
      vertex 80.2254 -14.6946 1.5
      vertex 81.1082 -13.3957 -0.5
      vertex 81.1082 -13.3957 1.5
    endloop
  endfacet
  facet normal 0.82706 -0.562113 0
    outer loop
      vertex 81.1082 -13.3957 -0.5
      vertex 80.2254 -14.6946 1.5
      vertex 80.2254 -14.6946 -0.5
    endloop
  endfacet
  facet normal 0.891001 0.454001 0
    outer loop
      vertex 82.6207 10.6445 1.5
      vertex 81.9077 12.0438 -0.5
      vertex 81.9077 12.0438 1.5
    endloop
  endfacet
  facet normal 0.891001 0.454001 0
    outer loop
      vertex 81.9077 12.0438 -0.5
      vertex 82.6207 10.6445 1.5
      vertex 82.6207 10.6445 -0.5
    endloop
  endfacet
  facet normal -0.975917 0.218141 0
    outer loop
      vertex 35.4428 4.68453 -0.5
      vertex 35.7854 6.21725 1.5
      vertex 35.7854 6.21725 -0.5
    endloop
  endfacet
  facet normal -0.975917 0.218141 0
    outer loop
      vertex 35.7854 6.21725 1.5
      vertex 35.4428 4.68453 -0.5
      vertex 35.4428 4.68453 1.5
    endloop
  endfacet
  facet normal 0.397121 -0.917766 0
    outer loop
      vertex 69.2031 -23.2444 -0.5
      vertex 70.6445 -22.6207 1.5
      vertex 69.2031 -23.2444 1.5
    endloop
  endfacet
  facet normal 0.397121 -0.917766 0
    outer loop
      vertex 70.6445 -22.6207 1.5
      vertex 69.2031 -23.2444 -0.5
      vertex 70.6445 -22.6207 -0.5
    endloop
  endfacet
  facet normal -0.790161 -0.6129 0
    outer loop
      vertex 40.7372 -15.9356 -0.5
      vertex 39.7746 -14.6946 1.5
      vertex 39.7746 -14.6946 -0.5
    endloop
  endfacet
  facet normal -0.790161 -0.6129 0
    outer loop
      vertex 39.7746 -14.6946 1.5
      vertex 40.7372 -15.9356 -0.5
      vertex 40.7372 -15.9356 1.5
    endloop
  endfacet
  facet normal 0.397121 0.917766 -0
    outer loop
      vertex 70.6445 22.6207 -0.5
      vertex 69.2031 23.2444 1.5
      vertex 70.6445 22.6207 1.5
    endloop
  endfacet
  facet normal 0.397121 0.917766 0
    outer loop
      vertex 69.2031 23.2444 1.5
      vertex 70.6445 22.6207 -0.5
      vertex 69.2031 23.2444 -0.5
    endloop
  endfacet
  facet normal 0.562113 0.82706 -0
    outer loop
      vertex 74.6946 20.2254 -0.5
      vertex 73.3957 21.1082 1.5
      vertex 74.6946 20.2254 1.5
    endloop
  endfacet
  facet normal 0.562113 0.82706 0
    outer loop
      vertex 73.3957 21.1082 1.5
      vertex 74.6946 20.2254 -0.5
      vertex 73.3957 21.1082 -0.5
    endloop
  endfacet
  facet normal 0.750122 0.661299 0
    outer loop
      vertex 79.2628 15.9356 1.5
      vertex 78.2242 17.1137 -0.5
      vertex 78.2242 17.1137 1.5
    endloop
  endfacet
  facet normal 0.750122 0.661299 0
    outer loop
      vertex 78.2242 17.1137 -0.5
      vertex 79.2628 15.9356 1.5
      vertex 79.2628 15.9356 -0.5
    endloop
  endfacet
  facet normal -0.454001 0.891001 0
    outer loop
      vertex 49.3555 22.6207 -0.5
      vertex 47.9562 21.9077 1.5
      vertex 49.3555 22.6207 1.5
    endloop
  endfacet
  facet normal -0.454001 0.891001 0
    outer loop
      vertex 47.9562 21.9077 1.5
      vertex 49.3555 22.6207 -0.5
      vertex 47.9562 21.9077 -0.5
    endloop
  endfacet
  facet normal 0.917765 0.397124 0
    outer loop
      vertex 83.2444 9.20311 1.5
      vertex 82.6207 10.6445 -0.5
      vertex 82.6207 10.6445 1.5
    endloop
  endfacet
  facet normal 0.917765 0.397124 0
    outer loop
      vertex 82.6207 10.6445 -0.5
      vertex 83.2444 9.20311 1.5
      vertex 83.2444 9.20311 -0.5
    endloop
  endfacet
  facet normal 0.661299 -0.750122 0
    outer loop
      vertex 75.9356 -19.2628 -0.5
      vertex 77.1137 -18.2242 1.5
      vertex 75.9356 -19.2628 1.5
    endloop
  endfacet
  facet normal 0.661299 -0.750122 0
    outer loop
      vertex 77.1137 -18.2242 1.5
      vertex 75.9356 -19.2628 -0.5
      vertex 77.1137 -18.2242 -0.5
    endloop
  endfacet
  facet normal 0.82706 0.562113 0
    outer loop
      vertex 81.1082 13.3957 1.5
      vertex 80.2254 14.6946 -0.5
      vertex 80.2254 14.6946 1.5
    endloop
  endfacet
  facet normal 0.82706 0.562113 0
    outer loop
      vertex 80.2254 14.6946 -0.5
      vertex 81.1082 13.3957 1.5
      vertex 81.1082 13.3957 -0.5
    endloop
  endfacet
  facet normal -0.960288 0.279012 0
    outer loop
      vertex 35.7854 6.21725 -0.5
      vertex 36.2236 7.72542 1.5
      vertex 36.2236 7.72542 -0.5
    endloop
  endfacet
  facet normal -0.960288 0.279012 0
    outer loop
      vertex 36.2236 7.72542 1.5
      vertex 35.7854 6.21725 -0.5
      vertex 35.7854 6.21725 1.5
    endloop
  endfacet
  facet normal -0.562113 -0.82706 0
    outer loop
      vertex 45.3054 -20.2254 -0.5
      vertex 46.6043 -21.1082 1.5
      vertex 45.3054 -20.2254 1.5
    endloop
  endfacet
  facet normal -0.562113 -0.82706 -0
    outer loop
      vertex 46.6043 -21.1082 1.5
      vertex 45.3054 -20.2254 -0.5
      vertex 46.6043 -21.1082 -0.5
    endloop
  endfacet
  facet normal 0.790161 0.6129 0
    outer loop
      vertex 80.2254 14.6946 1.5
      vertex 79.2628 15.9356 -0.5
      vertex 79.2628 15.9356 1.5
    endloop
  endfacet
  facet normal 0.790161 0.6129 0
    outer loop
      vertex 79.2628 15.9356 -0.5
      vertex 80.2254 14.6946 1.5
      vertex 80.2254 14.6946 -0.5
    endloop
  endfacet
  facet normal 0.917765 -0.397124 0
    outer loop
      vertex 82.6207 -10.6445 1.5
      vertex 83.2444 -9.20311 -0.5
      vertex 83.2444 -9.20311 1.5
    endloop
  endfacet
  facet normal 0.917765 -0.397124 0
    outer loop
      vertex 83.2444 -9.20311 -0.5
      vertex 82.6207 -10.6445 1.5
      vertex 82.6207 -10.6445 -0.5
    endloop
  endfacet
  facet normal 0.279007 -0.960289 0
    outer loop
      vertex 66.2172 -24.2146 -0.5
      vertex 67.7254 -23.7764 1.5
      vertex 66.2172 -24.2146 1.5
    endloop
  endfacet
  facet normal 0.279007 -0.960289 0
    outer loop
      vertex 67.7254 -23.7764 1.5
      vertex 66.2172 -24.2146 -0.5
      vertex 67.7254 -23.7764 -0.5
    endloop
  endfacet
  facet normal 0.891001 -0.454001 0
    outer loop
      vertex 81.9077 -12.0438 1.5
      vertex 82.6207 -10.6445 -0.5
      vertex 82.6207 -10.6445 1.5
    endloop
  endfacet
  facet normal 0.891001 -0.454001 0
    outer loop
      vertex 82.6207 -10.6445 -0.5
      vertex 81.9077 -12.0438 1.5
      vertex 81.9077 -12.0438 -0.5
    endloop
  endfacet
  facet normal -0.0313898 0.999507 0
    outer loop
      vertex 60 25 -0.5
      vertex 58.4302 24.9507 1.5
      vertex 60 25 1.5
    endloop
  endfacet
  facet normal -0.0313898 0.999507 0
    outer loop
      vertex 58.4302 24.9507 1.5
      vertex 60 25 -0.5
      vertex 58.4302 24.9507 -0.5
    endloop
  endfacet
  facet normal 0.0941119 0.995562 -0
    outer loop
      vertex 63.1333 24.8029 -0.5
      vertex 61.5698 24.9507 1.5
      vertex 63.1333 24.8029 1.5
    endloop
  endfacet
  facet normal 0.0941119 0.995562 0
    outer loop
      vertex 61.5698 24.9507 1.5
      vertex 63.1333 24.8029 -0.5
      vertex 61.5698 24.9507 -0.5
    endloop
  endfacet
  facet normal -0.397121 -0.917766 0
    outer loop
      vertex 49.3555 -22.6207 -0.5
      vertex 50.7969 -23.2444 1.5
      vertex 49.3555 -22.6207 1.5
    endloop
  endfacet
  facet normal -0.397121 -0.917766 -0
    outer loop
      vertex 50.7969 -23.2444 1.5
      vertex 49.3555 -22.6207 -0.5
      vertex 50.7969 -23.2444 -0.5
    endloop
  endfacet
  facet normal -0.0941119 -0.995562 0
    outer loop
      vertex 56.8667 -24.8029 -0.5
      vertex 58.4302 -24.9507 1.5
      vertex 56.8667 -24.8029 1.5
    endloop
  endfacet
  facet normal -0.0941119 -0.995562 -0
    outer loop
      vertex 58.4302 -24.9507 1.5
      vertex 56.8667 -24.8029 -0.5
      vertex 58.4302 -24.9507 -0.5
    endloop
  endfacet
  facet normal -0.156443 -0.987687 0
    outer loop
      vertex 55.3155 -24.5572 -0.5
      vertex 56.8667 -24.8029 1.5
      vertex 55.3155 -24.5572 1.5
    endloop
  endfacet
  facet normal -0.156443 -0.987687 -0
    outer loop
      vertex 56.8667 -24.8029 1.5
      vertex 55.3155 -24.5572 -0.5
      vertex 56.8667 -24.8029 -0.5
    endloop
  endfacet
  facet normal 0.995562 0.0941078 0
    outer loop
      vertex 84.9507 1.56976 1.5
      vertex 84.8029 3.13333 -0.5
      vertex 84.8029 3.13333 1.5
    endloop
  endfacet
  facet normal 0.995562 0.0941078 0
    outer loop
      vertex 84.8029 3.13333 -0.5
      vertex 84.9507 1.56976 1.5
      vertex 84.9507 1.56976 -0.5
    endloop
  endfacet
  facet normal 0.987687 0.156443 0
    outer loop
      vertex 84.8029 3.13333 1.5
      vertex 84.5572 4.68453 -0.5
      vertex 84.5572 4.68453 1.5
    endloop
  endfacet
  facet normal 0.987687 0.156443 0
    outer loop
      vertex 84.5572 4.68453 -0.5
      vertex 84.8029 3.13333 1.5
      vertex 84.8029 3.13333 -0.5
    endloop
  endfacet
  facet normal -0.987687 0.156443 0
    outer loop
      vertex 35.1971 3.13333 -0.5
      vertex 35.4428 4.68453 1.5
      vertex 35.4428 4.68453 -0.5
    endloop
  endfacet
  facet normal -0.987687 0.156443 0
    outer loop
      vertex 35.4428 4.68453 1.5
      vertex 35.1971 3.13333 -0.5
      vertex 35.1971 3.13333 1.5
    endloop
  endfacet
  facet normal 0.509036 -0.860745 0
    outer loop
      vertex 72.0438 -21.9077 -0.5
      vertex 73.3957 -21.1082 1.5
      vertex 72.0438 -21.9077 1.5
    endloop
  endfacet
  facet normal 0.509036 -0.860745 0
    outer loop
      vertex 73.3957 -21.1082 1.5
      vertex 72.0438 -21.9077 -0.5
      vertex 73.3957 -21.1082 -0.5
    endloop
  endfacet
  facet normal 0.0313898 -0.999507 0
    outer loop
      vertex 60 -25 -0.5
      vertex 61.5698 -24.9507 1.5
      vertex 60 -25 1.5
    endloop
  endfacet
  facet normal 0.0313898 -0.999507 0
    outer loop
      vertex 61.5698 -24.9507 1.5
      vertex 60 -25 -0.5
      vertex 61.5698 -24.9507 -0.5
    endloop
  endfacet
  facet normal 0.279007 0.960289 -0
    outer loop
      vertex 67.7254 23.7764 -0.5
      vertex 66.2172 24.2146 1.5
      vertex 67.7254 23.7764 1.5
    endloop
  endfacet
  facet normal 0.279007 0.960289 0
    outer loop
      vertex 66.2172 24.2146 1.5
      vertex 67.7254 23.7764 -0.5
      vertex 66.2172 24.2146 -0.5
    endloop
  endfacet
  facet normal 0.6129 -0.790161 0
    outer loop
      vertex 74.6946 -20.2254 -0.5
      vertex 75.9356 -19.2628 1.5
      vertex 74.6946 -20.2254 1.5
    endloop
  endfacet
  facet normal 0.6129 -0.790161 0
    outer loop
      vertex 75.9356 -19.2628 1.5
      vertex 74.6946 -20.2254 -0.5
      vertex 75.9356 -19.2628 -0.5
    endloop
  endfacet
  facet normal -0.6129 -0.790161 0
    outer loop
      vertex 44.0644 -19.2628 -0.5
      vertex 45.3054 -20.2254 1.5
      vertex 44.0644 -19.2628 1.5
    endloop
  endfacet
  facet normal -0.6129 -0.790161 -0
    outer loop
      vertex 45.3054 -20.2254 1.5
      vertex 44.0644 -19.2628 -0.5
      vertex 45.3054 -20.2254 -0.5
    endloop
  endfacet
  facet normal 0.6129 0.790161 -0
    outer loop
      vertex 75.9356 19.2628 -0.5
      vertex 74.6946 20.2254 1.5
      vertex 75.9356 19.2628 1.5
    endloop
  endfacet
  facet normal 0.6129 0.790161 0
    outer loop
      vertex 74.6946 20.2254 1.5
      vertex 75.9356 19.2628 -0.5
      vertex 74.6946 20.2254 -0.5
    endloop
  endfacet
  facet normal -0.82706 -0.562113 0
    outer loop
      vertex 39.7746 -14.6946 -0.5
      vertex 38.8918 -13.3957 1.5
      vertex 38.8918 -13.3957 -0.5
    endloop
  endfacet
  facet normal -0.82706 -0.562113 0
    outer loop
      vertex 38.8918 -13.3957 1.5
      vertex 39.7746 -14.6946 -0.5
      vertex 39.7746 -14.6946 1.5
    endloop
  endfacet
  facet normal 0.661299 0.750122 -0
    outer loop
      vertex 77.1137 18.2242 -0.5
      vertex 75.9356 19.2628 1.5
      vertex 77.1137 18.2242 1.5
    endloop
  endfacet
  facet normal 0.661299 0.750122 0
    outer loop
      vertex 75.9356 19.2628 1.5
      vertex 77.1137 18.2242 -0.5
      vertex 75.9356 19.2628 -0.5
    endloop
  endfacet
  facet normal 0.960288 0.279012 0
    outer loop
      vertex 84.2146 6.21725 1.5
      vertex 83.7764 7.72542 -0.5
      vertex 83.7764 7.72542 1.5
    endloop
  endfacet
  facet normal 0.960288 0.279012 0
    outer loop
      vertex 83.7764 7.72542 -0.5
      vertex 84.2146 6.21725 1.5
      vertex 84.2146 6.21725 -0.5
    endloop
  endfacet
  facet normal 0.509036 0.860745 -0
    outer loop
      vertex 73.3957 21.1082 -0.5
      vertex 72.0438 21.9077 1.5
      vertex 73.3957 21.1082 1.5
    endloop
  endfacet
  facet normal 0.509036 0.860745 0
    outer loop
      vertex 72.0438 21.9077 1.5
      vertex 73.3957 21.1082 -0.5
      vertex 72.0438 21.9077 -0.5
    endloop
  endfacet
  facet normal -0.790161 0.6129 0
    outer loop
      vertex 39.7746 14.6946 -0.5
      vertex 40.7372 15.9356 1.5
      vertex 40.7372 15.9356 -0.5
    endloop
  endfacet
  facet normal -0.790161 0.6129 0
    outer loop
      vertex 40.7372 15.9356 1.5
      vertex 39.7746 14.6946 -0.5
      vertex 39.7746 14.6946 1.5
    endloop
  endfacet
  facet normal 0.454001 0.891001 -0
    outer loop
      vertex 72.0438 21.9077 -0.5
      vertex 70.6445 22.6207 1.5
      vertex 72.0438 21.9077 1.5
    endloop
  endfacet
  facet normal 0.454001 0.891001 0
    outer loop
      vertex 70.6445 22.6207 1.5
      vertex 72.0438 21.9077 -0.5
      vertex 70.6445 22.6207 -0.5
    endloop
  endfacet
  facet normal -0.750122 -0.661299 0
    outer loop
      vertex 41.7758 -17.1137 -0.5
      vertex 40.7372 -15.9356 1.5
      vertex 40.7372 -15.9356 -0.5
    endloop
  endfacet
  facet normal -0.750122 -0.661299 0
    outer loop
      vertex 40.7372 -15.9356 1.5
      vertex 41.7758 -17.1137 -0.5
      vertex 41.7758 -17.1137 1.5
    endloop
  endfacet
  facet normal -0.940881 -0.338737 0
    outer loop
      vertex 36.7556 -9.20311 -0.5
      vertex 36.2236 -7.72542 1.5
      vertex 36.2236 -7.72542 -0.5
    endloop
  endfacet
  facet normal -0.940881 -0.338737 0
    outer loop
      vertex 36.2236 -7.72542 1.5
      vertex 36.7556 -9.20311 -0.5
      vertex 36.7556 -9.20311 1.5
    endloop
  endfacet
  facet normal -0.562113 0.82706 0
    outer loop
      vertex 46.6043 21.1082 -0.5
      vertex 45.3054 20.2254 1.5
      vertex 46.6043 21.1082 1.5
    endloop
  endfacet
  facet normal -0.562113 0.82706 0
    outer loop
      vertex 45.3054 20.2254 1.5
      vertex 46.6043 21.1082 -0.5
      vertex 45.3054 20.2254 -0.5
    endloop
  endfacet
  facet normal -0.454001 -0.891001 0
    outer loop
      vertex 47.9562 -21.9077 -0.5
      vertex 49.3555 -22.6207 1.5
      vertex 47.9562 -21.9077 1.5
    endloop
  endfacet
  facet normal -0.454001 -0.891001 -0
    outer loop
      vertex 49.3555 -22.6207 1.5
      vertex 47.9562 -21.9077 -0.5
      vertex 49.3555 -22.6207 -0.5
    endloop
  endfacet
  facet normal -0.917765 0.397124 0
    outer loop
      vertex 36.7556 9.20311 -0.5
      vertex 37.3793 10.6445 1.5
      vertex 37.3793 10.6445 -0.5
    endloop
  endfacet
  facet normal -0.917765 0.397124 0
    outer loop
      vertex 37.3793 10.6445 1.5
      vertex 36.7556 9.20311 -0.5
      vertex 36.7556 9.20311 1.5
    endloop
  endfacet
  facet normal -0.218144 0.975917 0
    outer loop
      vertex 55.3155 24.5572 -0.5
      vertex 53.7828 24.2146 1.5
      vertex 55.3155 24.5572 1.5
    endloop
  endfacet
  facet normal -0.218144 0.975917 0
    outer loop
      vertex 53.7828 24.2146 1.5
      vertex 55.3155 24.5572 -0.5
      vertex 53.7828 24.2146 -0.5
    endloop
  endfacet
  facet normal 0.975917 0.218141 0
    outer loop
      vertex 84.5572 4.68453 1.5
      vertex 84.2146 6.21725 -0.5
      vertex 84.2146 6.21725 1.5
    endloop
  endfacet
  facet normal 0.975917 0.218141 0
    outer loop
      vertex 84.2146 6.21725 -0.5
      vertex 84.5572 4.68453 1.5
      vertex 84.5572 4.68453 -0.5
    endloop
  endfacet
  facet normal -0.975917 -0.218141 0
    outer loop
      vertex 35.7854 -6.21725 -0.5
      vertex 35.4428 -4.68453 1.5
      vertex 35.4428 -4.68453 -0.5
    endloop
  endfacet
  facet normal -0.975917 -0.218141 0
    outer loop
      vertex 35.4428 -4.68453 1.5
      vertex 35.7854 -6.21725 -0.5
      vertex 35.7854 -6.21725 1.5
    endloop
  endfacet
  facet normal -0.338735 -0.940882 0
    outer loop
      vertex 50.7969 -23.2444 -0.5
      vertex 52.2746 -23.7764 1.5
      vertex 50.7969 -23.2444 1.5
    endloop
  endfacet
  facet normal -0.338735 -0.940882 -0
    outer loop
      vertex 52.2746 -23.7764 1.5
      vertex 50.7969 -23.2444 -0.5
      vertex 52.2746 -23.7764 -0.5
    endloop
  endfacet
  facet normal -0.960288 -0.279012 0
    outer loop
      vertex 36.2236 -7.72542 -0.5
      vertex 35.7854 -6.21725 1.5
      vertex 35.7854 -6.21725 -0.5
    endloop
  endfacet
  facet normal -0.960288 -0.279012 0
    outer loop
      vertex 35.7854 -6.21725 1.5
      vertex 36.2236 -7.72542 -0.5
      vertex 36.2236 -7.72542 1.5
    endloop
  endfacet
  facet normal 0.975917 -0.218141 0
    outer loop
      vertex 84.2146 -6.21725 1.5
      vertex 84.5572 -4.68453 -0.5
      vertex 84.5572 -4.68453 1.5
    endloop
  endfacet
  facet normal 0.975917 -0.218141 0
    outer loop
      vertex 84.5572 -4.68453 -0.5
      vertex 84.2146 -6.21725 1.5
      vertex 84.2146 -6.21725 -0.5
    endloop
  endfacet
  facet normal 0.940881 -0.338737 0
    outer loop
      vertex 83.2444 -9.20311 1.5
      vertex 83.7764 -7.72542 -0.5
      vertex 83.7764 -7.72542 1.5
    endloop
  endfacet
  facet normal 0.940881 -0.338737 0
    outer loop
      vertex 83.7764 -7.72542 -0.5
      vertex 83.2444 -9.20311 1.5
      vertex 83.2444 -9.20311 -0.5
    endloop
  endfacet
  facet normal 0.987687 -0.156443 0
    outer loop
      vertex 84.5572 -4.68453 1.5
      vertex 84.8029 -3.13333 -0.5
      vertex 84.8029 -3.13333 1.5
    endloop
  endfacet
  facet normal 0.987687 -0.156443 0
    outer loop
      vertex 84.8029 -3.13333 -0.5
      vertex 84.5572 -4.68453 1.5
      vertex 84.5572 -4.68453 -0.5
    endloop
  endfacet
  facet normal 0.218144 -0.975917 0
    outer loop
      vertex 64.6845 -24.5572 -0.5
      vertex 66.2172 -24.2146 1.5
      vertex 64.6845 -24.5572 1.5
    endloop
  endfacet
  facet normal 0.218144 -0.975917 0
    outer loop
      vertex 66.2172 -24.2146 1.5
      vertex 64.6845 -24.5572 -0.5
      vertex 66.2172 -24.2146 -0.5
    endloop
  endfacet
  facet normal 0.999507 0.0313906 0
    outer loop
      vertex 85 0 1.5
      vertex 84.9507 1.56976 -0.5
      vertex 84.9507 1.56976 1.5
    endloop
  endfacet
  facet normal 0.999507 0.0313906 0
    outer loop
      vertex 84.9507 1.56976 -0.5
      vertex 85 0 1.5
      vertex 85 0 -0.5
    endloop
  endfacet
  facet normal 0.860745 0.509036 0
    outer loop
      vertex 81.9077 12.0438 1.5
      vertex 81.1082 13.3957 -0.5
      vertex 81.1082 13.3957 1.5
    endloop
  endfacet
  facet normal 0.860745 0.509036 0
    outer loop
      vertex 81.1082 13.3957 -0.5
      vertex 81.9077 12.0438 1.5
      vertex 81.9077 12.0438 -0.5
    endloop
  endfacet
  facet normal -0.156443 0.987687 0
    outer loop
      vertex 56.8667 24.8029 -0.5
      vertex 55.3155 24.5572 1.5
      vertex 56.8667 24.8029 1.5
    endloop
  endfacet
  facet normal -0.156443 0.987687 0
    outer loop
      vertex 55.3155 24.5572 1.5
      vertex 56.8667 24.8029 -0.5
      vertex 55.3155 24.5572 -0.5
    endloop
  endfacet
  facet normal -0.397121 0.917766 0
    outer loop
      vertex 50.7969 23.2444 -0.5
      vertex 49.3555 22.6207 1.5
      vertex 50.7969 23.2444 1.5
    endloop
  endfacet
  facet normal -0.397121 0.917766 0
    outer loop
      vertex 49.3555 22.6207 1.5
      vertex 50.7969 23.2444 -0.5
      vertex 49.3555 22.6207 -0.5
    endloop
  endfacet
  facet normal 0 0 1
    outer loop
      vertex 83.15 0 1.5
      vertex 85 0 1.5
      vertex 84.9507 1.56976 1.5
    endloop
  endfacet
  facet normal 0 0 1
    outer loop
      vertex 83.1043 1.4536 1.5
      vertex 84.9507 1.56976 1.5
      vertex 84.8029 3.13333 1.5
    endloop
  endfacet
  facet normal 0 0 1
    outer loop
      vertex 85 0 1.5
      vertex 83.15 0 1.5
      vertex 84.9507 -1.56976 1.5
    endloop
  endfacet
  facet normal 0 0 1
    outer loop
      vertex 82.9675 2.90146 1.5
      vertex 84.8029 3.13333 1.5
      vertex 84.5572 4.68453 1.5
    endloop
  endfacet
  facet normal -0 0 1
    outer loop
      vertex 83.1043 -1.4536 1.5
      vertex 84.9507 -1.56976 1.5
      vertex 83.15 0 1.5
    endloop
  endfacet
  facet normal 0 0 1
    outer loop
      vertex 82.74 4.33788 1.5
      vertex 84.5572 4.68453 1.5
      vertex 84.2146 6.21725 1.5
    endloop
  endfacet
  facet normal 0 0 1
    outer loop
      vertex 84.9507 -1.56976 1.5
      vertex 83.1043 -1.4536 1.5
      vertex 84.8029 -3.13333 1.5
    endloop
  endfacet
  facet normal 0 0 1
    outer loop
      vertex 82.4227 5.75717 1.5
      vertex 84.2146 6.21725 1.5
      vertex 83.7764 7.72542 1.5
    endloop
  endfacet
  facet normal -0 0 1
    outer loop
      vertex 82.9675 -2.90146 1.5
      vertex 84.8029 -3.13333 1.5
      vertex 83.1043 -1.4536 1.5
    endloop
  endfacet
  facet normal 0 0 1
    outer loop
      vertex 82.017 7.15374 1.5
      vertex 83.7764 7.72542 1.5
      vertex 83.2444 9.20311 1.5
    endloop
  endfacet
  facet normal 0 0 1
    outer loop
      vertex 84.8029 -3.13333 1.5
      vertex 82.9675 -2.90146 1.5
      vertex 84.5572 -4.68453 1.5
    endloop
  endfacet
  facet normal -0 0 1
    outer loop
      vertex 82.74 -4.33788 1.5
      vertex 84.5572 -4.68453 1.5
      vertex 82.9675 -2.90146 1.5
    endloop
  endfacet
  facet normal 0 0 1
    outer loop
      vertex 84.9507 1.56976 1.5
      vertex 83.1043 1.4536 1.5
      vertex 83.15 0 1.5
    endloop
  endfacet
  facet normal 0 0 1
    outer loop
      vertex 84.8029 3.13333 1.5
      vertex 82.9675 2.90146 1.5
      vertex 83.1043 1.4536 1.5
    endloop
  endfacet
  facet normal 0 0 1
    outer loop
      vertex 84.5572 4.68453 1.5
      vertex 82.74 4.33788 1.5
      vertex 82.9675 2.90146 1.5
    endloop
  endfacet
  facet normal 0 0 1
    outer loop
      vertex 81.5243 8.52208 1.5
      vertex 83.2444 9.20311 1.5
      vertex 82.6207 10.6445 1.5
    endloop
  endfacet
  facet normal 0 0 1
    outer loop
      vertex 84.2146 6.21725 1.5
      vertex 82.4227 5.75717 1.5
      vertex 82.74 4.33788 1.5
    endloop
  endfacet
  facet normal 0 0 1
    outer loop
      vertex 83.7764 7.72542 1.5
      vertex 82.017 7.15374 1.5
      vertex 82.4227 5.75717 1.5
    endloop
  endfacet
  facet normal 0 0 1
    outer loop
      vertex 80.9467 9.85679 1.5
      vertex 82.6207 10.6445 1.5
      vertex 81.9077 12.0438 1.5
    endloop
  endfacet
  facet normal 0 0 1
    outer loop
      vertex 83.2444 9.20311 1.5
      vertex 81.5243 8.52208 1.5
      vertex 82.017 7.15374 1.5
    endloop
  endfacet
  facet normal 0 0 1
    outer loop
      vertex 80.2865 11.1526 1.5
      vertex 81.9077 12.0438 1.5
      vertex 81.1082 13.3957 1.5
    endloop
  endfacet
  facet normal 0 0 1
    outer loop
      vertex 82.6207 10.6445 1.5
      vertex 80.9467 9.85679 1.5
      vertex 81.5243 8.52208 1.5
    endloop
  endfacet
  facet normal 0 0 1
    outer loop
      vertex 81.9077 12.0438 1.5
      vertex 80.2865 11.1526 1.5
      vertex 80.9467 9.85679 1.5
    endloop
  endfacet
  facet normal 0 0 1
    outer loop
      vertex 79.5462 12.4044 1.5
      vertex 81.1082 13.3957 1.5
      vertex 80.2254 14.6946 1.5
    endloop
  endfacet
  facet normal 0 0 1
    outer loop
      vertex 81.1082 13.3957 1.5
      vertex 79.5462 12.4044 1.5
      vertex 80.2865 11.1526 1.5
    endloop
  endfacet
  facet normal 0 0 1
    outer loop
      vertex 78.7287 13.6072 1.5
      vertex 80.2254 14.6946 1.5
      vertex 79.2628 15.9356 1.5
    endloop
  endfacet
  facet normal 0 0 1
    outer loop
      vertex 80.2254 14.6946 1.5
      vertex 78.7287 13.6072 1.5
      vertex 79.5462 12.4044 1.5
    endloop
  endfacet
  facet normal 0 0 1
    outer loop
      vertex 77.8374 14.7564 1.5
      vertex 79.2628 15.9356 1.5
      vertex 78.2242 17.1137 1.5
    endloop
  endfacet
  facet normal 0 0 1
    outer loop
      vertex 79.2628 15.9356 1.5
      vertex 77.8374 14.7564 1.5
      vertex 78.7287 13.6072 1.5
    endloop
  endfacet
  facet normal 0 0 1
    outer loop
      vertex 76.8756 15.8473 1.5
      vertex 78.2242 17.1137 1.5
      vertex 77.1137 18.2242 1.5
    endloop
  endfacet
  facet normal 0 0 1
    outer loop
      vertex 78.2242 17.1137 1.5
      vertex 76.8756 15.8473 1.5
      vertex 77.8374 14.7564 1.5
    endloop
  endfacet
  facet normal 0 0 1
    outer loop
      vertex 75.8473 16.8756 1.5
      vertex 77.1137 18.2242 1.5
      vertex 75.9356 19.2628 1.5
    endloop
  endfacet
  facet normal 0 0 1
    outer loop
      vertex 77.1137 18.2242 1.5
      vertex 75.8473 16.8756 1.5
      vertex 76.8756 15.8473 1.5
    endloop
  endfacet
  facet normal 0 0 1
    outer loop
      vertex 75.9356 19.2628 1.5
      vertex 74.7564 17.8374 1.5
      vertex 75.8473 16.8756 1.5
    endloop
  endfacet
  facet normal 0 0 1
    outer loop
      vertex 74.6946 20.2254 1.5
      vertex 74.7564 17.8374 1.5
      vertex 75.9356 19.2628 1.5
    endloop
  endfacet
  facet normal 0 0 1
    outer loop
      vertex 74.6946 20.2254 1.5
      vertex 73.6072 18.7287 1.5
      vertex 74.7564 17.8374 1.5
    endloop
  endfacet
  facet normal 0 0 1
    outer loop
      vertex 73.3957 21.1082 1.5
      vertex 73.6072 18.7287 1.5
      vertex 74.6946 20.2254 1.5
    endloop
  endfacet
  facet normal 0 0 1
    outer loop
      vertex 73.3957 21.1082 1.5
      vertex 72.4044 19.5462 1.5
      vertex 73.6072 18.7287 1.5
    endloop
  endfacet
  facet normal 0 0 1
    outer loop
      vertex 72.0438 21.9077 1.5
      vertex 72.4044 19.5462 1.5
      vertex 73.3957 21.1082 1.5
    endloop
  endfacet
  facet normal 0 0 1
    outer loop
      vertex 72.0438 21.9077 1.5
      vertex 71.1526 20.2865 1.5
      vertex 72.4044 19.5462 1.5
    endloop
  endfacet
  facet normal 0 0 1
    outer loop
      vertex 70.6445 22.6207 1.5
      vertex 71.1526 20.2865 1.5
      vertex 72.0438 21.9077 1.5
    endloop
  endfacet
  facet normal 0 0 1
    outer loop
      vertex 70.6445 22.6207 1.5
      vertex 69.8568 20.9467 1.5
      vertex 71.1526 20.2865 1.5
    endloop
  endfacet
  facet normal 0 0 1
    outer loop
      vertex 69.2031 23.2444 1.5
      vertex 69.8568 20.9467 1.5
      vertex 70.6445 22.6207 1.5
    endloop
  endfacet
  facet normal 0 0 1
    outer loop
      vertex 69.2031 23.2444 1.5
      vertex 68.5221 21.5243 1.5
      vertex 69.8568 20.9467 1.5
    endloop
  endfacet
  facet normal 0 0 1
    outer loop
      vertex 67.7254 23.7764 1.5
      vertex 68.5221 21.5243 1.5
      vertex 69.2031 23.2444 1.5
    endloop
  endfacet
  facet normal 0 0 1
    outer loop
      vertex 67.7254 23.7764 1.5
      vertex 67.1537 22.017 1.5
      vertex 68.5221 21.5243 1.5
    endloop
  endfacet
  facet normal 0 0 1
    outer loop
      vertex 66.2172 24.2146 1.5
      vertex 67.1537 22.017 1.5
      vertex 67.7254 23.7764 1.5
    endloop
  endfacet
  facet normal 0 0 1
    outer loop
      vertex 66.2172 24.2146 1.5
      vertex 65.7572 22.4227 1.5
      vertex 67.1537 22.017 1.5
    endloop
  endfacet
  facet normal 0 0 1
    outer loop
      vertex 64.6845 24.5572 1.5
      vertex 65.7572 22.4227 1.5
      vertex 66.2172 24.2146 1.5
    endloop
  endfacet
  facet normal 0 0 1
    outer loop
      vertex 64.6845 24.5572 1.5
      vertex 64.3379 22.7399 1.5
      vertex 65.7572 22.4227 1.5
    endloop
  endfacet
  facet normal 0 0 1
    outer loop
      vertex 63.1333 24.8029 1.5
      vertex 64.3379 22.7399 1.5
      vertex 64.6845 24.5572 1.5
    endloop
  endfacet
  facet normal 0 0 1
    outer loop
      vertex 63.1333 24.8029 1.5
      vertex 62.9015 22.9675 1.5
      vertex 64.3379 22.7399 1.5
    endloop
  endfacet
  facet normal 0 0 1
    outer loop
      vertex 61.5698 24.9507 1.5
      vertex 62.9015 22.9675 1.5
      vertex 63.1333 24.8029 1.5
    endloop
  endfacet
  facet normal 0 0 1
    outer loop
      vertex 61.5698 24.9507 1.5
      vertex 61.4536 23.1043 1.5
      vertex 62.9015 22.9675 1.5
    endloop
  endfacet
  facet normal 0 0 1
    outer loop
      vertex 60 25 1.5
      vertex 61.4536 23.1043 1.5
      vertex 61.5698 24.9507 1.5
    endloop
  endfacet
  facet normal 0 0 1
    outer loop
      vertex 60 25 1.5
      vertex 60 23.15 1.5
      vertex 61.4536 23.1043 1.5
    endloop
  endfacet
  facet normal 0 0 1
    outer loop
      vertex 60 25 1.5
      vertex 58.5464 23.1043 1.5
      vertex 60 23.15 1.5
    endloop
  endfacet
  facet normal -0 0 1
    outer loop
      vertex 58.4302 24.9507 1.5
      vertex 58.5464 23.1043 1.5
      vertex 60 25 1.5
    endloop
  endfacet
  facet normal 0 0 1
    outer loop
      vertex 58.4302 24.9507 1.5
      vertex 57.0985 22.9675 1.5
      vertex 58.5464 23.1043 1.5
    endloop
  endfacet
  facet normal -0 0 1
    outer loop
      vertex 56.8667 24.8029 1.5
      vertex 57.0985 22.9675 1.5
      vertex 58.4302 24.9507 1.5
    endloop
  endfacet
  facet normal 0 0 1
    outer loop
      vertex 56.8667 24.8029 1.5
      vertex 55.6621 22.7399 1.5
      vertex 57.0985 22.9675 1.5
    endloop
  endfacet
  facet normal -0 0 1
    outer loop
      vertex 55.3155 24.5572 1.5
      vertex 55.6621 22.7399 1.5
      vertex 56.8667 24.8029 1.5
    endloop
  endfacet
  facet normal 0 0 1
    outer loop
      vertex 55.3155 24.5572 1.5
      vertex 54.2428 22.4227 1.5
      vertex 55.6621 22.7399 1.5
    endloop
  endfacet
  facet normal -0 0 1
    outer loop
      vertex 53.7828 24.2146 1.5
      vertex 54.2428 22.4227 1.5
      vertex 55.3155 24.5572 1.5
    endloop
  endfacet
  facet normal 0 0 1
    outer loop
      vertex 53.7828 24.2146 1.5
      vertex 52.8463 22.017 1.5
      vertex 54.2428 22.4227 1.5
    endloop
  endfacet
  facet normal -0 0 1
    outer loop
      vertex 52.2746 23.7764 1.5
      vertex 52.8463 22.017 1.5
      vertex 53.7828 24.2146 1.5
    endloop
  endfacet
  facet normal 0 0 1
    outer loop
      vertex 52.2746 23.7764 1.5
      vertex 51.4779 21.5243 1.5
      vertex 52.8463 22.017 1.5
    endloop
  endfacet
  facet normal -0 0 1
    outer loop
      vertex 50.7969 23.2444 1.5
      vertex 51.4779 21.5243 1.5
      vertex 52.2746 23.7764 1.5
    endloop
  endfacet
  facet normal 0 0 1
    outer loop
      vertex 50.7969 23.2444 1.5
      vertex 50.1432 20.9467 1.5
      vertex 51.4779 21.5243 1.5
    endloop
  endfacet
  facet normal -0 0 1
    outer loop
      vertex 49.3555 22.6207 1.5
      vertex 50.1432 20.9467 1.5
      vertex 50.7969 23.2444 1.5
    endloop
  endfacet
  facet normal 0 0 1
    outer loop
      vertex 49.3555 22.6207 1.5
      vertex 48.8474 20.2865 1.5
      vertex 50.1432 20.9467 1.5
    endloop
  endfacet
  facet normal -0 0 1
    outer loop
      vertex 47.9562 21.9077 1.5
      vertex 48.8474 20.2865 1.5
      vertex 49.3555 22.6207 1.5
    endloop
  endfacet
  facet normal 0 0 1
    outer loop
      vertex 47.9562 21.9077 1.5
      vertex 47.5956 19.5462 1.5
      vertex 48.8474 20.2865 1.5
    endloop
  endfacet
  facet normal -0 0 1
    outer loop
      vertex 46.6043 21.1082 1.5
      vertex 47.5956 19.5462 1.5
      vertex 47.9562 21.9077 1.5
    endloop
  endfacet
  facet normal 0 0 1
    outer loop
      vertex 46.6043 21.1082 1.5
      vertex 46.3928 18.7287 1.5
      vertex 47.5956 19.5462 1.5
    endloop
  endfacet
  facet normal -0 0 1
    outer loop
      vertex 45.3054 20.2254 1.5
      vertex 46.3928 18.7287 1.5
      vertex 46.6043 21.1082 1.5
    endloop
  endfacet
  facet normal 0 0 1
    outer loop
      vertex 45.3054 20.2254 1.5
      vertex 45.2436 17.8374 1.5
      vertex 46.3928 18.7287 1.5
    endloop
  endfacet
  facet normal -0 0 1
    outer loop
      vertex 44.0644 19.2628 1.5
      vertex 45.2436 17.8374 1.5
      vertex 45.3054 20.2254 1.5
    endloop
  endfacet
  facet normal 0 0 1
    outer loop
      vertex 45.2436 17.8374 1.5
      vertex 44.0644 19.2628 1.5
      vertex 44.1527 16.8756 1.5
    endloop
  endfacet
  facet normal -0 0 1
    outer loop
      vertex 42.8863 18.2242 1.5
      vertex 44.1527 16.8756 1.5
      vertex 44.0644 19.2628 1.5
    endloop
  endfacet
  facet normal 0 0 1
    outer loop
      vertex 44.1527 16.8756 1.5
      vertex 42.8863 18.2242 1.5
      vertex 43.1244 15.8473 1.5
    endloop
  endfacet
  facet normal -0 0 1
    outer loop
      vertex 41.7758 17.1137 1.5
      vertex 43.1244 15.8473 1.5
      vertex 42.8863 18.2242 1.5
    endloop
  endfacet
  facet normal 0 0 1
    outer loop
      vertex 43.1244 15.8473 1.5
      vertex 41.7758 17.1137 1.5
      vertex 42.1626 14.7564 1.5
    endloop
  endfacet
  facet normal -0 0 1
    outer loop
      vertex 40.7372 15.9356 1.5
      vertex 42.1626 14.7564 1.5
      vertex 41.7758 17.1137 1.5
    endloop
  endfacet
  facet normal 0 0 1
    outer loop
      vertex 42.1626 14.7564 1.5
      vertex 40.7372 15.9356 1.5
      vertex 41.2713 13.6072 1.5
    endloop
  endfacet
  facet normal -0 0 1
    outer loop
      vertex 39.7746 14.6946 1.5
      vertex 41.2713 13.6072 1.5
      vertex 40.7372 15.9356 1.5
    endloop
  endfacet
  facet normal 0 0 1
    outer loop
      vertex 41.2713 13.6072 1.5
      vertex 39.7746 14.6946 1.5
      vertex 40.4538 12.4044 1.5
    endloop
  endfacet
  facet normal -0 0 1
    outer loop
      vertex 38.8918 13.3957 1.5
      vertex 40.4538 12.4044 1.5
      vertex 39.7746 14.6946 1.5
    endloop
  endfacet
  facet normal 0 0 1
    outer loop
      vertex 40.4538 12.4044 1.5
      vertex 38.8918 13.3957 1.5
      vertex 39.7135 11.1526 1.5
    endloop
  endfacet
  facet normal -0 0 1
    outer loop
      vertex 38.0923 12.0438 1.5
      vertex 39.7135 11.1526 1.5
      vertex 38.8918 13.3957 1.5
    endloop
  endfacet
  facet normal 0 0 1
    outer loop
      vertex 39.7135 11.1526 1.5
      vertex 38.0923 12.0438 1.5
      vertex 39.0533 9.85679 1.5
    endloop
  endfacet
  facet normal -0 0 1
    outer loop
      vertex 37.3793 10.6445 1.5
      vertex 39.0533 9.85679 1.5
      vertex 38.0923 12.0438 1.5
    endloop
  endfacet
  facet normal 0 0 1
    outer loop
      vertex 39.0533 9.85679 1.5
      vertex 37.3793 10.6445 1.5
      vertex 38.4757 8.52208 1.5
    endloop
  endfacet
  facet normal -0 0 1
    outer loop
      vertex 36.7556 9.20311 1.5
      vertex 38.4757 8.52208 1.5
      vertex 37.3793 10.6445 1.5
    endloop
  endfacet
  facet normal 0 0 1
    outer loop
      vertex 38.4757 8.52208 1.5
      vertex 36.7556 9.20311 1.5
      vertex 37.983 7.15374 1.5
    endloop
  endfacet
  facet normal -0 0 1
    outer loop
      vertex 36.2236 7.72542 1.5
      vertex 37.983 7.15374 1.5
      vertex 36.7556 9.20311 1.5
    endloop
  endfacet
  facet normal 0 0 1
    outer loop
      vertex 37.983 7.15374 1.5
      vertex 36.2236 7.72542 1.5
      vertex 37.5773 5.75717 1.5
    endloop
  endfacet
  facet normal -0 0 1
    outer loop
      vertex 35.7854 6.21725 1.5
      vertex 37.5773 5.75717 1.5
      vertex 36.2236 7.72542 1.5
    endloop
  endfacet
  facet normal -0 0 1
    outer loop
      vertex 35.4428 4.68453 1.5
      vertex 37.2601 4.33788 1.5
      vertex 35.7854 6.21725 1.5
    endloop
  endfacet
  facet normal 0 0 1
    outer loop
      vertex 37.5773 5.75717 1.5
      vertex 35.7854 6.21725 1.5
      vertex 37.2601 4.33788 1.5
    endloop
  endfacet
  facet normal 0 0 1
    outer loop
      vertex 84.5572 -4.68453 1.5
      vertex 82.74 -4.33788 1.5
      vertex 84.2146 -6.21725 1.5
    endloop
  endfacet
  facet normal -0 0 1
    outer loop
      vertex 82.4227 -5.75717 1.5
      vertex 84.2146 -6.21725 1.5
      vertex 82.74 -4.33788 1.5
    endloop
  endfacet
  facet normal 0 0 1
    outer loop
      vertex 84.2146 -6.21725 1.5
      vertex 82.4227 -5.75717 1.5
      vertex 83.7764 -7.72542 1.5
    endloop
  endfacet
  facet normal -0 0 1
    outer loop
      vertex 82.017 -7.15374 1.5
      vertex 83.7764 -7.72542 1.5
      vertex 82.4227 -5.75717 1.5
    endloop
  endfacet
  facet normal 0 0 1
    outer loop
      vertex 83.7764 -7.72542 1.5
      vertex 82.017 -7.15374 1.5
      vertex 83.2444 -9.20311 1.5
    endloop
  endfacet
  facet normal -0 0 1
    outer loop
      vertex 81.5243 -8.52208 1.5
      vertex 83.2444 -9.20311 1.5
      vertex 82.017 -7.15374 1.5
    endloop
  endfacet
  facet normal 0 0 1
    outer loop
      vertex 83.2444 -9.20311 1.5
      vertex 81.5243 -8.52208 1.5
      vertex 82.6207 -10.6445 1.5
    endloop
  endfacet
  facet normal -0 0 1
    outer loop
      vertex 80.9467 -9.85679 1.5
      vertex 82.6207 -10.6445 1.5
      vertex 81.5243 -8.52208 1.5
    endloop
  endfacet
  facet normal 0 0 1
    outer loop
      vertex 82.6207 -10.6445 1.5
      vertex 80.9467 -9.85679 1.5
      vertex 81.9077 -12.0438 1.5
    endloop
  endfacet
  facet normal -0 0 1
    outer loop
      vertex 80.2865 -11.1526 1.5
      vertex 81.9077 -12.0438 1.5
      vertex 80.9467 -9.85679 1.5
    endloop
  endfacet
  facet normal 0 0 1
    outer loop
      vertex 81.9077 -12.0438 1.5
      vertex 80.2865 -11.1526 1.5
      vertex 81.1082 -13.3957 1.5
    endloop
  endfacet
  facet normal -0 0 1
    outer loop
      vertex 79.5462 -12.4044 1.5
      vertex 81.1082 -13.3957 1.5
      vertex 80.2865 -11.1526 1.5
    endloop
  endfacet
  facet normal 0 0 1
    outer loop
      vertex 81.1082 -13.3957 1.5
      vertex 79.5462 -12.4044 1.5
      vertex 80.2254 -14.6946 1.5
    endloop
  endfacet
  facet normal -0 0 1
    outer loop
      vertex 78.7287 -13.6072 1.5
      vertex 80.2254 -14.6946 1.5
      vertex 79.5462 -12.4044 1.5
    endloop
  endfacet
  facet normal 0 0 1
    outer loop
      vertex 80.2254 -14.6946 1.5
      vertex 78.7287 -13.6072 1.5
      vertex 79.2628 -15.9356 1.5
    endloop
  endfacet
  facet normal -0 0 1
    outer loop
      vertex 77.8374 -14.7564 1.5
      vertex 79.2628 -15.9356 1.5
      vertex 78.7287 -13.6072 1.5
    endloop
  endfacet
  facet normal 0 0 1
    outer loop
      vertex 79.2628 -15.9356 1.5
      vertex 77.8374 -14.7564 1.5
      vertex 78.2242 -17.1137 1.5
    endloop
  endfacet
  facet normal -0 0 1
    outer loop
      vertex 76.8756 -15.8473 1.5
      vertex 78.2242 -17.1137 1.5
      vertex 77.8374 -14.7564 1.5
    endloop
  endfacet
  facet normal 0 0 1
    outer loop
      vertex 78.2242 -17.1137 1.5
      vertex 76.8756 -15.8473 1.5
      vertex 77.1137 -18.2242 1.5
    endloop
  endfacet
  facet normal -0 0 1
    outer loop
      vertex 75.8473 -16.8756 1.5
      vertex 77.1137 -18.2242 1.5
      vertex 76.8756 -15.8473 1.5
    endloop
  endfacet
  facet normal 0 0 1
    outer loop
      vertex 77.1137 -18.2242 1.5
      vertex 75.8473 -16.8756 1.5
      vertex 75.9356 -19.2628 1.5
    endloop
  endfacet
  facet normal -0 0 1
    outer loop
      vertex 74.7564 -17.8374 1.5
      vertex 75.9356 -19.2628 1.5
      vertex 75.8473 -16.8756 1.5
    endloop
  endfacet
  facet normal 0 0 1
    outer loop
      vertex 74.7564 -17.8374 1.5
      vertex 74.6946 -20.2254 1.5
      vertex 75.9356 -19.2628 1.5
    endloop
  endfacet
  facet normal -0 0 1
    outer loop
      vertex 73.6072 -18.7287 1.5
      vertex 74.6946 -20.2254 1.5
      vertex 74.7564 -17.8374 1.5
    endloop
  endfacet
  facet normal 0 0 1
    outer loop
      vertex 73.6072 -18.7287 1.5
      vertex 73.3957 -21.1082 1.5
      vertex 74.6946 -20.2254 1.5
    endloop
  endfacet
  facet normal -0 0 1
    outer loop
      vertex 72.4044 -19.5462 1.5
      vertex 73.3957 -21.1082 1.5
      vertex 73.6072 -18.7287 1.5
    endloop
  endfacet
  facet normal 0 0 1
    outer loop
      vertex 72.4044 -19.5462 1.5
      vertex 72.0438 -21.9077 1.5
      vertex 73.3957 -21.1082 1.5
    endloop
  endfacet
  facet normal -0 0 1
    outer loop
      vertex 71.1526 -20.2865 1.5
      vertex 72.0438 -21.9077 1.5
      vertex 72.4044 -19.5462 1.5
    endloop
  endfacet
  facet normal 0 0 1
    outer loop
      vertex 71.1526 -20.2865 1.5
      vertex 70.6445 -22.6207 1.5
      vertex 72.0438 -21.9077 1.5
    endloop
  endfacet
  facet normal -0 0 1
    outer loop
      vertex 69.8568 -20.9467 1.5
      vertex 70.6445 -22.6207 1.5
      vertex 71.1526 -20.2865 1.5
    endloop
  endfacet
  facet normal 0 0 1
    outer loop
      vertex 69.8568 -20.9467 1.5
      vertex 69.2031 -23.2444 1.5
      vertex 70.6445 -22.6207 1.5
    endloop
  endfacet
  facet normal -0 0 1
    outer loop
      vertex 68.5221 -21.5243 1.5
      vertex 69.2031 -23.2444 1.5
      vertex 69.8568 -20.9467 1.5
    endloop
  endfacet
  facet normal 0 0 1
    outer loop
      vertex 68.5221 -21.5243 1.5
      vertex 67.7254 -23.7764 1.5
      vertex 69.2031 -23.2444 1.5
    endloop
  endfacet
  facet normal -0 0 1
    outer loop
      vertex 67.1537 -22.017 1.5
      vertex 67.7254 -23.7764 1.5
      vertex 68.5221 -21.5243 1.5
    endloop
  endfacet
  facet normal 0 0 1
    outer loop
      vertex 67.1537 -22.017 1.5
      vertex 66.2172 -24.2146 1.5
      vertex 67.7254 -23.7764 1.5
    endloop
  endfacet
  facet normal -0 0 1
    outer loop
      vertex 65.7572 -22.4227 1.5
      vertex 66.2172 -24.2146 1.5
      vertex 67.1537 -22.017 1.5
    endloop
  endfacet
  facet normal 0 0 1
    outer loop
      vertex 65.7572 -22.4227 1.5
      vertex 64.6845 -24.5572 1.5
      vertex 66.2172 -24.2146 1.5
    endloop
  endfacet
  facet normal -0 0 1
    outer loop
      vertex 64.3379 -22.7399 1.5
      vertex 64.6845 -24.5572 1.5
      vertex 65.7572 -22.4227 1.5
    endloop
  endfacet
  facet normal 0 0 1
    outer loop
      vertex 64.3379 -22.7399 1.5
      vertex 63.1333 -24.8029 1.5
      vertex 64.6845 -24.5572 1.5
    endloop
  endfacet
  facet normal -0 0 1
    outer loop
      vertex 62.9015 -22.9675 1.5
      vertex 63.1333 -24.8029 1.5
      vertex 64.3379 -22.7399 1.5
    endloop
  endfacet
  facet normal 0 0 1
    outer loop
      vertex 62.9015 -22.9675 1.5
      vertex 61.5698 -24.9507 1.5
      vertex 63.1333 -24.8029 1.5
    endloop
  endfacet
  facet normal -0 0 1
    outer loop
      vertex 61.4536 -23.1043 1.5
      vertex 61.5698 -24.9507 1.5
      vertex 62.9015 -22.9675 1.5
    endloop
  endfacet
  facet normal -0 0 1
    outer loop
      vertex 60 -23.15 1.5
      vertex 61.5698 -24.9507 1.5
      vertex 61.4536 -23.1043 1.5
    endloop
  endfacet
  facet normal 0 0 1
    outer loop
      vertex 60 -23.15 1.5
      vertex 60 -25 1.5
      vertex 61.5698 -24.9507 1.5
    endloop
  endfacet
  facet normal 0 0 1
    outer loop
      vertex 58.5464 -23.1043 1.5
      vertex 60 -25 1.5
      vertex 60 -23.15 1.5
    endloop
  endfacet
  facet normal 0 0 1
    outer loop
      vertex 58.5464 -23.1043 1.5
      vertex 58.4302 -24.9507 1.5
      vertex 60 -25 1.5
    endloop
  endfacet
  facet normal 0 0 1
    outer loop
      vertex 57.0985 -22.9675 1.5
      vertex 58.4302 -24.9507 1.5
      vertex 58.5464 -23.1043 1.5
    endloop
  endfacet
  facet normal 0 0 1
    outer loop
      vertex 57.0985 -22.9675 1.5
      vertex 56.8667 -24.8029 1.5
      vertex 58.4302 -24.9507 1.5
    endloop
  endfacet
  facet normal 0 0 1
    outer loop
      vertex 55.6621 -22.7399 1.5
      vertex 56.8667 -24.8029 1.5
      vertex 57.0985 -22.9675 1.5
    endloop
  endfacet
  facet normal 0 0 1
    outer loop
      vertex 55.6621 -22.7399 1.5
      vertex 55.3155 -24.5572 1.5
      vertex 56.8667 -24.8029 1.5
    endloop
  endfacet
  facet normal 0 0 1
    outer loop
      vertex 54.2428 -22.4227 1.5
      vertex 55.3155 -24.5572 1.5
      vertex 55.6621 -22.7399 1.5
    endloop
  endfacet
  facet normal 0 0 1
    outer loop
      vertex 54.2428 -22.4227 1.5
      vertex 53.7828 -24.2146 1.5
      vertex 55.3155 -24.5572 1.5
    endloop
  endfacet
  facet normal 0 0 1
    outer loop
      vertex 52.8463 -22.017 1.5
      vertex 53.7828 -24.2146 1.5
      vertex 54.2428 -22.4227 1.5
    endloop
  endfacet
  facet normal 0 0 1
    outer loop
      vertex 52.8463 -22.017 1.5
      vertex 52.2746 -23.7764 1.5
      vertex 53.7828 -24.2146 1.5
    endloop
  endfacet
  facet normal 0 0 1
    outer loop
      vertex 51.4779 -21.5243 1.5
      vertex 52.2746 -23.7764 1.5
      vertex 52.8463 -22.017 1.5
    endloop
  endfacet
  facet normal 0 0 1
    outer loop
      vertex 51.4779 -21.5243 1.5
      vertex 50.7969 -23.2444 1.5
      vertex 52.2746 -23.7764 1.5
    endloop
  endfacet
  facet normal 0 0 1
    outer loop
      vertex 50.1432 -20.9467 1.5
      vertex 50.7969 -23.2444 1.5
      vertex 51.4779 -21.5243 1.5
    endloop
  endfacet
  facet normal 0 0 1
    outer loop
      vertex 50.1432 -20.9467 1.5
      vertex 49.3555 -22.6207 1.5
      vertex 50.7969 -23.2444 1.5
    endloop
  endfacet
  facet normal 0 0 1
    outer loop
      vertex 48.8474 -20.2865 1.5
      vertex 49.3555 -22.6207 1.5
      vertex 50.1432 -20.9467 1.5
    endloop
  endfacet
  facet normal 0 0 1
    outer loop
      vertex 48.8474 -20.2865 1.5
      vertex 47.9562 -21.9077 1.5
      vertex 49.3555 -22.6207 1.5
    endloop
  endfacet
  facet normal 0 0 1
    outer loop
      vertex 47.5956 -19.5462 1.5
      vertex 47.9562 -21.9077 1.5
      vertex 48.8474 -20.2865 1.5
    endloop
  endfacet
  facet normal 0 0 1
    outer loop
      vertex 47.5956 -19.5462 1.5
      vertex 46.6043 -21.1082 1.5
      vertex 47.9562 -21.9077 1.5
    endloop
  endfacet
  facet normal 0 0 1
    outer loop
      vertex 46.3928 -18.7287 1.5
      vertex 46.6043 -21.1082 1.5
      vertex 47.5956 -19.5462 1.5
    endloop
  endfacet
  facet normal 0 0 1
    outer loop
      vertex 46.3928 -18.7287 1.5
      vertex 45.3054 -20.2254 1.5
      vertex 46.6043 -21.1082 1.5
    endloop
  endfacet
  facet normal 0 0 1
    outer loop
      vertex 45.2436 -17.8374 1.5
      vertex 45.3054 -20.2254 1.5
      vertex 46.3928 -18.7287 1.5
    endloop
  endfacet
  facet normal 0 0 1
    outer loop
      vertex 44.0644 -19.2628 1.5
      vertex 45.2436 -17.8374 1.5
      vertex 44.1527 -16.8756 1.5
    endloop
  endfacet
  facet normal 0 0 1
    outer loop
      vertex 45.2436 -17.8374 1.5
      vertex 44.0644 -19.2628 1.5
      vertex 45.3054 -20.2254 1.5
    endloop
  endfacet
  facet normal 0 0 1
    outer loop
      vertex 42.8863 -18.2242 1.5
      vertex 44.1527 -16.8756 1.5
      vertex 43.1244 -15.8473 1.5
    endloop
  endfacet
  facet normal 0 0 1
    outer loop
      vertex 44.1527 -16.8756 1.5
      vertex 42.8863 -18.2242 1.5
      vertex 44.0644 -19.2628 1.5
    endloop
  endfacet
  facet normal 0 0 1
    outer loop
      vertex 41.7758 -17.1137 1.5
      vertex 43.1244 -15.8473 1.5
      vertex 42.1626 -14.7564 1.5
    endloop
  endfacet
  facet normal 0 0 1
    outer loop
      vertex 43.1244 -15.8473 1.5
      vertex 41.7758 -17.1137 1.5
      vertex 42.8863 -18.2242 1.5
    endloop
  endfacet
  facet normal 0 0 1
    outer loop
      vertex 40.7372 -15.9356 1.5
      vertex 42.1626 -14.7564 1.5
      vertex 41.2713 -13.6072 1.5
    endloop
  endfacet
  facet normal 0 0 1
    outer loop
      vertex 42.1626 -14.7564 1.5
      vertex 40.7372 -15.9356 1.5
      vertex 41.7758 -17.1137 1.5
    endloop
  endfacet
  facet normal 0 0 1
    outer loop
      vertex 39.7746 -14.6946 1.5
      vertex 41.2713 -13.6072 1.5
      vertex 40.4538 -12.4044 1.5
    endloop
  endfacet
  facet normal 0 0 1
    outer loop
      vertex 41.2713 -13.6072 1.5
      vertex 39.7746 -14.6946 1.5
      vertex 40.7372 -15.9356 1.5
    endloop
  endfacet
  facet normal 0 0 1
    outer loop
      vertex 38.8918 -13.3957 1.5
      vertex 40.4538 -12.4044 1.5
      vertex 39.7135 -11.1526 1.5
    endloop
  endfacet
  facet normal 0 0 1
    outer loop
      vertex 38.0923 -12.0438 1.5
      vertex 39.7135 -11.1526 1.5
      vertex 39.0533 -9.85679 1.5
    endloop
  endfacet
  facet normal 0 0 1
    outer loop
      vertex 40.4538 -12.4044 1.5
      vertex 38.8918 -13.3957 1.5
      vertex 39.7746 -14.6946 1.5
    endloop
  endfacet
  facet normal 0 0 1
    outer loop
      vertex 37.3793 -10.6445 1.5
      vertex 39.0533 -9.85679 1.5
      vertex 38.4757 -8.52208 1.5
    endloop
  endfacet
  facet normal 0 0 1
    outer loop
      vertex 39.7135 -11.1526 1.5
      vertex 38.0923 -12.0438 1.5
      vertex 38.8918 -13.3957 1.5
    endloop
  endfacet
  facet normal 0 0 1
    outer loop
      vertex 36.7556 -9.20311 1.5
      vertex 38.4757 -8.52208 1.5
      vertex 37.983 -7.15374 1.5
    endloop
  endfacet
  facet normal 0 0 1
    outer loop
      vertex 36.2236 -7.72542 1.5
      vertex 37.983 -7.15374 1.5
      vertex 37.5773 -5.75717 1.5
    endloop
  endfacet
  facet normal 0 0 1
    outer loop
      vertex 39.0533 -9.85679 1.5
      vertex 37.3793 -10.6445 1.5
      vertex 38.0923 -12.0438 1.5
    endloop
  endfacet
  facet normal 0 0 1
    outer loop
      vertex 35.7854 -6.21725 1.5
      vertex 37.5773 -5.75717 1.5
      vertex 37.2601 -4.33788 1.5
    endloop
  endfacet
  facet normal 0 0 1
    outer loop
      vertex 35.4428 -4.68453 1.5
      vertex 37.2601 -4.33788 1.5
      vertex 37.0325 -2.90146 1.5
    endloop
  endfacet
  facet normal 0 0 1
    outer loop
      vertex 35.1971 -3.13333 1.5
      vertex 37.0325 -2.90146 1.5
      vertex 36.8957 -1.4536 1.5
    endloop
  endfacet
  facet normal 0 0 1
    outer loop
      vertex 38.4757 -8.52208 1.5
      vertex 36.7556 -9.20311 1.5
      vertex 37.3793 -10.6445 1.5
    endloop
  endfacet
  facet normal 0 0 1
    outer loop
      vertex 35.0493 -1.56976 1.5
      vertex 36.8957 -1.4536 1.5
      vertex 36.85 0 1.5
    endloop
  endfacet
  facet normal 0 0 1
    outer loop
      vertex 37.2601 4.33788 1.5
      vertex 35.4428 4.68453 1.5
      vertex 37.0325 2.90146 1.5
    endloop
  endfacet
  facet normal -0 0 1
    outer loop
      vertex 35.1971 3.13333 1.5
      vertex 37.0325 2.90146 1.5
      vertex 35.4428 4.68453 1.5
    endloop
  endfacet
  facet normal 0 0 1
    outer loop
      vertex 37.983 -7.15374 1.5
      vertex 36.2236 -7.72542 1.5
      vertex 36.7556 -9.20311 1.5
    endloop
  endfacet
  facet normal 0 0 1
    outer loop
      vertex 37.0325 2.90146 1.5
      vertex 35.1971 3.13333 1.5
      vertex 36.8957 1.4536 1.5
    endloop
  endfacet
  facet normal 0 0 1
    outer loop
      vertex 37.5773 -5.75717 1.5
      vertex 35.7854 -6.21725 1.5
      vertex 36.2236 -7.72542 1.5
    endloop
  endfacet
  facet normal -0 0 1
    outer loop
      vertex 35.0493 1.56976 1.5
      vertex 36.8957 1.4536 1.5
      vertex 35.1971 3.13333 1.5
    endloop
  endfacet
  facet normal 0 0 1
    outer loop
      vertex 37.2601 -4.33788 1.5
      vertex 35.4428 -4.68453 1.5
      vertex 35.7854 -6.21725 1.5
    endloop
  endfacet
  facet normal 0 0 1
    outer loop
      vertex 36.8957 1.4536 1.5
      vertex 35.0493 1.56976 1.5
      vertex 36.85 0 1.5
    endloop
  endfacet
  facet normal 0 0 1
    outer loop
      vertex 37.0325 -2.90146 1.5
      vertex 35.1971 -3.13333 1.5
      vertex 35.4428 -4.68453 1.5
    endloop
  endfacet
  facet normal 0 0 1
    outer loop
      vertex 35 0 1.5
      vertex 36.85 0 1.5
      vertex 35.0493 1.56976 1.5
    endloop
  endfacet
  facet normal 0 0 1
    outer loop
      vertex 36.8957 -1.4536 1.5
      vertex 35.0493 -1.56976 1.5
      vertex 35.1971 -3.13333 1.5
    endloop
  endfacet
  facet normal 0 0 1
    outer loop
      vertex 36.85 0 1.5
      vertex 35 0 1.5
      vertex 35.0493 -1.56976 1.5
    endloop
  endfacet
  facet normal 0 0 1
    outer loop
      vertex 81.3079 1.34058 1.5
      vertex 81.3079 -1.34058 1.5
      vertex 81.35 0 1.5
    endloop
  endfacet
  facet normal 0 0 1
    outer loop
      vertex 81.1816 2.67586 1.5
      vertex 81.3079 -1.34058 1.5
      vertex 81.3079 1.34058 1.5
    endloop
  endfacet
  facet normal 0 0 1
    outer loop
      vertex 81.1816 2.67586 1.5
      vertex 81.1816 -2.67586 1.5
      vertex 81.3079 -1.34058 1.5
    endloop
  endfacet
  facet normal 0 0 1
    outer loop
      vertex 80.9718 4.00059 1.5
      vertex 81.1816 -2.67586 1.5
      vertex 81.1816 2.67586 1.5
    endloop
  endfacet
  facet normal 0 0 1
    outer loop
      vertex 80.9718 4.00059 1.5
      vertex 80.9718 -4.00059 1.5
      vertex 81.1816 -2.67586 1.5
    endloop
  endfacet
  facet normal 0 0 1
    outer loop
      vertex 80.6793 5.30953 1.5
      vertex 80.9718 -4.00059 1.5
      vertex 80.9718 4.00059 1.5
    endloop
  endfacet
  facet normal 0 0 1
    outer loop
      vertex 80.6793 5.30953 1.5
      vertex 80.6793 -5.30953 1.5
      vertex 80.9718 -4.00059 1.5
    endloop
  endfacet
  facet normal 0 0 1
    outer loop
      vertex 80.3051 6.59751 1.5
      vertex 80.6793 -5.30953 1.5
      vertex 80.6793 5.30953 1.5
    endloop
  endfacet
  facet normal 0 0 1
    outer loop
      vertex 80.3051 6.59751 1.5
      vertex 80.3051 -6.59751 1.5
      vertex 80.6793 -5.30953 1.5
    endloop
  endfacet
  facet normal 0 0 1
    outer loop
      vertex 79.8507 7.85946 1.5
      vertex 80.3051 -6.59751 1.5
      vertex 80.3051 6.59751 1.5
    endloop
  endfacet
  facet normal 0 0 1
    outer loop
      vertex 79.8507 7.85946 1.5
      vertex 79.8507 -7.85946 1.5
      vertex 80.3051 -6.59751 1.5
    endloop
  endfacet
  facet normal 0 0 1
    outer loop
      vertex 79.3181 9.09039 1.5
      vertex 79.8507 -7.85946 1.5
      vertex 79.8507 7.85946 1.5
    endloop
  endfacet
  facet normal 0 0 1
    outer loop
      vertex 79.3181 9.09039 1.5
      vertex 79.3181 -9.09039 1.5
      vertex 79.8507 -7.85946 1.5
    endloop
  endfacet
  facet normal 0 0 1
    outer loop
      vertex 78.7091 10.2854 1.5
      vertex 79.3181 -9.09039 1.5
      vertex 79.3181 9.09039 1.5
    endloop
  endfacet
  facet normal 0 0 1
    outer loop
      vertex 78.7091 10.2854 1.5
      vertex 78.7091 -10.2854 1.5
      vertex 79.3181 -9.09039 1.5
    endloop
  endfacet
  facet normal 0 0 1
    outer loop
      vertex 78.0264 11.4399 1.5
      vertex 78.7091 -10.2854 1.5
      vertex 78.7091 10.2854 1.5
    endloop
  endfacet
  facet normal 0 0 1
    outer loop
      vertex 78.0264 11.4399 1.5
      vertex 78.0264 -11.4399 1.5
      vertex 78.7091 -10.2854 1.5
    endloop
  endfacet
  facet normal 0 0 1
    outer loop
      vertex 77.2725 12.5492 1.5
      vertex 78.0264 -11.4399 1.5
      vertex 78.0264 11.4399 1.5
    endloop
  endfacet
  facet normal 0 0 1
    outer loop
      vertex 77.2725 12.5492 1.5
      vertex 77.2725 -12.5492 1.5
      vertex 78.0264 -11.4399 1.5
    endloop
  endfacet
  facet normal 0 0 1
    outer loop
      vertex 76.4505 13.609 1.5
      vertex 77.2725 -12.5492 1.5
      vertex 77.2725 12.5492 1.5
    endloop
  endfacet
  facet normal 0 0 1
    outer loop
      vertex 76.4505 13.609 1.5
      vertex 76.4505 -13.609 1.5
      vertex 77.2725 -12.5492 1.5
    endloop
  endfacet
  facet normal 0 0 1
    outer loop
      vertex 75.5635 14.6151 1.5
      vertex 76.4505 -13.609 1.5
      vertex 76.4505 13.609 1.5
    endloop
  endfacet
  facet normal 0 0 1
    outer loop
      vertex 75.5635 14.6151 1.5
      vertex 75.5635 -14.6151 1.5
      vertex 76.4505 -13.609 1.5
    endloop
  endfacet
  facet normal 0 0 1
    outer loop
      vertex 74.6151 15.5635 1.5
      vertex 75.5635 -14.6151 1.5
      vertex 75.5635 14.6151 1.5
    endloop
  endfacet
  facet normal 0 0 1
    outer loop
      vertex 74.6151 15.5635 1.5
      vertex 74.6151 -15.5635 1.5
      vertex 75.5635 -14.6151 1.5
    endloop
  endfacet
  facet normal 0 0 1
    outer loop
      vertex 73.609 16.4505 1.5
      vertex 74.6151 -15.5635 1.5
      vertex 74.6151 15.5635 1.5
    endloop
  endfacet
  facet normal 0 0 1
    outer loop
      vertex 73.609 16.4505 1.5
      vertex 73.609 -16.4505 1.5
      vertex 74.6151 -15.5635 1.5
    endloop
  endfacet
  facet normal 0 0 1
    outer loop
      vertex 72.5492 17.2725 1.5
      vertex 73.609 -16.4505 1.5
      vertex 73.609 16.4505 1.5
    endloop
  endfacet
  facet normal 0 0 1
    outer loop
      vertex 72.5492 17.2725 1.5
      vertex 72.5492 -17.2725 1.5
      vertex 73.609 -16.4505 1.5
    endloop
  endfacet
  facet normal 0 0 1
    outer loop
      vertex 71.4399 18.0264 1.5
      vertex 72.5492 -17.2725 1.5
      vertex 72.5492 17.2725 1.5
    endloop
  endfacet
  facet normal 0 0 1
    outer loop
      vertex 71.4399 18.0264 1.5
      vertex 71.4399 -18.0264 1.5
      vertex 72.5492 -17.2725 1.5
    endloop
  endfacet
  facet normal 0 0 1
    outer loop
      vertex 70.2854 18.7091 1.5
      vertex 71.4399 -18.0264 1.5
      vertex 71.4399 18.0264 1.5
    endloop
  endfacet
  facet normal 0 0 1
    outer loop
      vertex 70.2854 18.7091 1.5
      vertex 70.2854 -18.7091 1.5
      vertex 71.4399 -18.0264 1.5
    endloop
  endfacet
  facet normal 0 0 1
    outer loop
      vertex 69.0904 19.3181 1.5
      vertex 70.2854 -18.7091 1.5
      vertex 70.2854 18.7091 1.5
    endloop
  endfacet
  facet normal 0 0 1
    outer loop
      vertex 69.0904 19.3181 1.5
      vertex 69.0904 -19.3181 1.5
      vertex 70.2854 -18.7091 1.5
    endloop
  endfacet
  facet normal 0 0 1
    outer loop
      vertex 67.8595 19.8507 1.5
      vertex 69.0904 -19.3181 1.5
      vertex 69.0904 19.3181 1.5
    endloop
  endfacet
  facet normal 0 0 1
    outer loop
      vertex 67.8595 19.8507 1.5
      vertex 67.8595 -19.8507 1.5
      vertex 69.0904 -19.3181 1.5
    endloop
  endfacet
  facet normal 0 0 1
    outer loop
      vertex 66.5975 20.3051 1.5
      vertex 67.8595 -19.8507 1.5
      vertex 67.8595 19.8507 1.5
    endloop
  endfacet
  facet normal 0 0 1
    outer loop
      vertex 66.5975 20.3051 1.5
      vertex 66.5975 -20.3051 1.5
      vertex 67.8595 -19.8507 1.5
    endloop
  endfacet
  facet normal 0 0 1
    outer loop
      vertex 65.3095 20.6792 1.5
      vertex 66.5975 -20.3051 1.5
      vertex 66.5975 20.3051 1.5
    endloop
  endfacet
  facet normal 0 0 1
    outer loop
      vertex 65.3095 20.6792 1.5
      vertex 65.3095 -20.6792 1.5
      vertex 66.5975 -20.3051 1.5
    endloop
  endfacet
  facet normal 0 0 1
    outer loop
      vertex 64.0006 20.9718 1.5
      vertex 65.3095 -20.6792 1.5
      vertex 65.3095 20.6792 1.5
    endloop
  endfacet
  facet normal 0 0 1
    outer loop
      vertex 64.0006 20.9718 1.5
      vertex 64.0006 -20.9718 1.5
      vertex 65.3095 -20.6792 1.5
    endloop
  endfacet
  facet normal 0 0 1
    outer loop
      vertex 62.6759 21.1816 1.5
      vertex 64.0006 -20.9718 1.5
      vertex 64.0006 20.9718 1.5
    endloop
  endfacet
  facet normal 0 0 1
    outer loop
      vertex 62.6759 21.1816 1.5
      vertex 62.6759 -21.1816 1.5
      vertex 64.0006 -20.9718 1.5
    endloop
  endfacet
  facet normal 0 0 1
    outer loop
      vertex 61.3406 21.3079 1.5
      vertex 62.6759 -21.1816 1.5
      vertex 62.6759 21.1816 1.5
    endloop
  endfacet
  facet normal 0 0 1
    outer loop
      vertex 61.3406 21.3079 1.5
      vertex 61.3406 -21.3079 1.5
      vertex 62.6759 -21.1816 1.5
    endloop
  endfacet
  facet normal 0 0 1
    outer loop
      vertex 60 21.35 1.5
      vertex 61.3406 -21.3079 1.5
      vertex 61.3406 21.3079 1.5
    endloop
  endfacet
  facet normal 0 0 1
    outer loop
      vertex 60 21.35 1.5
      vertex 60 -21.35 1.5
      vertex 61.3406 -21.3079 1.5
    endloop
  endfacet
  facet normal -0 0 1
    outer loop
      vertex 58.6594 21.3079 1.5
      vertex 60 -21.35 1.5
      vertex 60 21.35 1.5
    endloop
  endfacet
  facet normal 0 0 1
    outer loop
      vertex 58.6594 21.3079 1.5
      vertex 58.6594 -21.3079 1.5
      vertex 60 -21.35 1.5
    endloop
  endfacet
  facet normal -0 0 1
    outer loop
      vertex 57.3241 21.1816 1.5
      vertex 58.6594 -21.3079 1.5
      vertex 58.6594 21.3079 1.5
    endloop
  endfacet
  facet normal 0 0 1
    outer loop
      vertex 57.3241 21.1816 1.5
      vertex 57.3241 -21.1816 1.5
      vertex 58.6594 -21.3079 1.5
    endloop
  endfacet
  facet normal -0 0 1
    outer loop
      vertex 55.9994 20.9718 1.5
      vertex 57.3241 -21.1816 1.5
      vertex 57.3241 21.1816 1.5
    endloop
  endfacet
  facet normal 0 0 1
    outer loop
      vertex 55.9994 20.9718 1.5
      vertex 55.9994 -20.9718 1.5
      vertex 57.3241 -21.1816 1.5
    endloop
  endfacet
  facet normal -0 0 1
    outer loop
      vertex 54.6905 20.6792 1.5
      vertex 55.9994 -20.9718 1.5
      vertex 55.9994 20.9718 1.5
    endloop
  endfacet
  facet normal 0 0 1
    outer loop
      vertex 54.6905 20.6792 1.5
      vertex 54.6905 -20.6792 1.5
      vertex 55.9994 -20.9718 1.5
    endloop
  endfacet
  facet normal -0 0 1
    outer loop
      vertex 53.4025 20.3051 1.5
      vertex 54.6905 -20.6792 1.5
      vertex 54.6905 20.6792 1.5
    endloop
  endfacet
  facet normal 0 0 1
    outer loop
      vertex 53.4025 20.3051 1.5
      vertex 53.4025 -20.3051 1.5
      vertex 54.6905 -20.6792 1.5
    endloop
  endfacet
  facet normal -0 0 1
    outer loop
      vertex 52.1405 19.8507 1.5
      vertex 53.4025 -20.3051 1.5
      vertex 53.4025 20.3051 1.5
    endloop
  endfacet
  facet normal 0 0 1
    outer loop
      vertex 52.1405 19.8507 1.5
      vertex 52.1405 -19.8507 1.5
      vertex 53.4025 -20.3051 1.5
    endloop
  endfacet
  facet normal -0 0 1
    outer loop
      vertex 50.9096 19.3181 1.5
      vertex 52.1405 -19.8507 1.5
      vertex 52.1405 19.8507 1.5
    endloop
  endfacet
  facet normal 0 0 1
    outer loop
      vertex 50.9096 19.3181 1.5
      vertex 50.9096 -19.3181 1.5
      vertex 52.1405 -19.8507 1.5
    endloop
  endfacet
  facet normal -0 0 1
    outer loop
      vertex 49.7146 18.7091 1.5
      vertex 50.9096 -19.3181 1.5
      vertex 50.9096 19.3181 1.5
    endloop
  endfacet
  facet normal 0 0 1
    outer loop
      vertex 49.7146 18.7091 1.5
      vertex 49.7146 -18.7091 1.5
      vertex 50.9096 -19.3181 1.5
    endloop
  endfacet
  facet normal -0 0 1
    outer loop
      vertex 48.5601 18.0264 1.5
      vertex 49.7146 -18.7091 1.5
      vertex 49.7146 18.7091 1.5
    endloop
  endfacet
  facet normal 0 0 1
    outer loop
      vertex 48.5601 18.0264 1.5
      vertex 48.5601 -18.0264 1.5
      vertex 49.7146 -18.7091 1.5
    endloop
  endfacet
  facet normal -0 0 1
    outer loop
      vertex 47.4508 17.2725 1.5
      vertex 48.5601 -18.0264 1.5
      vertex 48.5601 18.0264 1.5
    endloop
  endfacet
  facet normal 0 0 1
    outer loop
      vertex 47.4508 17.2725 1.5
      vertex 47.4508 -17.2725 1.5
      vertex 48.5601 -18.0264 1.5
    endloop
  endfacet
  facet normal -0 0 1
    outer loop
      vertex 46.391 16.4505 1.5
      vertex 47.4508 -17.2725 1.5
      vertex 47.4508 17.2725 1.5
    endloop
  endfacet
  facet normal 0 0 1
    outer loop
      vertex 46.391 16.4505 1.5
      vertex 46.391 -16.4505 1.5
      vertex 47.4508 -17.2725 1.5
    endloop
  endfacet
  facet normal -0 0 1
    outer loop
      vertex 45.3849 15.5635 1.5
      vertex 46.391 -16.4505 1.5
      vertex 46.391 16.4505 1.5
    endloop
  endfacet
  facet normal 0 0 1
    outer loop
      vertex 45.3849 15.5635 1.5
      vertex 45.3849 -15.5635 1.5
      vertex 46.391 -16.4505 1.5
    endloop
  endfacet
  facet normal -0 0 1
    outer loop
      vertex 44.4365 14.6151 1.5
      vertex 45.3849 -15.5635 1.5
      vertex 45.3849 15.5635 1.5
    endloop
  endfacet
  facet normal 0 0 1
    outer loop
      vertex 44.4365 14.6151 1.5
      vertex 44.4365 -14.6151 1.5
      vertex 45.3849 -15.5635 1.5
    endloop
  endfacet
  facet normal -0 0 1
    outer loop
      vertex 43.5495 13.609 1.5
      vertex 44.4365 -14.6151 1.5
      vertex 44.4365 14.6151 1.5
    endloop
  endfacet
  facet normal 0 0 1
    outer loop
      vertex 43.5495 13.609 1.5
      vertex 43.5495 -13.609 1.5
      vertex 44.4365 -14.6151 1.5
    endloop
  endfacet
  facet normal -0 0 1
    outer loop
      vertex 42.7275 12.5492 1.5
      vertex 43.5495 -13.609 1.5
      vertex 43.5495 13.609 1.5
    endloop
  endfacet
  facet normal 0 0 1
    outer loop
      vertex 42.7275 12.5492 1.5
      vertex 42.7275 -12.5492 1.5
      vertex 43.5495 -13.609 1.5
    endloop
  endfacet
  facet normal -0 0 1
    outer loop
      vertex 41.9736 11.4399 1.5
      vertex 42.7275 -12.5492 1.5
      vertex 42.7275 12.5492 1.5
    endloop
  endfacet
  facet normal 0 0 1
    outer loop
      vertex 41.9736 11.4399 1.5
      vertex 41.9736 -11.4399 1.5
      vertex 42.7275 -12.5492 1.5
    endloop
  endfacet
  facet normal -0 0 1
    outer loop
      vertex 41.2909 10.2854 1.5
      vertex 41.9736 -11.4399 1.5
      vertex 41.9736 11.4399 1.5
    endloop
  endfacet
  facet normal 0 0 1
    outer loop
      vertex 41.2909 10.2854 1.5
      vertex 41.2909 -10.2854 1.5
      vertex 41.9736 -11.4399 1.5
    endloop
  endfacet
  facet normal -0 0 1
    outer loop
      vertex 40.6819 9.09039 1.5
      vertex 41.2909 -10.2854 1.5
      vertex 41.2909 10.2854 1.5
    endloop
  endfacet
  facet normal 0 0 1
    outer loop
      vertex 40.6819 9.09039 1.5
      vertex 40.6819 -9.09039 1.5
      vertex 41.2909 -10.2854 1.5
    endloop
  endfacet
  facet normal -0 0 1
    outer loop
      vertex 40.1493 7.85946 1.5
      vertex 40.6819 -9.09039 1.5
      vertex 40.6819 9.09039 1.5
    endloop
  endfacet
  facet normal 0 0 1
    outer loop
      vertex 40.1493 7.85946 1.5
      vertex 40.1493 -7.85946 1.5
      vertex 40.6819 -9.09039 1.5
    endloop
  endfacet
  facet normal -0 0 1
    outer loop
      vertex 39.6949 6.59751 1.5
      vertex 40.1493 -7.85946 1.5
      vertex 40.1493 7.85946 1.5
    endloop
  endfacet
  facet normal 0 0 1
    outer loop
      vertex 39.6949 6.59751 1.5
      vertex 39.6949 -6.59751 1.5
      vertex 40.1493 -7.85946 1.5
    endloop
  endfacet
  facet normal -0 0 1
    outer loop
      vertex 39.3208 5.30953 1.5
      vertex 39.6949 -6.59751 1.5
      vertex 39.6949 6.59751 1.5
    endloop
  endfacet
  facet normal 0 0 1
    outer loop
      vertex 39.3208 5.30953 1.5
      vertex 39.3208 -5.30953 1.5
      vertex 39.6949 -6.59751 1.5
    endloop
  endfacet
  facet normal -0 0 1
    outer loop
      vertex 39.0282 4.00059 1.5
      vertex 39.3208 -5.30953 1.5
      vertex 39.3208 5.30953 1.5
    endloop
  endfacet
  facet normal 0 0 1
    outer loop
      vertex 39.0282 4.00059 1.5
      vertex 39.0282 -4.00059 1.5
      vertex 39.3208 -5.30953 1.5
    endloop
  endfacet
  facet normal -0 0 1
    outer loop
      vertex 38.8184 2.67586 1.5
      vertex 39.0282 -4.00059 1.5
      vertex 39.0282 4.00059 1.5
    endloop
  endfacet
  facet normal 0 0 1
    outer loop
      vertex 38.8184 2.67586 1.5
      vertex 38.8184 -2.67586 1.5
      vertex 39.0282 -4.00059 1.5
    endloop
  endfacet
  facet normal -0 0 1
    outer loop
      vertex 38.6921 1.34058 1.5
      vertex 38.8184 -2.67586 1.5
      vertex 38.8184 2.67586 1.5
    endloop
  endfacet
  facet normal 0 0 1
    outer loop
      vertex 38.6921 1.34058 1.5
      vertex 38.6921 -1.34058 1.5
      vertex 38.8184 -2.67586 1.5
    endloop
  endfacet
  facet normal 0 -0 1
    outer loop
      vertex 38.6921 -1.34058 1.5
      vertex 38.6921 1.34058 1.5
      vertex 38.65 0 1.5
    endloop
  endfacet
  facet normal -0.0313898 -0.999507 0
    outer loop
      vertex 58.4302 -24.9507 -0.5
      vertex 60 -25 1.5
      vertex 58.4302 -24.9507 1.5
    endloop
  endfacet
  facet normal -0.0313898 -0.999507 -0
    outer loop
      vertex 60 -25 1.5
      vertex 58.4302 -24.9507 -0.5
      vertex 60 -25 -0.5
    endloop
  endfacet
  facet normal 0.707107 0.707107 0
    outer loop
      vertex 78.2242 17.1137 1.5
      vertex 77.1137 18.2242 -0.5
      vertex 77.1137 18.2242 1.5
    endloop
  endfacet
  facet normal 0.707107 0.707107 0
    outer loop
      vertex 77.1137 18.2242 -0.5
      vertex 78.2242 17.1137 1.5
      vertex 78.2242 17.1137 -0.5
    endloop
  endfacet
  facet normal -0.750122 0.661299 0
    outer loop
      vertex 40.7372 15.9356 -0.5
      vertex 41.7758 17.1137 1.5
      vertex 41.7758 17.1137 -0.5
    endloop
  endfacet
  facet normal -0.750122 0.661299 0
    outer loop
      vertex 41.7758 17.1137 1.5
      vertex 40.7372 15.9356 -0.5
      vertex 40.7372 15.9356 1.5
    endloop
  endfacet
  facet normal 0.218144 0.975917 -0
    outer loop
      vertex 66.2172 24.2146 -0.5
      vertex 64.6845 24.5572 1.5
      vertex 66.2172 24.2146 1.5
    endloop
  endfacet
  facet normal 0.218144 0.975917 0
    outer loop
      vertex 64.6845 24.5572 1.5
      vertex 66.2172 24.2146 -0.5
      vertex 64.6845 24.5572 -0.5
    endloop
  endfacet
  facet normal -0.661299 0.750122 0
    outer loop
      vertex 44.0644 19.2628 -0.5
      vertex 42.8863 18.2242 1.5
      vertex 44.0644 19.2628 1.5
    endloop
  endfacet
  facet normal -0.661299 0.750122 0
    outer loop
      vertex 42.8863 18.2242 1.5
      vertex 44.0644 19.2628 -0.5
      vertex 42.8863 18.2242 -0.5
    endloop
  endfacet
  facet normal -0.707107 -0.707107 0
    outer loop
      vertex 42.8863 -18.2242 -0.5
      vertex 41.7758 -17.1137 1.5
      vertex 41.7758 -17.1137 -0.5
    endloop
  endfacet
  facet normal -0.707107 -0.707107 0
    outer loop
      vertex 41.7758 -17.1137 1.5
      vertex 42.8863 -18.2242 -0.5
      vertex 42.8863 -18.2242 1.5
    endloop
  endfacet
  facet normal 0.0941119 -0.995562 0
    outer loop
      vertex 61.5698 -24.9507 -0.5
      vertex 63.1333 -24.8029 1.5
      vertex 61.5698 -24.9507 1.5
    endloop
  endfacet
  facet normal 0.0941119 -0.995562 0
    outer loop
      vertex 63.1333 -24.8029 1.5
      vertex 61.5698 -24.9507 -0.5
      vertex 63.1333 -24.8029 -0.5
    endloop
  endfacet
  facet normal -0.279007 0.960289 0
    outer loop
      vertex 53.7828 24.2146 -0.5
      vertex 52.2746 23.7764 1.5
      vertex 53.7828 24.2146 1.5
    endloop
  endfacet
  facet normal -0.279007 0.960289 0
    outer loop
      vertex 52.2746 23.7764 1.5
      vertex 53.7828 24.2146 -0.5
      vertex 52.2746 23.7764 -0.5
    endloop
  endfacet
  facet normal -0.6129 0.790161 0
    outer loop
      vertex 45.3054 20.2254 -0.5
      vertex 44.0644 19.2628 1.5
      vertex 45.3054 20.2254 1.5
    endloop
  endfacet
  facet normal -0.6129 0.790161 0
    outer loop
      vertex 44.0644 19.2628 1.5
      vertex 45.3054 20.2254 -0.5
      vertex 44.0644 19.2628 -0.5
    endloop
  endfacet
  facet normal 0.750122 -0.661299 0
    outer loop
      vertex 78.2242 -17.1137 1.5
      vertex 79.2628 -15.9356 -0.5
      vertex 79.2628 -15.9356 1.5
    endloop
  endfacet
  facet normal 0.750122 -0.661299 0
    outer loop
      vertex 79.2628 -15.9356 -0.5
      vertex 78.2242 -17.1137 1.5
      vertex 78.2242 -17.1137 -0.5
    endloop
  endfacet
  facet normal -0.891001 -0.454001 0
    outer loop
      vertex 38.0923 -12.0438 -0.5
      vertex 37.3793 -10.6445 1.5
      vertex 37.3793 -10.6445 -0.5
    endloop
  endfacet
  facet normal -0.891001 -0.454001 0
    outer loop
      vertex 37.3793 -10.6445 1.5
      vertex 38.0923 -12.0438 -0.5
      vertex 38.0923 -12.0438 1.5
    endloop
  endfacet
  facet normal -0.987687 -0.156443 0
    outer loop
      vertex 35.4428 -4.68453 -0.5
      vertex 35.1971 -3.13333 1.5
      vertex 35.1971 -3.13333 -0.5
    endloop
  endfacet
  facet normal -0.987687 -0.156443 0
    outer loop
      vertex 35.1971 -3.13333 1.5
      vertex 35.4428 -4.68453 -0.5
      vertex 35.4428 -4.68453 1.5
    endloop
  endfacet
  facet normal -0.860745 0.509036 0
    outer loop
      vertex 38.0923 12.0438 -0.5
      vertex 38.8918 13.3957 1.5
      vertex 38.8918 13.3957 -0.5
    endloop
  endfacet
  facet normal -0.860745 0.509036 0
    outer loop
      vertex 38.8918 13.3957 1.5
      vertex 38.0923 12.0438 -0.5
      vertex 38.0923 12.0438 1.5
    endloop
  endfacet
  facet normal -0.995562 -0.0941078 0
    outer loop
      vertex 35.1971 -3.13333 -0.5
      vertex 35.0493 -1.56976 1.5
      vertex 35.0493 -1.56976 -0.5
    endloop
  endfacet
  facet normal -0.995562 -0.0941078 0
    outer loop
      vertex 35.0493 -1.56976 1.5
      vertex 35.1971 -3.13333 -0.5
      vertex 35.1971 -3.13333 1.5
    endloop
  endfacet
  facet normal -0.999507 -0.0313906 0
    outer loop
      vertex 35.0493 -1.56976 -0.5
      vertex 35 0 1.5
      vertex 35 0 -0.5
    endloop
  endfacet
  facet normal -0.999507 -0.0313906 0
    outer loop
      vertex 35 0 1.5
      vertex 35.0493 -1.56976 -0.5
      vertex 35.0493 -1.56976 1.5
    endloop
  endfacet
  facet normal -0.860745 -0.509036 0
    outer loop
      vertex 38.8918 -13.3957 -0.5
      vertex 38.0923 -12.0438 1.5
      vertex 38.0923 -12.0438 -0.5
    endloop
  endfacet
  facet normal -0.860745 -0.509036 0
    outer loop
      vertex 38.0923 -12.0438 1.5
      vertex 38.8918 -13.3957 -0.5
      vertex 38.8918 -13.3957 1.5
    endloop
  endfacet
  facet normal -0.995566 0.0940653 0
    outer loop
      vertex 82.9675 -2.90146 0.1
      vertex 83.1043 -1.4536 1.5
      vertex 83.1043 -1.4536 0.1
    endloop
  endfacet
  facet normal -0.995566 0.0940653 0
    outer loop
      vertex 83.1043 -1.4536 1.5
      vertex 82.9675 -2.90146 0.1
      vertex 82.9675 -2.90146 1.5
    endloop
  endfacet
  facet normal -0.999506 0.0314237 0
    outer loop
      vertex 83.1043 -1.4536 0.1
      vertex 83.15 0 1.5
      vertex 83.15 0 0.1
    endloop
  endfacet
  facet normal -0.999506 0.0314237 0
    outer loop
      vertex 83.15 0 1.5
      vertex 83.1043 -1.4536 0.1
      vertex 83.1043 -1.4536 1.5
    endloop
  endfacet
  facet normal 0.91775 -0.397159 0
    outer loop
      vertex 38.4757 8.52208 1.5
      vertex 39.0533 9.85679 0.1
      vertex 39.0533 9.85679 1.5
    endloop
  endfacet
  facet normal 0.91775 -0.397159 0
    outer loop
      vertex 39.0533 9.85679 0.1
      vertex 38.4757 8.52208 1.5
      vertex 38.4757 8.52208 0.1
    endloop
  endfacet
  facet normal 0.278978 -0.960298 0
    outer loop
      vertex 52.8463 22.017 0.1
      vertex 54.2428 22.4227 1.5
      vertex 52.8463 22.017 1.5
    endloop
  endfacet
  facet normal 0.278978 -0.960298 0
    outer loop
      vertex 54.2428 22.4227 1.5
      vertex 52.8463 22.017 0.1
      vertex 54.2428 22.4227 0.1
    endloop
  endfacet
  facet normal 0.156499 0.987678 -0
    outer loop
      vertex 57.0985 -22.9675 0.1
      vertex 55.6621 -22.7399 1.5
      vertex 57.0985 -22.9675 1.5
    endloop
  endfacet
  facet normal 0.156499 0.987678 0
    outer loop
      vertex 55.6621 -22.7399 1.5
      vertex 57.0985 -22.9675 0.1
      vertex 55.6621 -22.7399 0.1
    endloop
  endfacet
  facet normal 0.91775 0.397159 0
    outer loop
      vertex 39.0533 -9.85679 1.5
      vertex 38.4757 -8.52208 0.1
      vertex 38.4757 -8.52208 1.5
    endloop
  endfacet
  facet normal 0.91775 0.397159 0
    outer loop
      vertex 38.4757 -8.52208 0.1
      vertex 39.0533 -9.85679 1.5
      vertex 39.0533 -9.85679 0.1
    endloop
  endfacet
  facet normal -0.750097 -0.661328 0
    outer loop
      vertex 77.8374 14.7564 0.1
      vertex 76.8756 15.8473 1.5
      vertex 76.8756 15.8473 0.1
    endloop
  endfacet
  facet normal -0.750097 -0.661328 0
    outer loop
      vertex 76.8756 15.8473 1.5
      vertex 77.8374 14.7564 0.1
      vertex 77.8374 14.7564 1.5
    endloop
  endfacet
  facet normal 0.509035 -0.860746 0
    outer loop
      vertex 47.5956 19.5462 0.1
      vertex 48.8474 20.2865 1.5
      vertex 47.5956 19.5462 1.5
    endloop
  endfacet
  facet normal 0.509035 -0.860746 0
    outer loop
      vertex 48.8474 20.2865 1.5
      vertex 47.5956 19.5462 0.1
      vertex 48.8474 20.2865 0.1
    endloop
  endfacet
  facet normal 0.750097 0.661328 0
    outer loop
      vertex 43.1244 -15.8473 1.5
      vertex 42.1626 -14.7564 0.1
      vertex 42.1626 -14.7564 1.5
    endloop
  endfacet
  facet normal 0.750097 0.661328 0
    outer loop
      vertex 42.1626 -14.7564 0.1
      vertex 43.1244 -15.8473 1.5
      vertex 43.1244 -15.8473 0.1
    endloop
  endfacet
  facet normal -0.89102 0.453964 0
    outer loop
      vertex 80.2865 -11.1526 0.1
      vertex 80.9467 -9.85679 1.5
      vertex 80.9467 -9.85679 0.1
    endloop
  endfacet
  facet normal -0.89102 0.453964 0
    outer loop
      vertex 80.9467 -9.85679 1.5
      vertex 80.2865 -11.1526 0.1
      vertex 80.2865 -11.1526 1.5
    endloop
  endfacet
  facet normal -0.975909 -0.218177 0
    outer loop
      vertex 82.74 4.33788 0.1
      vertex 82.4227 5.75717 1.5
      vertex 82.4227 5.75717 0.1
    endloop
  endfacet
  facet normal -0.975909 -0.218177 0
    outer loop
      vertex 82.4227 5.75717 1.5
      vertex 82.74 4.33788 0.1
      vertex 82.74 4.33788 1.5
    endloop
  endfacet
  facet normal -0.453967 -0.891019 0
    outer loop
      vertex 69.8568 20.9467 0.1
      vertex 71.1526 20.2865 1.5
      vertex 69.8568 20.9467 1.5
    endloop
  endfacet
  facet normal -0.453967 -0.891019 -0
    outer loop
      vertex 71.1526 20.2865 1.5
      vertex 69.8568 20.9467 0.1
      vertex 71.1526 20.2865 0.1
    endloop
  endfacet
  facet normal 0.89102 0.453964 0
    outer loop
      vertex 39.7135 -11.1526 1.5
      vertex 39.0533 -9.85679 0.1
      vertex 39.0533 -9.85679 1.5
    endloop
  endfacet
  facet normal 0.89102 0.453964 0
    outer loop
      vertex 39.0533 -9.85679 0.1
      vertex 39.7135 -11.1526 1.5
      vertex 39.7135 -11.1526 0.1
    endloop
  endfacet
  facet normal 0.89102 -0.453964 0
    outer loop
      vertex 39.0533 9.85679 1.5
      vertex 39.7135 11.1526 0.1
      vertex 39.7135 11.1526 1.5
    endloop
  endfacet
  facet normal 0.89102 -0.453964 0
    outer loop
      vertex 39.7135 11.1526 0.1
      vertex 39.0533 9.85679 1.5
      vertex 39.0533 9.85679 0.1
    endloop
  endfacet
  facet normal -0.397162 -0.917749 0
    outer loop
      vertex 68.5221 21.5243 0.1
      vertex 69.8568 20.9467 1.5
      vertex 68.5221 21.5243 1.5
    endloop
  endfacet
  facet normal -0.397162 -0.917749 -0
    outer loop
      vertex 69.8568 20.9467 1.5
      vertex 68.5221 21.5243 0.1
      vertex 69.8568 20.9467 0.1
    endloop
  endfacet
  facet normal 0.940866 0.338779 0
    outer loop
      vertex 38.4757 -8.52208 1.5
      vertex 37.983 -7.15374 0.1
      vertex 37.983 -7.15374 1.5
    endloop
  endfacet
  facet normal 0.940866 0.338779 0
    outer loop
      vertex 37.983 -7.15374 0.1
      vertex 38.4757 -8.52208 1.5
      vertex 38.4757 -8.52208 0.1
    endloop
  endfacet
  facet normal 0.707107 0.707107 0
    outer loop
      vertex 44.1527 -16.8756 1.5
      vertex 43.1244 -15.8473 0.1
      vertex 43.1244 -15.8473 1.5
    endloop
  endfacet
  facet normal 0.707107 0.707107 0
    outer loop
      vertex 43.1244 -15.8473 0.1
      vertex 44.1527 -16.8756 1.5
      vertex 44.1527 -16.8756 0.1
    endloop
  endfacet
  facet normal 0.860746 0.509035 0
    outer loop
      vertex 40.4538 -12.4044 1.5
      vertex 39.7135 -11.1526 0.1
      vertex 39.7135 -11.1526 1.5
    endloop
  endfacet
  facet normal 0.860746 0.509035 0
    outer loop
      vertex 39.7135 -11.1526 0.1
      vertex 40.4538 -12.4044 1.5
      vertex 40.4538 -12.4044 0.1
    endloop
  endfacet
  facet normal 0.338766 -0.940871 0
    outer loop
      vertex 51.4779 21.5243 0.1
      vertex 52.8463 22.017 1.5
      vertex 51.4779 21.5243 1.5
    endloop
  endfacet
  facet normal 0.338766 -0.940871 0
    outer loop
      vertex 52.8463 22.017 1.5
      vertex 51.4779 21.5243 0.1
      vertex 52.8463 22.017 0.1
    endloop
  endfacet
  facet normal -0.999506 -0.0314237 0
    outer loop
      vertex 83.15 0 0.1
      vertex 83.1043 1.4536 1.5
      vertex 83.1043 1.4536 0.1
    endloop
  endfacet
  facet normal -0.999506 -0.0314237 0
    outer loop
      vertex 83.1043 1.4536 1.5
      vertex 83.15 0 0.1
      vertex 83.15 0 1.5
    endloop
  endfacet
  facet normal -0.0940628 -0.995566 0
    outer loop
      vertex 61.4536 23.1043 0.1
      vertex 62.9015 22.9675 1.5
      vertex 61.4536 23.1043 1.5
    endloop
  endfacet
  facet normal -0.0940628 -0.995566 -0
    outer loop
      vertex 62.9015 22.9675 1.5
      vertex 61.4536 23.1043 0.1
      vertex 62.9015 22.9675 0.1
    endloop
  endfacet
  facet normal 0.661328 -0.750097 0
    outer loop
      vertex 44.1527 16.8756 0.1
      vertex 45.2436 17.8374 1.5
      vertex 44.1527 16.8756 1.5
    endloop
  endfacet
  facet normal 0.661328 -0.750097 0
    outer loop
      vertex 45.2436 17.8374 1.5
      vertex 44.1527 16.8756 0.1
      vertex 45.2436 17.8374 0.1
    endloop
  endfacet
  facet normal -0.960301 0.278965 0
    outer loop
      vertex 82.017 -7.15374 0.1
      vertex 82.4227 -5.75717 1.5
      vertex 82.4227 -5.75717 0.1
    endloop
  endfacet
  facet normal -0.960301 0.278965 0
    outer loop
      vertex 82.4227 -5.75717 1.5
      vertex 82.017 -7.15374 0.1
      vertex 82.017 -7.15374 1.5
    endloop
  endfacet
  facet normal 0.790192 -0.612859 0
    outer loop
      vertex 41.2713 13.6072 1.5
      vertex 42.1626 14.7564 0.1
      vertex 42.1626 14.7564 1.5
    endloop
  endfacet
  facet normal 0.790192 -0.612859 0
    outer loop
      vertex 42.1626 14.7564 0.1
      vertex 41.2713 13.6072 1.5
      vertex 41.2713 13.6072 0.1
    endloop
  endfacet
  facet normal 0.707107 -0.707107 0
    outer loop
      vertex 43.1244 15.8473 1.5
      vertex 44.1527 16.8756 0.1
      vertex 44.1527 16.8756 1.5
    endloop
  endfacet
  facet normal 0.707107 -0.707107 0
    outer loop
      vertex 44.1527 16.8756 0.1
      vertex 43.1244 15.8473 1.5
      vertex 43.1244 15.8473 0.1
    endloop
  endfacet
  facet normal 0.0314237 -0.999506 0
    outer loop
      vertex 58.5464 23.1043 0.1
      vertex 60 23.15 1.5
      vertex 58.5464 23.1043 1.5
    endloop
  endfacet
  facet normal 0.0314237 -0.999506 0
    outer loop
      vertex 60 23.15 1.5
      vertex 58.5464 23.1043 0.1
      vertex 60 23.15 0.1
    endloop
  endfacet
  facet normal -0.56212 0.827056 0
    outer loop
      vertex 73.6072 -18.7287 0.1
      vertex 72.4044 -19.5462 1.5
      vertex 73.6072 -18.7287 1.5
    endloop
  endfacet
  facet normal -0.56212 0.827056 0
    outer loop
      vertex 72.4044 -19.5462 1.5
      vertex 73.6072 -18.7287 0.1
      vertex 72.4044 -19.5462 0.1
    endloop
  endfacet
  facet normal -0.707107 -0.707107 0
    outer loop
      vertex 76.8756 15.8473 0.1
      vertex 75.8473 16.8756 1.5
      vertex 75.8473 16.8756 0.1
    endloop
  endfacet
  facet normal -0.707107 -0.707107 0
    outer loop
      vertex 75.8473 16.8756 1.5
      vertex 76.8756 15.8473 0.1
      vertex 76.8756 15.8473 1.5
    endloop
  endfacet
  facet normal -0.453967 0.891019 0
    outer loop
      vertex 71.1526 -20.2865 0.1
      vertex 69.8568 -20.9467 1.5
      vertex 71.1526 -20.2865 1.5
    endloop
  endfacet
  facet normal -0.453967 0.891019 0
    outer loop
      vertex 69.8568 -20.9467 1.5
      vertex 71.1526 -20.2865 0.1
      vertex 69.8568 -20.9467 0.1
    endloop
  endfacet
  facet normal 0.960301 -0.278965 0
    outer loop
      vertex 37.5773 5.75717 1.5
      vertex 37.983 7.15374 0.1
      vertex 37.983 7.15374 1.5
    endloop
  endfacet
  facet normal 0.960301 -0.278965 0
    outer loop
      vertex 37.983 7.15374 0.1
      vertex 37.5773 5.75717 1.5
      vertex 37.5773 5.75717 0.1
    endloop
  endfacet
  facet normal 0.960301 0.278965 0
    outer loop
      vertex 37.983 -7.15374 1.5
      vertex 37.5773 -5.75717 0.1
      vertex 37.5773 -5.75717 1.5
    endloop
  endfacet
  facet normal 0.960301 0.278965 0
    outer loop
      vertex 37.5773 -5.75717 0.1
      vertex 37.983 -7.15374 1.5
      vertex 37.983 -7.15374 0.1
    endloop
  endfacet
  facet normal -0.995566 -0.0940653 0
    outer loop
      vertex 83.1043 1.4536 0.1
      vertex 82.9675 2.90146 1.5
      vertex 82.9675 2.90146 0.1
    endloop
  endfacet
  facet normal -0.995566 -0.0940653 0
    outer loop
      vertex 82.9675 2.90146 1.5
      vertex 83.1043 1.4536 0.1
      vertex 83.1043 1.4536 1.5
    endloop
  endfacet
  facet normal -0.397162 0.917749 0
    outer loop
      vertex 69.8568 -20.9467 0.1
      vertex 68.5221 -21.5243 1.5
      vertex 69.8568 -20.9467 1.5
    endloop
  endfacet
  facet normal -0.397162 0.917749 0
    outer loop
      vertex 68.5221 -21.5243 1.5
      vertex 69.8568 -20.9467 0.1
      vertex 68.5221 -21.5243 0.1
    endloop
  endfacet
  facet normal -0.827056 0.56212 0
    outer loop
      vertex 78.7287 -13.6072 0.1
      vertex 79.5462 -12.4044 1.5
      vertex 79.5462 -12.4044 0.1
    endloop
  endfacet
  facet normal -0.827056 0.56212 0
    outer loop
      vertex 79.5462 -12.4044 1.5
      vertex 78.7287 -13.6072 0.1
      vertex 78.7287 -13.6072 1.5
    endloop
  endfacet
  facet normal 0.56212 -0.827056 0
    outer loop
      vertex 46.3928 18.7287 0.1
      vertex 47.5956 19.5462 1.5
      vertex 46.3928 18.7287 1.5
    endloop
  endfacet
  facet normal 0.56212 -0.827056 0
    outer loop
      vertex 47.5956 19.5462 1.5
      vertex 46.3928 18.7287 0.1
      vertex 47.5956 19.5462 0.1
    endloop
  endfacet
  facet normal 0.21811 0.975924 -0
    outer loop
      vertex 55.6621 -22.7399 0.1
      vertex 54.2428 -22.4227 1.5
      vertex 55.6621 -22.7399 1.5
    endloop
  endfacet
  facet normal 0.21811 0.975924 0
    outer loop
      vertex 54.2428 -22.4227 1.5
      vertex 55.6621 -22.7399 0.1
      vertex 54.2428 -22.4227 0.1
    endloop
  endfacet
  facet normal -0.707107 0.707107 0
    outer loop
      vertex 75.8473 -16.8756 0.1
      vertex 76.8756 -15.8473 1.5
      vertex 76.8756 -15.8473 0.1
    endloop
  endfacet
  facet normal -0.707107 0.707107 0
    outer loop
      vertex 76.8756 -15.8473 1.5
      vertex 75.8473 -16.8756 0.1
      vertex 75.8473 -16.8756 1.5
    endloop
  endfacet
  facet normal -0.661328 0.750097 0
    outer loop
      vertex 75.8473 -16.8756 0.1
      vertex 74.7564 -17.8374 1.5
      vertex 75.8473 -16.8756 1.5
    endloop
  endfacet
  facet normal -0.661328 0.750097 0
    outer loop
      vertex 74.7564 -17.8374 1.5
      vertex 75.8473 -16.8756 0.1
      vertex 74.7564 -17.8374 0.1
    endloop
  endfacet
  facet normal 0.56212 0.827056 -0
    outer loop
      vertex 47.5956 -19.5462 0.1
      vertex 46.3928 -18.7287 1.5
      vertex 47.5956 -19.5462 1.5
    endloop
  endfacet
  facet normal 0.56212 0.827056 0
    outer loop
      vertex 46.3928 -18.7287 1.5
      vertex 47.5956 -19.5462 0.1
      vertex 46.3928 -18.7287 0.1
    endloop
  endfacet
  facet normal 0.397162 -0.917749 0
    outer loop
      vertex 50.1432 20.9467 0.1
      vertex 51.4779 21.5243 1.5
      vertex 50.1432 20.9467 1.5
    endloop
  endfacet
  facet normal 0.397162 -0.917749 0
    outer loop
      vertex 51.4779 21.5243 1.5
      vertex 50.1432 20.9467 0.1
      vertex 51.4779 21.5243 0.1
    endloop
  endfacet
  facet normal -0.91775 0.397159 0
    outer loop
      vertex 80.9467 -9.85679 0.1
      vertex 81.5243 -8.52208 1.5
      vertex 81.5243 -8.52208 0.1
    endloop
  endfacet
  facet normal -0.91775 0.397159 0
    outer loop
      vertex 81.5243 -8.52208 1.5
      vertex 80.9467 -9.85679 0.1
      vertex 80.9467 -9.85679 1.5
    endloop
  endfacet
  facet normal 0.999506 0.0314237 0
    outer loop
      vertex 36.8957 -1.4536 1.5
      vertex 36.85 0 0.1
      vertex 36.85 0 1.5
    endloop
  endfacet
  facet normal 0.999506 0.0314237 0
    outer loop
      vertex 36.85 0 0.1
      vertex 36.8957 -1.4536 1.5
      vertex 36.8957 -1.4536 0.1
    endloop
  endfacet
  facet normal 0.397162 0.917749 -0
    outer loop
      vertex 51.4779 -21.5243 0.1
      vertex 50.1432 -20.9467 1.5
      vertex 51.4779 -21.5243 1.5
    endloop
  endfacet
  facet normal 0.397162 0.917749 0
    outer loop
      vertex 50.1432 -20.9467 1.5
      vertex 51.4779 -21.5243 0.1
      vertex 50.1432 -20.9467 0.1
    endloop
  endfacet
  facet normal -0.91775 -0.397159 0
    outer loop
      vertex 81.5243 8.52208 0.1
      vertex 80.9467 9.85679 1.5
      vertex 80.9467 9.85679 0.1
    endloop
  endfacet
  facet normal -0.91775 -0.397159 0
    outer loop
      vertex 80.9467 9.85679 1.5
      vertex 81.5243 8.52208 0.1
      vertex 81.5243 8.52208 1.5
    endloop
  endfacet
  facet normal -0.975909 0.218177 0
    outer loop
      vertex 82.4227 -5.75717 0.1
      vertex 82.74 -4.33788 1.5
      vertex 82.74 -4.33788 0.1
    endloop
  endfacet
  facet normal -0.975909 0.218177 0
    outer loop
      vertex 82.74 -4.33788 1.5
      vertex 82.4227 -5.75717 0.1
      vertex 82.4227 -5.75717 1.5
    endloop
  endfacet
  facet normal -0.0314237 -0.999506 0
    outer loop
      vertex 60 23.15 0.1
      vertex 61.4536 23.1043 1.5
      vertex 60 23.15 1.5
    endloop
  endfacet
  facet normal -0.0314237 -0.999506 -0
    outer loop
      vertex 61.4536 23.1043 1.5
      vertex 60 23.15 0.1
      vertex 61.4536 23.1043 0.1
    endloop
  endfacet
  facet normal 0.0940628 0.995566 -0
    outer loop
      vertex 58.5464 -23.1043 0.1
      vertex 57.0985 -22.9675 1.5
      vertex 58.5464 -23.1043 1.5
    endloop
  endfacet
  facet normal 0.0940628 0.995566 0
    outer loop
      vertex 57.0985 -22.9675 1.5
      vertex 58.5464 -23.1043 0.1
      vertex 57.0985 -22.9675 0.1
    endloop
  endfacet
  facet normal -0.987689 -0.15643 0
    outer loop
      vertex 82.9675 2.90146 0.1
      vertex 82.74 4.33788 1.5
      vertex 82.74 4.33788 0.1
    endloop
  endfacet
  facet normal -0.987689 -0.15643 0
    outer loop
      vertex 82.74 4.33788 1.5
      vertex 82.9675 2.90146 0.1
      vertex 82.9675 2.90146 1.5
    endloop
  endfacet
  facet normal -0.960301 -0.278965 0
    outer loop
      vertex 82.4227 5.75717 0.1
      vertex 82.017 7.15374 1.5
      vertex 82.017 7.15374 0.1
    endloop
  endfacet
  facet normal -0.960301 -0.278965 0
    outer loop
      vertex 82.017 7.15374 1.5
      vertex 82.4227 5.75717 0.1
      vertex 82.4227 5.75717 1.5
    endloop
  endfacet
  facet normal 0.987678 -0.156497 0
    outer loop
      vertex 37.0325 2.90146 1.5
      vertex 37.2601 4.33788 0.1
      vertex 37.2601 4.33788 1.5
    endloop
  endfacet
  facet normal 0.987678 -0.156497 0
    outer loop
      vertex 37.2601 4.33788 0.1
      vertex 37.0325 2.90146 1.5
      vertex 37.0325 2.90146 0.1
    endloop
  endfacet
  facet normal -0.0940628 0.995566 0
    outer loop
      vertex 62.9015 -22.9675 0.1
      vertex 61.4536 -23.1043 1.5
      vertex 62.9015 -22.9675 1.5
    endloop
  endfacet
  facet normal -0.0940628 0.995566 0
    outer loop
      vertex 61.4536 -23.1043 1.5
      vertex 62.9015 -22.9675 0.1
      vertex 61.4536 -23.1043 0.1
    endloop
  endfacet
  facet normal -0.860746 0.509035 0
    outer loop
      vertex 79.5462 -12.4044 0.1
      vertex 80.2865 -11.1526 1.5
      vertex 80.2865 -11.1526 0.1
    endloop
  endfacet
  facet normal -0.860746 0.509035 0
    outer loop
      vertex 80.2865 -11.1526 1.5
      vertex 79.5462 -12.4044 0.1
      vertex 79.5462 -12.4044 1.5
    endloop
  endfacet
  facet normal 0.790192 0.612859 0
    outer loop
      vertex 42.1626 -14.7564 1.5
      vertex 41.2713 -13.6072 0.1
      vertex 41.2713 -13.6072 1.5
    endloop
  endfacet
  facet normal 0.790192 0.612859 0
    outer loop
      vertex 41.2713 -13.6072 0.1
      vertex 42.1626 -14.7564 1.5
      vertex 42.1626 -14.7564 0.1
    endloop
  endfacet
  facet normal -0.89102 -0.453964 0
    outer loop
      vertex 80.9467 9.85679 0.1
      vertex 80.2865 11.1526 1.5
      vertex 80.2865 11.1526 0.1
    endloop
  endfacet
  facet normal -0.89102 -0.453964 0
    outer loop
      vertex 80.2865 11.1526 1.5
      vertex 80.9467 9.85679 0.1
      vertex 80.9467 9.85679 1.5
    endloop
  endfacet
  facet normal -0.278978 0.960298 0
    outer loop
      vertex 67.1537 -22.017 0.1
      vertex 65.7572 -22.4227 1.5
      vertex 67.1537 -22.017 1.5
    endloop
  endfacet
  facet normal -0.278978 0.960298 0
    outer loop
      vertex 65.7572 -22.4227 1.5
      vertex 67.1537 -22.017 0.1
      vertex 65.7572 -22.4227 0.1
    endloop
  endfacet
  facet normal 0.453967 0.891019 -0
    outer loop
      vertex 50.1432 -20.9467 0.1
      vertex 48.8474 -20.2865 1.5
      vertex 50.1432 -20.9467 1.5
    endloop
  endfacet
  facet normal 0.453967 0.891019 0
    outer loop
      vertex 48.8474 -20.2865 1.5
      vertex 50.1432 -20.9467 0.1
      vertex 48.8474 -20.2865 0.1
    endloop
  endfacet
  facet normal -0.860746 -0.509035 0
    outer loop
      vertex 80.2865 11.1526 0.1
      vertex 79.5462 12.4044 1.5
      vertex 79.5462 12.4044 0.1
    endloop
  endfacet
  facet normal -0.860746 -0.509035 0
    outer loop
      vertex 79.5462 12.4044 1.5
      vertex 80.2865 11.1526 0.1
      vertex 80.2865 11.1526 1.5
    endloop
  endfacet
  facet normal -0.750097 0.661328 0
    outer loop
      vertex 76.8756 -15.8473 0.1
      vertex 77.8374 -14.7564 1.5
      vertex 77.8374 -14.7564 0.1
    endloop
  endfacet
  facet normal -0.750097 0.661328 0
    outer loop
      vertex 77.8374 -14.7564 1.5
      vertex 76.8756 -15.8473 0.1
      vertex 76.8756 -15.8473 1.5
    endloop
  endfacet
  facet normal 0.21811 -0.975924 0
    outer loop
      vertex 54.2428 22.4227 0.1
      vertex 55.6621 22.7399 1.5
      vertex 54.2428 22.4227 1.5
    endloop
  endfacet
  facet normal 0.21811 -0.975924 0
    outer loop
      vertex 55.6621 22.7399 1.5
      vertex 54.2428 22.4227 0.1
      vertex 55.6621 22.7399 0.1
    endloop
  endfacet
  facet normal -0.790192 0.612859 0
    outer loop
      vertex 77.8374 -14.7564 0.1
      vertex 78.7287 -13.6072 1.5
      vertex 78.7287 -13.6072 0.1
    endloop
  endfacet
  facet normal -0.790192 0.612859 0
    outer loop
      vertex 78.7287 -13.6072 1.5
      vertex 77.8374 -14.7564 0.1
      vertex 77.8374 -14.7564 1.5
    endloop
  endfacet
  facet normal -0.612859 -0.790192 0
    outer loop
      vertex 73.6072 18.7287 0.1
      vertex 74.7564 17.8374 1.5
      vertex 73.6072 18.7287 1.5
    endloop
  endfacet
  facet normal -0.612859 -0.790192 -0
    outer loop
      vertex 74.7564 17.8374 1.5
      vertex 73.6072 18.7287 0.1
      vertex 74.7564 17.8374 0.1
    endloop
  endfacet
  facet normal -0.612859 0.790192 0
    outer loop
      vertex 74.7564 -17.8374 0.1
      vertex 73.6072 -18.7287 1.5
      vertex 74.7564 -17.8374 1.5
    endloop
  endfacet
  facet normal -0.612859 0.790192 0
    outer loop
      vertex 73.6072 -18.7287 1.5
      vertex 74.7564 -17.8374 0.1
      vertex 73.6072 -18.7287 0.1
    endloop
  endfacet
  facet normal 0.995566 -0.0940653 0
    outer loop
      vertex 36.8957 1.4536 1.5
      vertex 37.0325 2.90146 0.1
      vertex 37.0325 2.90146 1.5
    endloop
  endfacet
  facet normal 0.995566 -0.0940653 0
    outer loop
      vertex 37.0325 2.90146 0.1
      vertex 36.8957 1.4536 1.5
      vertex 36.8957 1.4536 0.1
    endloop
  endfacet
  facet normal -0.940866 -0.338779 0
    outer loop
      vertex 82.017 7.15374 0.1
      vertex 81.5243 8.52208 1.5
      vertex 81.5243 8.52208 0.1
    endloop
  endfacet
  facet normal -0.940866 -0.338779 0
    outer loop
      vertex 81.5243 8.52208 1.5
      vertex 82.017 7.15374 0.1
      vertex 82.017 7.15374 1.5
    endloop
  endfacet
  facet normal -0.940866 0.338779 0
    outer loop
      vertex 81.5243 -8.52208 0.1
      vertex 82.017 -7.15374 1.5
      vertex 82.017 -7.15374 0.1
    endloop
  endfacet
  facet normal -0.940866 0.338779 0
    outer loop
      vertex 82.017 -7.15374 1.5
      vertex 81.5243 -8.52208 0.1
      vertex 81.5243 -8.52208 1.5
    endloop
  endfacet
  facet normal -0.987689 0.15643 0
    outer loop
      vertex 82.74 -4.33788 0.1
      vertex 82.9675 -2.90146 1.5
      vertex 82.9675 -2.90146 0.1
    endloop
  endfacet
  facet normal -0.987689 0.15643 0
    outer loop
      vertex 82.9675 -2.90146 1.5
      vertex 82.74 -4.33788 0.1
      vertex 82.74 -4.33788 1.5
    endloop
  endfacet
  facet normal -0.156499 0.987678 0
    outer loop
      vertex 64.3379 -22.7399 0.1
      vertex 62.9015 -22.9675 1.5
      vertex 64.3379 -22.7399 1.5
    endloop
  endfacet
  facet normal -0.156499 0.987678 0
    outer loop
      vertex 62.9015 -22.9675 1.5
      vertex 64.3379 -22.7399 0.1
      vertex 62.9015 -22.9675 0.1
    endloop
  endfacet
  facet normal -0.338766 0.940871 0
    outer loop
      vertex 68.5221 -21.5243 0.1
      vertex 67.1537 -22.017 1.5
      vertex 68.5221 -21.5243 1.5
    endloop
  endfacet
  facet normal -0.338766 0.940871 0
    outer loop
      vertex 67.1537 -22.017 1.5
      vertex 68.5221 -21.5243 0.1
      vertex 67.1537 -22.017 0.1
    endloop
  endfacet
  facet normal -0.661328 -0.750097 0
    outer loop
      vertex 74.7564 17.8374 0.1
      vertex 75.8473 16.8756 1.5
      vertex 74.7564 17.8374 1.5
    endloop
  endfacet
  facet normal -0.661328 -0.750097 -0
    outer loop
      vertex 75.8473 16.8756 1.5
      vertex 74.7564 17.8374 0.1
      vertex 75.8473 16.8756 0.1
    endloop
  endfacet
  facet normal 0.661328 0.750097 -0
    outer loop
      vertex 45.2436 -17.8374 0.1
      vertex 44.1527 -16.8756 1.5
      vertex 45.2436 -17.8374 1.5
    endloop
  endfacet
  facet normal 0.661328 0.750097 0
    outer loop
      vertex 44.1527 -16.8756 1.5
      vertex 45.2436 -17.8374 0.1
      vertex 44.1527 -16.8756 0.1
    endloop
  endfacet
  facet normal 0.999506 -0.0314237 0
    outer loop
      vertex 36.85 0 1.5
      vertex 36.8957 1.4536 0.1
      vertex 36.8957 1.4536 1.5
    endloop
  endfacet
  facet normal 0.999506 -0.0314237 0
    outer loop
      vertex 36.8957 1.4536 0.1
      vertex 36.85 0 1.5
      vertex 36.85 0 0.1
    endloop
  endfacet
  facet normal 0.975924 0.218111 0
    outer loop
      vertex 37.5773 -5.75717 1.5
      vertex 37.2601 -4.33788 0.1
      vertex 37.2601 -4.33788 1.5
    endloop
  endfacet
  facet normal 0.975924 0.218111 0
    outer loop
      vertex 37.2601 -4.33788 0.1
      vertex 37.5773 -5.75717 1.5
      vertex 37.5773 -5.75717 0.1
    endloop
  endfacet
  facet normal 0.750097 -0.661328 0
    outer loop
      vertex 42.1626 14.7564 1.5
      vertex 43.1244 15.8473 0.1
      vertex 43.1244 15.8473 1.5
    endloop
  endfacet
  facet normal 0.750097 -0.661328 0
    outer loop
      vertex 43.1244 15.8473 0.1
      vertex 42.1626 14.7564 1.5
      vertex 42.1626 14.7564 0.1
    endloop
  endfacet
  facet normal -0.509035 -0.860746 0
    outer loop
      vertex 71.1526 20.2865 0.1
      vertex 72.4044 19.5462 1.5
      vertex 71.1526 20.2865 1.5
    endloop
  endfacet
  facet normal -0.509035 -0.860746 -0
    outer loop
      vertex 72.4044 19.5462 1.5
      vertex 71.1526 20.2865 0.1
      vertex 72.4044 19.5462 0.1
    endloop
  endfacet
  facet normal 0.975924 -0.218111 0
    outer loop
      vertex 37.2601 4.33788 1.5
      vertex 37.5773 5.75717 0.1
      vertex 37.5773 5.75717 1.5
    endloop
  endfacet
  facet normal 0.975924 -0.218111 0
    outer loop
      vertex 37.5773 5.75717 0.1
      vertex 37.2601 4.33788 1.5
      vertex 37.2601 4.33788 0.1
    endloop
  endfacet
  facet normal -0.21811 0.975924 0
    outer loop
      vertex 65.7572 -22.4227 0.1
      vertex 64.3379 -22.7399 1.5
      vertex 65.7572 -22.4227 1.5
    endloop
  endfacet
  facet normal -0.21811 0.975924 0
    outer loop
      vertex 64.3379 -22.7399 1.5
      vertex 65.7572 -22.4227 0.1
      vertex 64.3379 -22.7399 0.1
    endloop
  endfacet
  facet normal 0.338766 0.940871 -0
    outer loop
      vertex 52.8463 -22.017 0.1
      vertex 51.4779 -21.5243 1.5
      vertex 52.8463 -22.017 1.5
    endloop
  endfacet
  facet normal 0.338766 0.940871 0
    outer loop
      vertex 51.4779 -21.5243 1.5
      vertex 52.8463 -22.017 0.1
      vertex 51.4779 -21.5243 0.1
    endloop
  endfacet
  facet normal 0.612859 0.790192 -0
    outer loop
      vertex 46.3928 -18.7287 0.1
      vertex 45.2436 -17.8374 1.5
      vertex 46.3928 -18.7287 1.5
    endloop
  endfacet
  facet normal 0.612859 0.790192 0
    outer loop
      vertex 45.2436 -17.8374 1.5
      vertex 46.3928 -18.7287 0.1
      vertex 45.2436 -17.8374 0.1
    endloop
  endfacet
  facet normal 0.827056 -0.56212 0
    outer loop
      vertex 40.4538 12.4044 1.5
      vertex 41.2713 13.6072 0.1
      vertex 41.2713 13.6072 1.5
    endloop
  endfacet
  facet normal 0.827056 -0.56212 0
    outer loop
      vertex 41.2713 13.6072 0.1
      vertex 40.4538 12.4044 1.5
      vertex 40.4538 12.4044 0.1
    endloop
  endfacet
  facet normal -0.0314237 0.999506 0
    outer loop
      vertex 61.4536 -23.1043 0.1
      vertex 60 -23.15 1.5
      vertex 61.4536 -23.1043 1.5
    endloop
  endfacet
  facet normal -0.0314237 0.999506 0
    outer loop
      vertex 60 -23.15 1.5
      vertex 61.4536 -23.1043 0.1
      vertex 60 -23.15 0.1
    endloop
  endfacet
  facet normal 0.0314237 0.999506 -0
    outer loop
      vertex 60 -23.15 0.1
      vertex 58.5464 -23.1043 1.5
      vertex 60 -23.15 1.5
    endloop
  endfacet
  facet normal 0.0314237 0.999506 0
    outer loop
      vertex 58.5464 -23.1043 1.5
      vertex 60 -23.15 0.1
      vertex 58.5464 -23.1043 0.1
    endloop
  endfacet
  facet normal 0.612859 -0.790192 0
    outer loop
      vertex 45.2436 17.8374 0.1
      vertex 46.3928 18.7287 1.5
      vertex 45.2436 17.8374 1.5
    endloop
  endfacet
  facet normal 0.612859 -0.790192 0
    outer loop
      vertex 46.3928 18.7287 1.5
      vertex 45.2436 17.8374 0.1
      vertex 46.3928 18.7287 0.1
    endloop
  endfacet
  facet normal -0.509035 0.860746 0
    outer loop
      vertex 72.4044 -19.5462 0.1
      vertex 71.1526 -20.2865 1.5
      vertex 72.4044 -19.5462 1.5
    endloop
  endfacet
  facet normal -0.509035 0.860746 0
    outer loop
      vertex 71.1526 -20.2865 1.5
      vertex 72.4044 -19.5462 0.1
      vertex 71.1526 -20.2865 0.1
    endloop
  endfacet
  facet normal -0.21811 -0.975924 0
    outer loop
      vertex 64.3379 22.7399 0.1
      vertex 65.7572 22.4227 1.5
      vertex 64.3379 22.7399 1.5
    endloop
  endfacet
  facet normal -0.21811 -0.975924 -0
    outer loop
      vertex 65.7572 22.4227 1.5
      vertex 64.3379 22.7399 0.1
      vertex 65.7572 22.4227 0.1
    endloop
  endfacet
  facet normal 0.509035 0.860746 -0
    outer loop
      vertex 48.8474 -20.2865 0.1
      vertex 47.5956 -19.5462 1.5
      vertex 48.8474 -20.2865 1.5
    endloop
  endfacet
  facet normal 0.509035 0.860746 0
    outer loop
      vertex 47.5956 -19.5462 1.5
      vertex 48.8474 -20.2865 0.1
      vertex 47.5956 -19.5462 0.1
    endloop
  endfacet
  facet normal 0.278978 0.960298 -0
    outer loop
      vertex 54.2428 -22.4227 0.1
      vertex 52.8463 -22.017 1.5
      vertex 54.2428 -22.4227 1.5
    endloop
  endfacet
  facet normal 0.278978 0.960298 0
    outer loop
      vertex 52.8463 -22.017 1.5
      vertex 54.2428 -22.4227 0.1
      vertex 52.8463 -22.017 0.1
    endloop
  endfacet
  facet normal 0.940866 -0.338779 0
    outer loop
      vertex 37.983 7.15374 1.5
      vertex 38.4757 8.52208 0.1
      vertex 38.4757 8.52208 1.5
    endloop
  endfacet
  facet normal 0.940866 -0.338779 0
    outer loop
      vertex 38.4757 8.52208 0.1
      vertex 37.983 7.15374 1.5
      vertex 37.983 7.15374 0.1
    endloop
  endfacet
  facet normal -0.156499 -0.987678 0
    outer loop
      vertex 62.9015 22.9675 0.1
      vertex 64.3379 22.7399 1.5
      vertex 62.9015 22.9675 1.5
    endloop
  endfacet
  facet normal -0.156499 -0.987678 -0
    outer loop
      vertex 64.3379 22.7399 1.5
      vertex 62.9015 22.9675 0.1
      vertex 64.3379 22.7399 0.1
    endloop
  endfacet
  facet normal -0.278978 -0.960298 0
    outer loop
      vertex 65.7572 22.4227 0.1
      vertex 67.1537 22.017 1.5
      vertex 65.7572 22.4227 1.5
    endloop
  endfacet
  facet normal -0.278978 -0.960298 -0
    outer loop
      vertex 67.1537 22.017 1.5
      vertex 65.7572 22.4227 0.1
      vertex 67.1537 22.017 0.1
    endloop
  endfacet
  facet normal -0.56212 -0.827056 0
    outer loop
      vertex 72.4044 19.5462 0.1
      vertex 73.6072 18.7287 1.5
      vertex 72.4044 19.5462 1.5
    endloop
  endfacet
  facet normal -0.56212 -0.827056 -0
    outer loop
      vertex 73.6072 18.7287 1.5
      vertex 72.4044 19.5462 0.1
      vertex 73.6072 18.7287 0.1
    endloop
  endfacet
  facet normal 0.987678 0.156497 0
    outer loop
      vertex 37.2601 -4.33788 1.5
      vertex 37.0325 -2.90146 0.1
      vertex 37.0325 -2.90146 1.5
    endloop
  endfacet
  facet normal 0.987678 0.156497 0
    outer loop
      vertex 37.0325 -2.90146 0.1
      vertex 37.2601 -4.33788 1.5
      vertex 37.2601 -4.33788 0.1
    endloop
  endfacet
  facet normal 0.995566 0.0940653 0
    outer loop
      vertex 37.0325 -2.90146 1.5
      vertex 36.8957 -1.4536 0.1
      vertex 36.8957 -1.4536 1.5
    endloop
  endfacet
  facet normal 0.995566 0.0940653 0
    outer loop
      vertex 36.8957 -1.4536 0.1
      vertex 37.0325 -2.90146 1.5
      vertex 37.0325 -2.90146 0.1
    endloop
  endfacet
  facet normal -0.790192 -0.612859 0
    outer loop
      vertex 78.7287 13.6072 0.1
      vertex 77.8374 14.7564 1.5
      vertex 77.8374 14.7564 0.1
    endloop
  endfacet
  facet normal -0.790192 -0.612859 0
    outer loop
      vertex 77.8374 14.7564 1.5
      vertex 78.7287 13.6072 0.1
      vertex 78.7287 13.6072 1.5
    endloop
  endfacet
  facet normal -0.827056 -0.56212 0
    outer loop
      vertex 79.5462 12.4044 0.1
      vertex 78.7287 13.6072 1.5
      vertex 78.7287 13.6072 0.1
    endloop
  endfacet
  facet normal -0.827056 -0.56212 0
    outer loop
      vertex 78.7287 13.6072 1.5
      vertex 79.5462 12.4044 0.1
      vertex 79.5462 12.4044 1.5
    endloop
  endfacet
  facet normal 0.453967 -0.891019 0
    outer loop
      vertex 48.8474 20.2865 0.1
      vertex 50.1432 20.9467 1.5
      vertex 48.8474 20.2865 1.5
    endloop
  endfacet
  facet normal 0.453967 -0.891019 0
    outer loop
      vertex 50.1432 20.9467 1.5
      vertex 48.8474 20.2865 0.1
      vertex 50.1432 20.9467 0.1
    endloop
  endfacet
  facet normal 0 0 -1
    outer loop
      vertex 81.95 0 2
      vertex 82.75 0 2
      vertex 82.7051 -1.42848 2
    endloop
  endfacet
  facet normal 0 0 -1
    outer loop
      vertex 81.9067 -1.37825 2
      vertex 82.7051 -1.42848 2
      vertex 82.5706 -2.85133 2
    endloop
  endfacet
  facet normal 0 0 -1
    outer loop
      vertex 82.75 0 2
      vertex 81.95 0 2
      vertex 82.7051 1.42848 2
    endloop
  endfacet
  facet normal 0 0 -1
    outer loop
      vertex 81.7769 -2.75106 2
      vertex 82.5706 -2.85133 2
      vertex 82.347 -4.26292 2
    endloop
  endfacet
  facet normal 0 0 -1
    outer loop
      vertex 81.9067 1.37825 2
      vertex 82.7051 1.42848 2
      vertex 81.95 0 2
    endloop
  endfacet
  facet normal 0 0 -1
    outer loop
      vertex 81.5612 -4.11302 2
      vertex 82.347 -4.26292 2
      vertex 82.0353 -5.65769 2
    endloop
  endfacet
  facet normal -0 0 -1
    outer loop
      vertex 82.7051 1.42848 2
      vertex 81.9067 1.37825 2
      vertex 82.5706 2.85133 2
    endloop
  endfacet
  facet normal 0 0 -1
    outer loop
      vertex 81.7769 2.75106 2
      vertex 82.5706 2.85133 2
      vertex 81.9067 1.37825 2
    endloop
  endfacet
  facet normal 0 0 -1
    outer loop
      vertex 82.7051 -1.42848 2
      vertex 81.9067 -1.37825 2
      vertex 81.95 0 2
    endloop
  endfacet
  facet normal 0 0 -1
    outer loop
      vertex 82.5706 -2.85133 2
      vertex 81.7769 -2.75106 2
      vertex 81.9067 -1.37825 2
    endloop
  endfacet
  facet normal 0 0 -1
    outer loop
      vertex 81.2604 -5.45874 2
      vertex 82.0353 -5.65769 2
      vertex 81.6365 -7.03014 2
    endloop
  endfacet
  facet normal 0 0 -1
    outer loop
      vertex 82.347 -4.26292 2
      vertex 81.5612 -4.11302 2
      vertex 81.7769 -2.75106 2
    endloop
  endfacet
  facet normal 0 0 -1
    outer loop
      vertex 82.0353 -5.65769 2
      vertex 81.2604 -5.45874 2
      vertex 81.5612 -4.11302 2
    endloop
  endfacet
  facet normal 0 0 -1
    outer loop
      vertex 80.8757 -6.78292 2
      vertex 81.6365 -7.03014 2
      vertex 81.1524 -8.37483 2
    endloop
  endfacet
  facet normal 0 0 -1
    outer loop
      vertex 81.6365 -7.03014 2
      vertex 80.8757 -6.78292 2
      vertex 81.2604 -5.45874 2
    endloop
  endfacet
  facet normal 0 0 -1
    outer loop
      vertex 80.4086 -8.08033 2
      vertex 81.1524 -8.37483 2
      vertex 80.5848 -9.68648 2
    endloop
  endfacet
  facet normal 0 0 -1
    outer loop
      vertex 81.1524 -8.37483 2
      vertex 80.4086 -8.08033 2
      vertex 80.8757 -6.78292 2
    endloop
  endfacet
  facet normal 0 0 -1
    outer loop
      vertex 79.861 -9.34585 2
      vertex 80.5848 -9.68648 2
      vertex 79.936 -10.9599 2
    endloop
  endfacet
  facet normal 0 0 -1
    outer loop
      vertex 80.5848 -9.68648 2
      vertex 79.861 -9.34585 2
      vertex 80.4086 -8.08033 2
    endloop
  endfacet
  facet normal 0 0 -1
    outer loop
      vertex 79.936 -10.9599 2
      vertex 79.2349 -10.5745 2
      vertex 79.861 -9.34585 2
    endloop
  endfacet
  facet normal 0 0 -1
    outer loop
      vertex 79.2085 -12.1901 2
      vertex 79.2349 -10.5745 2
      vertex 79.936 -10.9599 2
    endloop
  endfacet
  facet normal 0 0 -1
    outer loop
      vertex 79.2085 -12.1901 2
      vertex 78.533 -11.7614 2
      vertex 79.2349 -10.5745 2
    endloop
  endfacet
  facet normal 0 0 -1
    outer loop
      vertex 78.4051 -13.3721 2
      vertex 78.533 -11.7614 2
      vertex 79.2085 -12.1901 2
    endloop
  endfacet
  facet normal 0 0 -1
    outer loop
      vertex 78.4051 -13.3721 2
      vertex 77.7579 -12.9019 2
      vertex 78.533 -11.7614 2
    endloop
  endfacet
  facet normal 0 0 -1
    outer loop
      vertex 77.5292 -14.5014 2
      vertex 77.7579 -12.9019 2
      vertex 78.4051 -13.3721 2
    endloop
  endfacet
  facet normal 0 0 -1
    outer loop
      vertex 77.5292 -14.5014 2
      vertex 76.9128 -13.9915 2
      vertex 77.7579 -12.9019 2
    endloop
  endfacet
  facet normal 0 0 -1
    outer loop
      vertex 76.584 -15.5734 2
      vertex 76.9128 -13.9915 2
      vertex 77.5292 -14.5014 2
    endloop
  endfacet
  facet normal 0 0 -1
    outer loop
      vertex 76.584 -15.5734 2
      vertex 76.0009 -15.0258 2
      vertex 76.9128 -13.9915 2
    endloop
  endfacet
  facet normal 0 0 -1
    outer loop
      vertex 75.5734 -16.584 2
      vertex 76.0009 -15.0258 2
      vertex 76.584 -15.5734 2
    endloop
  endfacet
  facet normal 0 0 -1
    outer loop
      vertex 75.5734 -16.584 2
      vertex 75.0258 -16.0009 2
      vertex 76.0009 -15.0258 2
    endloop
  endfacet
  facet normal 0 0 -1
    outer loop
      vertex 74.5014 -17.5292 2
      vertex 75.0258 -16.0009 2
      vertex 75.5734 -16.584 2
    endloop
  endfacet
  facet normal 0 0 -1
    outer loop
      vertex 74.5014 -17.5292 2
      vertex 73.9915 -16.9128 2
      vertex 75.0258 -16.0009 2
    endloop
  endfacet
  facet normal 0 0 -1
    outer loop
      vertex 73.3721 -18.4051 2
      vertex 73.9915 -16.9128 2
      vertex 74.5014 -17.5292 2
    endloop
  endfacet
  facet normal 0 0 -1
    outer loop
      vertex 73.3721 -18.4051 2
      vertex 72.9019 -17.7579 2
      vertex 73.9915 -16.9128 2
    endloop
  endfacet
  facet normal 0 0 -1
    outer loop
      vertex 72.1901 -19.2085 2
      vertex 72.9019 -17.7579 2
      vertex 73.3721 -18.4051 2
    endloop
  endfacet
  facet normal 0 0 -1
    outer loop
      vertex 72.1901 -19.2085 2
      vertex 71.7614 -18.533 2
      vertex 72.9019 -17.7579 2
    endloop
  endfacet
  facet normal 0 0 -1
    outer loop
      vertex 70.9599 -19.936 2
      vertex 71.7614 -18.533 2
      vertex 72.1901 -19.2085 2
    endloop
  endfacet
  facet normal 0 0 -1
    outer loop
      vertex 70.9599 -19.936 2
      vertex 70.5745 -19.2349 2
      vertex 71.7614 -18.533 2
    endloop
  endfacet
  facet normal 0 0 -1
    outer loop
      vertex 69.6865 -20.5848 2
      vertex 70.5745 -19.2349 2
      vertex 70.9599 -19.936 2
    endloop
  endfacet
  facet normal 0 0 -1
    outer loop
      vertex 69.6865 -20.5848 2
      vertex 69.3459 -19.861 2
      vertex 70.5745 -19.2349 2
    endloop
  endfacet
  facet normal 0 0 -1
    outer loop
      vertex 68.3748 -21.1524 2
      vertex 69.3459 -19.861 2
      vertex 69.6865 -20.5848 2
    endloop
  endfacet
  facet normal 0 0 -1
    outer loop
      vertex 68.3748 -21.1524 2
      vertex 68.0803 -20.4086 2
      vertex 69.3459 -19.861 2
    endloop
  endfacet
  facet normal 0 0 -1
    outer loop
      vertex 67.0301 -21.6365 2
      vertex 68.0803 -20.4086 2
      vertex 68.3748 -21.1524 2
    endloop
  endfacet
  facet normal 0 0 -1
    outer loop
      vertex 67.0301 -21.6365 2
      vertex 66.7829 -20.8757 2
      vertex 68.0803 -20.4086 2
    endloop
  endfacet
  facet normal 0 0 -1
    outer loop
      vertex 65.6577 -22.0353 2
      vertex 66.7829 -20.8757 2
      vertex 67.0301 -21.6365 2
    endloop
  endfacet
  facet normal 0 0 -1
    outer loop
      vertex 65.6577 -22.0353 2
      vertex 65.4587 -21.2604 2
      vertex 66.7829 -20.8757 2
    endloop
  endfacet
  facet normal 0 0 -1
    outer loop
      vertex 64.2629 -22.347 2
      vertex 65.4587 -21.2604 2
      vertex 65.6577 -22.0353 2
    endloop
  endfacet
  facet normal 0 0 -1
    outer loop
      vertex 64.2629 -22.347 2
      vertex 64.113 -21.5612 2
      vertex 65.4587 -21.2604 2
    endloop
  endfacet
  facet normal 0 0 -1
    outer loop
      vertex 62.8513 -22.5706 2
      vertex 64.113 -21.5612 2
      vertex 64.2629 -22.347 2
    endloop
  endfacet
  facet normal 0 0 -1
    outer loop
      vertex 62.8513 -22.5706 2
      vertex 62.7511 -21.7769 2
      vertex 64.113 -21.5612 2
    endloop
  endfacet
  facet normal 0 0 -1
    outer loop
      vertex 61.4285 -22.7051 2
      vertex 62.7511 -21.7769 2
      vertex 62.8513 -22.5706 2
    endloop
  endfacet
  facet normal 0 0 -1
    outer loop
      vertex 61.4285 -22.7051 2
      vertex 61.3783 -21.9067 2
      vertex 62.7511 -21.7769 2
    endloop
  endfacet
  facet normal 0 0 -1
    outer loop
      vertex 60 -22.75 2
      vertex 61.3783 -21.9067 2
      vertex 61.4285 -22.7051 2
    endloop
  endfacet
  facet normal 0 0 -1
    outer loop
      vertex 60 -22.75 2
      vertex 60 -21.95 2
      vertex 61.3783 -21.9067 2
    endloop
  endfacet
  facet normal 0 0 -1
    outer loop
      vertex 60 -22.75 2
      vertex 58.6217 -21.9067 2
      vertex 60 -21.95 2
    endloop
  endfacet
  facet normal 0 0 -1
    outer loop
      vertex 58.5715 -22.7051 2
      vertex 58.6217 -21.9067 2
      vertex 60 -22.75 2
    endloop
  endfacet
  facet normal 0 0 -1
    outer loop
      vertex 58.5715 -22.7051 2
      vertex 57.2489 -21.7769 2
      vertex 58.6217 -21.9067 2
    endloop
  endfacet
  facet normal 0 0 -1
    outer loop
      vertex 57.1487 -22.5706 2
      vertex 57.2489 -21.7769 2
      vertex 58.5715 -22.7051 2
    endloop
  endfacet
  facet normal 0 0 -1
    outer loop
      vertex 57.1487 -22.5706 2
      vertex 55.887 -21.5612 2
      vertex 57.2489 -21.7769 2
    endloop
  endfacet
  facet normal 0 0 -1
    outer loop
      vertex 55.7371 -22.347 2
      vertex 55.887 -21.5612 2
      vertex 57.1487 -22.5706 2
    endloop
  endfacet
  facet normal 0 0 -1
    outer loop
      vertex 55.7371 -22.347 2
      vertex 54.5413 -21.2604 2
      vertex 55.887 -21.5612 2
    endloop
  endfacet
  facet normal 0 0 -1
    outer loop
      vertex 54.3423 -22.0353 2
      vertex 54.5413 -21.2604 2
      vertex 55.7371 -22.347 2
    endloop
  endfacet
  facet normal 0 0 -1
    outer loop
      vertex 54.3423 -22.0353 2
      vertex 53.2171 -20.8757 2
      vertex 54.5413 -21.2604 2
    endloop
  endfacet
  facet normal 0 0 -1
    outer loop
      vertex 52.9699 -21.6365 2
      vertex 53.2171 -20.8757 2
      vertex 54.3423 -22.0353 2
    endloop
  endfacet
  facet normal 0 0 -1
    outer loop
      vertex 52.9699 -21.6365 2
      vertex 51.9197 -20.4086 2
      vertex 53.2171 -20.8757 2
    endloop
  endfacet
  facet normal 0 0 -1
    outer loop
      vertex 51.6252 -21.1524 2
      vertex 51.9197 -20.4086 2
      vertex 52.9699 -21.6365 2
    endloop
  endfacet
  facet normal 0 0 -1
    outer loop
      vertex 51.6252 -21.1524 2
      vertex 50.6541 -19.861 2
      vertex 51.9197 -20.4086 2
    endloop
  endfacet
  facet normal 0 0 -1
    outer loop
      vertex 50.3135 -20.5848 2
      vertex 50.6541 -19.861 2
      vertex 51.6252 -21.1524 2
    endloop
  endfacet
  facet normal 0 0 -1
    outer loop
      vertex 50.3135 -20.5848 2
      vertex 49.4255 -19.2349 2
      vertex 50.6541 -19.861 2
    endloop
  endfacet
  facet normal 0 0 -1
    outer loop
      vertex 49.0401 -19.936 2
      vertex 49.4255 -19.2349 2
      vertex 50.3135 -20.5848 2
    endloop
  endfacet
  facet normal 0 0 -1
    outer loop
      vertex 49.0401 -19.936 2
      vertex 48.2386 -18.533 2
      vertex 49.4255 -19.2349 2
    endloop
  endfacet
  facet normal 0 0 -1
    outer loop
      vertex 47.8099 -19.2085 2
      vertex 48.2386 -18.533 2
      vertex 49.0401 -19.936 2
    endloop
  endfacet
  facet normal 0 0 -1
    outer loop
      vertex 47.8099 -19.2085 2
      vertex 47.0981 -17.7579 2
      vertex 48.2386 -18.533 2
    endloop
  endfacet
  facet normal 0 0 -1
    outer loop
      vertex 46.6279 -18.4051 2
      vertex 47.0981 -17.7579 2
      vertex 47.8099 -19.2085 2
    endloop
  endfacet
  facet normal 0 0 -1
    outer loop
      vertex 46.6279 -18.4051 2
      vertex 46.0085 -16.9128 2
      vertex 47.0981 -17.7579 2
    endloop
  endfacet
  facet normal 0 0 -1
    outer loop
      vertex 45.4986 -17.5292 2
      vertex 46.0085 -16.9128 2
      vertex 46.6279 -18.4051 2
    endloop
  endfacet
  facet normal 0 0 -1
    outer loop
      vertex 45.4986 -17.5292 2
      vertex 44.9742 -16.0009 2
      vertex 46.0085 -16.9128 2
    endloop
  endfacet
  facet normal 0 0 -1
    outer loop
      vertex 44.4266 -16.584 2
      vertex 44.9742 -16.0009 2
      vertex 45.4986 -17.5292 2
    endloop
  endfacet
  facet normal 0 0 -1
    outer loop
      vertex 44.4266 -16.584 2
      vertex 43.9991 -15.0258 2
      vertex 44.9742 -16.0009 2
    endloop
  endfacet
  facet normal 0 0 -1
    outer loop
      vertex 43.416 -15.5734 2
      vertex 43.9991 -15.0258 2
      vertex 44.4266 -16.584 2
    endloop
  endfacet
  facet normal 0 0 -1
    outer loop
      vertex 43.416 -15.5734 2
      vertex 43.0872 -13.9915 2
      vertex 43.9991 -15.0258 2
    endloop
  endfacet
  facet normal 0 0 -1
    outer loop
      vertex 42.4708 -14.5014 2
      vertex 43.0872 -13.9915 2
      vertex 43.416 -15.5734 2
    endloop
  endfacet
  facet normal 0 0 -1
    outer loop
      vertex 42.4708 -14.5014 2
      vertex 42.2421 -12.9019 2
      vertex 43.0872 -13.9915 2
    endloop
  endfacet
  facet normal 0 0 -1
    outer loop
      vertex 41.5949 -13.3721 2
      vertex 42.2421 -12.9019 2
      vertex 42.4708 -14.5014 2
    endloop
  endfacet
  facet normal 0 0 -1
    outer loop
      vertex 41.5949 -13.3721 2
      vertex 41.467 -11.7614 2
      vertex 42.2421 -12.9019 2
    endloop
  endfacet
  facet normal 0 0 -1
    outer loop
      vertex 40.7915 -12.1901 2
      vertex 41.467 -11.7614 2
      vertex 41.5949 -13.3721 2
    endloop
  endfacet
  facet normal 0 0 -1
    outer loop
      vertex 40.7915 -12.1901 2
      vertex 40.7651 -10.5745 2
      vertex 41.467 -11.7614 2
    endloop
  endfacet
  facet normal 0 0 -1
    outer loop
      vertex 40.064 -10.9599 2
      vertex 40.7651 -10.5745 2
      vertex 40.7915 -12.1901 2
    endloop
  endfacet
  facet normal -0 0 -1
    outer loop
      vertex 40.7651 -10.5745 2
      vertex 40.064 -10.9599 2
      vertex 40.139 -9.34585 2
    endloop
  endfacet
  facet normal 0 0 -1
    outer loop
      vertex 39.4152 -9.68648 2
      vertex 40.139 -9.34585 2
      vertex 40.064 -10.9599 2
    endloop
  endfacet
  facet normal -0 0 -1
    outer loop
      vertex 40.139 -9.34585 2
      vertex 39.4152 -9.68648 2
      vertex 39.5914 -8.08033 2
    endloop
  endfacet
  facet normal 0 0 -1
    outer loop
      vertex 38.8476 -8.37483 2
      vertex 39.5914 -8.08033 2
      vertex 39.4152 -9.68648 2
    endloop
  endfacet
  facet normal -0 0 -1
    outer loop
      vertex 39.5914 -8.08033 2
      vertex 38.8476 -8.37483 2
      vertex 39.1243 -6.78292 2
    endloop
  endfacet
  facet normal 0 0 -1
    outer loop
      vertex 38.3635 -7.03014 2
      vertex 39.1243 -6.78292 2
      vertex 38.8476 -8.37483 2
    endloop
  endfacet
  facet normal -0 0 -1
    outer loop
      vertex 39.1243 -6.78292 2
      vertex 38.3635 -7.03014 2
      vertex 38.7396 -5.45874 2
    endloop
  endfacet
  facet normal 0 0 -1
    outer loop
      vertex 37.9647 -5.65769 2
      vertex 38.7396 -5.45874 2
      vertex 38.3635 -7.03014 2
    endloop
  endfacet
  facet normal -0 0 -1
    outer loop
      vertex 38.7396 -5.45874 2
      vertex 37.9647 -5.65769 2
      vertex 38.4388 -4.11302 2
    endloop
  endfacet
  facet normal 0 0 -1
    outer loop
      vertex 37.653 -4.26292 2
      vertex 38.4388 -4.11302 2
      vertex 37.9647 -5.65769 2
    endloop
  endfacet
  facet normal 0 0 -1
    outer loop
      vertex 37.4294 -2.85133 2
      vertex 38.2231 -2.75106 2
      vertex 37.653 -4.26292 2
    endloop
  endfacet
  facet normal -0 0 -1
    outer loop
      vertex 38.4388 -4.11302 2
      vertex 37.653 -4.26292 2
      vertex 38.2231 -2.75106 2
    endloop
  endfacet
  facet normal -0 0 -1
    outer loop
      vertex 82.5706 2.85133 2
      vertex 81.7769 2.75106 2
      vertex 82.347 4.26292 2
    endloop
  endfacet
  facet normal 0 0 -1
    outer loop
      vertex 81.5612 4.11302 2
      vertex 82.347 4.26292 2
      vertex 81.7769 2.75106 2
    endloop
  endfacet
  facet normal -0 0 -1
    outer loop
      vertex 82.347 4.26292 2
      vertex 81.5612 4.11302 2
      vertex 82.0353 5.65769 2
    endloop
  endfacet
  facet normal 0 0 -1
    outer loop
      vertex 81.2604 5.45874 2
      vertex 82.0353 5.65769 2
      vertex 81.5612 4.11302 2
    endloop
  endfacet
  facet normal -0 0 -1
    outer loop
      vertex 82.0353 5.65769 2
      vertex 81.2604 5.45874 2
      vertex 81.6365 7.03014 2
    endloop
  endfacet
  facet normal 0 0 -1
    outer loop
      vertex 80.8757 6.78292 2
      vertex 81.6365 7.03014 2
      vertex 81.2604 5.45874 2
    endloop
  endfacet
  facet normal -0 0 -1
    outer loop
      vertex 81.6365 7.03014 2
      vertex 80.8757 6.78292 2
      vertex 81.1524 8.37483 2
    endloop
  endfacet
  facet normal 0 0 -1
    outer loop
      vertex 80.4086 8.08033 2
      vertex 81.1524 8.37483 2
      vertex 80.8757 6.78292 2
    endloop
  endfacet
  facet normal -0 0 -1
    outer loop
      vertex 81.1524 8.37483 2
      vertex 80.4086 8.08033 2
      vertex 80.5848 9.68648 2
    endloop
  endfacet
  facet normal 0 0 -1
    outer loop
      vertex 79.861 9.34585 2
      vertex 80.5848 9.68648 2
      vertex 80.4086 8.08033 2
    endloop
  endfacet
  facet normal -0 0 -1
    outer loop
      vertex 80.5848 9.68648 2
      vertex 79.861 9.34585 2
      vertex 79.936 10.9599 2
    endloop
  endfacet
  facet normal 0 0 -1
    outer loop
      vertex 79.2349 10.5745 2
      vertex 79.936 10.9599 2
      vertex 79.861 9.34585 2
    endloop
  endfacet
  facet normal 0 0 -1
    outer loop
      vertex 79.2349 10.5745 2
      vertex 79.2085 12.1901 2
      vertex 79.936 10.9599 2
    endloop
  endfacet
  facet normal 0 0 -1
    outer loop
      vertex 78.533 11.7614 2
      vertex 79.2085 12.1901 2
      vertex 79.2349 10.5745 2
    endloop
  endfacet
  facet normal 0 0 -1
    outer loop
      vertex 78.533 11.7614 2
      vertex 78.4051 13.3721 2
      vertex 79.2085 12.1901 2
    endloop
  endfacet
  facet normal 0 0 -1
    outer loop
      vertex 77.7579 12.9019 2
      vertex 78.4051 13.3721 2
      vertex 78.533 11.7614 2
    endloop
  endfacet
  facet normal 0 0 -1
    outer loop
      vertex 77.7579 12.9019 2
      vertex 77.5292 14.5014 2
      vertex 78.4051 13.3721 2
    endloop
  endfacet
  facet normal 0 0 -1
    outer loop
      vertex 76.9128 13.9915 2
      vertex 77.5292 14.5014 2
      vertex 77.7579 12.9019 2
    endloop
  endfacet
  facet normal 0 0 -1
    outer loop
      vertex 76.9128 13.9915 2
      vertex 76.584 15.5734 2
      vertex 77.5292 14.5014 2
    endloop
  endfacet
  facet normal 0 0 -1
    outer loop
      vertex 76.0009 15.0258 2
      vertex 76.584 15.5734 2
      vertex 76.9128 13.9915 2
    endloop
  endfacet
  facet normal 0 0 -1
    outer loop
      vertex 76.0009 15.0258 2
      vertex 75.5734 16.584 2
      vertex 76.584 15.5734 2
    endloop
  endfacet
  facet normal 0 0 -1
    outer loop
      vertex 75.0258 16.0009 2
      vertex 75.5734 16.584 2
      vertex 76.0009 15.0258 2
    endloop
  endfacet
  facet normal 0 0 -1
    outer loop
      vertex 75.0258 16.0009 2
      vertex 74.5014 17.5292 2
      vertex 75.5734 16.584 2
    endloop
  endfacet
  facet normal 0 0 -1
    outer loop
      vertex 73.9915 16.9128 2
      vertex 74.5014 17.5292 2
      vertex 75.0258 16.0009 2
    endloop
  endfacet
  facet normal 0 0 -1
    outer loop
      vertex 73.9915 16.9128 2
      vertex 73.3721 18.4051 2
      vertex 74.5014 17.5292 2
    endloop
  endfacet
  facet normal 0 0 -1
    outer loop
      vertex 72.9019 17.7579 2
      vertex 73.3721 18.4051 2
      vertex 73.9915 16.9128 2
    endloop
  endfacet
  facet normal 0 0 -1
    outer loop
      vertex 72.9019 17.7579 2
      vertex 72.1901 19.2085 2
      vertex 73.3721 18.4051 2
    endloop
  endfacet
  facet normal 0 0 -1
    outer loop
      vertex 71.7614 18.533 2
      vertex 72.1901 19.2085 2
      vertex 72.9019 17.7579 2
    endloop
  endfacet
  facet normal 0 0 -1
    outer loop
      vertex 71.7614 18.533 2
      vertex 70.9599 19.936 2
      vertex 72.1901 19.2085 2
    endloop
  endfacet
  facet normal 0 0 -1
    outer loop
      vertex 70.5745 19.2349 2
      vertex 70.9599 19.936 2
      vertex 71.7614 18.533 2
    endloop
  endfacet
  facet normal 0 0 -1
    outer loop
      vertex 70.5745 19.2349 2
      vertex 69.6865 20.5848 2
      vertex 70.9599 19.936 2
    endloop
  endfacet
  facet normal 0 0 -1
    outer loop
      vertex 69.3459 19.861 2
      vertex 69.6865 20.5848 2
      vertex 70.5745 19.2349 2
    endloop
  endfacet
  facet normal 0 0 -1
    outer loop
      vertex 69.3459 19.861 2
      vertex 68.3748 21.1524 2
      vertex 69.6865 20.5848 2
    endloop
  endfacet
  facet normal 0 0 -1
    outer loop
      vertex 68.0803 20.4086 2
      vertex 68.3748 21.1524 2
      vertex 69.3459 19.861 2
    endloop
  endfacet
  facet normal 0 0 -1
    outer loop
      vertex 68.0803 20.4086 2
      vertex 67.0301 21.6365 2
      vertex 68.3748 21.1524 2
    endloop
  endfacet
  facet normal 0 0 -1
    outer loop
      vertex 66.7829 20.8757 2
      vertex 67.0301 21.6365 2
      vertex 68.0803 20.4086 2
    endloop
  endfacet
  facet normal 0 0 -1
    outer loop
      vertex 66.7829 20.8757 2
      vertex 65.6577 22.0353 2
      vertex 67.0301 21.6365 2
    endloop
  endfacet
  facet normal 0 0 -1
    outer loop
      vertex 65.4587 21.2604 2
      vertex 65.6577 22.0353 2
      vertex 66.7829 20.8757 2
    endloop
  endfacet
  facet normal 0 0 -1
    outer loop
      vertex 65.4587 21.2604 2
      vertex 64.2629 22.347 2
      vertex 65.6577 22.0353 2
    endloop
  endfacet
  facet normal 0 0 -1
    outer loop
      vertex 64.113 21.5612 2
      vertex 64.2629 22.347 2
      vertex 65.4587 21.2604 2
    endloop
  endfacet
  facet normal 0 0 -1
    outer loop
      vertex 64.113 21.5612 2
      vertex 62.8513 22.5706 2
      vertex 64.2629 22.347 2
    endloop
  endfacet
  facet normal 0 0 -1
    outer loop
      vertex 62.7511 21.7769 2
      vertex 62.8513 22.5706 2
      vertex 64.113 21.5612 2
    endloop
  endfacet
  facet normal 0 0 -1
    outer loop
      vertex 62.7511 21.7769 2
      vertex 61.4285 22.7051 2
      vertex 62.8513 22.5706 2
    endloop
  endfacet
  facet normal 0 0 -1
    outer loop
      vertex 61.3783 21.9067 2
      vertex 61.4285 22.7051 2
      vertex 62.7511 21.7769 2
    endloop
  endfacet
  facet normal 0 0 -1
    outer loop
      vertex 60 21.95 2
      vertex 61.4285 22.7051 2
      vertex 61.3783 21.9067 2
    endloop
  endfacet
  facet normal 0 0 -1
    outer loop
      vertex 60 21.95 2
      vertex 60 22.75 2
      vertex 61.4285 22.7051 2
    endloop
  endfacet
  facet normal 0 0 -1
    outer loop
      vertex 58.6217 21.9067 2
      vertex 60 22.75 2
      vertex 60 21.95 2
    endloop
  endfacet
  facet normal 0 0 -1
    outer loop
      vertex 58.6217 21.9067 2
      vertex 58.5715 22.7051 2
      vertex 60 22.75 2
    endloop
  endfacet
  facet normal 0 0 -1
    outer loop
      vertex 57.2489 21.7769 2
      vertex 58.5715 22.7051 2
      vertex 58.6217 21.9067 2
    endloop
  endfacet
  facet normal 0 0 -1
    outer loop
      vertex 57.2489 21.7769 2
      vertex 57.1487 22.5706 2
      vertex 58.5715 22.7051 2
    endloop
  endfacet
  facet normal 0 0 -1
    outer loop
      vertex 55.887 21.5612 2
      vertex 57.1487 22.5706 2
      vertex 57.2489 21.7769 2
    endloop
  endfacet
  facet normal 0 0 -1
    outer loop
      vertex 55.887 21.5612 2
      vertex 55.7371 22.347 2
      vertex 57.1487 22.5706 2
    endloop
  endfacet
  facet normal 0 0 -1
    outer loop
      vertex 54.5413 21.2604 2
      vertex 55.7371 22.347 2
      vertex 55.887 21.5612 2
    endloop
  endfacet
  facet normal 0 0 -1
    outer loop
      vertex 54.5413 21.2604 2
      vertex 54.3423 22.0353 2
      vertex 55.7371 22.347 2
    endloop
  endfacet
  facet normal 0 0 -1
    outer loop
      vertex 53.2171 20.8757 2
      vertex 54.3423 22.0353 2
      vertex 54.5413 21.2604 2
    endloop
  endfacet
  facet normal 0 0 -1
    outer loop
      vertex 53.2171 20.8757 2
      vertex 52.9699 21.6365 2
      vertex 54.3423 22.0353 2
    endloop
  endfacet
  facet normal 0 0 -1
    outer loop
      vertex 51.9197 20.4086 2
      vertex 52.9699 21.6365 2
      vertex 53.2171 20.8757 2
    endloop
  endfacet
  facet normal 0 0 -1
    outer loop
      vertex 51.9197 20.4086 2
      vertex 51.6252 21.1524 2
      vertex 52.9699 21.6365 2
    endloop
  endfacet
  facet normal 0 0 -1
    outer loop
      vertex 50.6541 19.861 2
      vertex 51.6252 21.1524 2
      vertex 51.9197 20.4086 2
    endloop
  endfacet
  facet normal 0 0 -1
    outer loop
      vertex 50.6541 19.861 2
      vertex 50.3135 20.5848 2
      vertex 51.6252 21.1524 2
    endloop
  endfacet
  facet normal 0 0 -1
    outer loop
      vertex 49.4255 19.2349 2
      vertex 50.3135 20.5848 2
      vertex 50.6541 19.861 2
    endloop
  endfacet
  facet normal 0 0 -1
    outer loop
      vertex 49.4255 19.2349 2
      vertex 49.0401 19.936 2
      vertex 50.3135 20.5848 2
    endloop
  endfacet
  facet normal 0 0 -1
    outer loop
      vertex 48.2386 18.533 2
      vertex 49.0401 19.936 2
      vertex 49.4255 19.2349 2
    endloop
  endfacet
  facet normal 0 0 -1
    outer loop
      vertex 48.2386 18.533 2
      vertex 47.8099 19.2085 2
      vertex 49.0401 19.936 2
    endloop
  endfacet
  facet normal 0 0 -1
    outer loop
      vertex 47.0981 17.7579 2
      vertex 47.8099 19.2085 2
      vertex 48.2386 18.533 2
    endloop
  endfacet
  facet normal 0 0 -1
    outer loop
      vertex 47.0981 17.7579 2
      vertex 46.6279 18.4051 2
      vertex 47.8099 19.2085 2
    endloop
  endfacet
  facet normal 0 0 -1
    outer loop
      vertex 46.0085 16.9128 2
      vertex 46.6279 18.4051 2
      vertex 47.0981 17.7579 2
    endloop
  endfacet
  facet normal 0 0 -1
    outer loop
      vertex 46.0085 16.9128 2
      vertex 45.4986 17.5292 2
      vertex 46.6279 18.4051 2
    endloop
  endfacet
  facet normal 0 0 -1
    outer loop
      vertex 44.9742 16.0009 2
      vertex 45.4986 17.5292 2
      vertex 46.0085 16.9128 2
    endloop
  endfacet
  facet normal 0 0 -1
    outer loop
      vertex 44.9742 16.0009 2
      vertex 44.4266 16.584 2
      vertex 45.4986 17.5292 2
    endloop
  endfacet
  facet normal 0 0 -1
    outer loop
      vertex 43.9991 15.0258 2
      vertex 44.4266 16.584 2
      vertex 44.9742 16.0009 2
    endloop
  endfacet
  facet normal 0 0 -1
    outer loop
      vertex 43.9991 15.0258 2
      vertex 43.416 15.5734 2
      vertex 44.4266 16.584 2
    endloop
  endfacet
  facet normal 0 0 -1
    outer loop
      vertex 43.0872 13.9915 2
      vertex 43.416 15.5734 2
      vertex 43.9991 15.0258 2
    endloop
  endfacet
  facet normal 0 0 -1
    outer loop
      vertex 43.0872 13.9915 2
      vertex 42.4708 14.5014 2
      vertex 43.416 15.5734 2
    endloop
  endfacet
  facet normal 0 0 -1
    outer loop
      vertex 42.2421 12.9019 2
      vertex 42.4708 14.5014 2
      vertex 43.0872 13.9915 2
    endloop
  endfacet
  facet normal 0 0 -1
    outer loop
      vertex 42.2421 12.9019 2
      vertex 41.5949 13.3721 2
      vertex 42.4708 14.5014 2
    endloop
  endfacet
  facet normal 0 0 -1
    outer loop
      vertex 41.467 11.7614 2
      vertex 41.5949 13.3721 2
      vertex 42.2421 12.9019 2
    endloop
  endfacet
  facet normal 0 0 -1
    outer loop
      vertex 41.467 11.7614 2
      vertex 40.7915 12.1901 2
      vertex 41.5949 13.3721 2
    endloop
  endfacet
  facet normal 0 0 -1
    outer loop
      vertex 40.7651 10.5745 2
      vertex 40.7915 12.1901 2
      vertex 41.467 11.7614 2
    endloop
  endfacet
  facet normal 0 0 -1
    outer loop
      vertex 40.064 10.9599 2
      vertex 40.7651 10.5745 2
      vertex 40.139 9.34585 2
    endloop
  endfacet
  facet normal 0 0 -1
    outer loop
      vertex 40.7651 10.5745 2
      vertex 40.064 10.9599 2
      vertex 40.7915 12.1901 2
    endloop
  endfacet
  facet normal 0 0 -1
    outer loop
      vertex 39.4152 9.68648 2
      vertex 40.139 9.34585 2
      vertex 39.5914 8.08033 2
    endloop
  endfacet
  facet normal 0 0 -1
    outer loop
      vertex 40.139 9.34585 2
      vertex 39.4152 9.68648 2
      vertex 40.064 10.9599 2
    endloop
  endfacet
  facet normal 0 0 -1
    outer loop
      vertex 38.8476 8.37483 2
      vertex 39.5914 8.08033 2
      vertex 39.1243 6.78292 2
    endloop
  endfacet
  facet normal 0 0 -1
    outer loop
      vertex 39.5914 8.08033 2
      vertex 38.8476 8.37483 2
      vertex 39.4152 9.68648 2
    endloop
  endfacet
  facet normal 0 0 -1
    outer loop
      vertex 38.3635 7.03014 2
      vertex 39.1243 6.78292 2
      vertex 38.7396 5.45874 2
    endloop
  endfacet
  facet normal 0 0 -1
    outer loop
      vertex 37.9647 5.65769 2
      vertex 38.7396 5.45874 2
      vertex 38.4388 4.11302 2
    endloop
  endfacet
  facet normal 0 0 -1
    outer loop
      vertex 39.1243 6.78292 2
      vertex 38.3635 7.03014 2
      vertex 38.8476 8.37483 2
    endloop
  endfacet
  facet normal 0 0 -1
    outer loop
      vertex 37.653 4.26292 2
      vertex 38.4388 4.11302 2
      vertex 38.2231 2.75106 2
    endloop
  endfacet
  facet normal 0 0 -1
    outer loop
      vertex 37.4294 2.85133 2
      vertex 38.2231 2.75106 2
      vertex 38.0933 1.37825 2
    endloop
  endfacet
  facet normal 0 0 -1
    outer loop
      vertex 38.7396 5.45874 2
      vertex 37.9647 5.65769 2
      vertex 38.3635 7.03014 2
    endloop
  endfacet
  facet normal 0 0 -1
    outer loop
      vertex 37.2949 1.42848 2
      vertex 38.0933 1.37825 2
      vertex 38.05 0 2
    endloop
  endfacet
  facet normal -0 0 -1
    outer loop
      vertex 38.2231 -2.75106 2
      vertex 37.4294 -2.85133 2
      vertex 38.0933 -1.37825 2
    endloop
  endfacet
  facet normal 0 0 -1
    outer loop
      vertex 37.2949 -1.42848 2
      vertex 38.0933 -1.37825 2
      vertex 37.4294 -2.85133 2
    endloop
  endfacet
  facet normal 0 0 -1
    outer loop
      vertex 38.4388 4.11302 2
      vertex 37.653 4.26292 2
      vertex 37.9647 5.65769 2
    endloop
  endfacet
  facet normal -0 0 -1
    outer loop
      vertex 38.0933 -1.37825 2
      vertex 37.2949 -1.42848 2
      vertex 38.05 0 2
    endloop
  endfacet
  facet normal 0 0 -1
    outer loop
      vertex 38.2231 2.75106 2
      vertex 37.4294 2.85133 2
      vertex 37.653 4.26292 2
    endloop
  endfacet
  facet normal 0 0 -1
    outer loop
      vertex 37.25 0 2
      vertex 38.05 0 2
      vertex 37.2949 -1.42848 2
    endloop
  endfacet
  facet normal 0 0 -1
    outer loop
      vertex 38.0933 1.37825 2
      vertex 37.2949 1.42848 2
      vertex 37.4294 2.85133 2
    endloop
  endfacet
  facet normal 0 0 -1
    outer loop
      vertex 38.05 0 2
      vertex 37.25 0 2
      vertex 37.2949 1.42848 2
    endloop
  endfacet
  facet normal -0.338766 -0.940871 0
    outer loop
      vertex 67.1537 22.017 0.1
      vertex 68.5221 21.5243 1.5
      vertex 67.1537 22.017 1.5
    endloop
  endfacet
  facet normal -0.338766 -0.940871 -0
    outer loop
      vertex 68.5221 21.5243 1.5
      vertex 67.1537 22.017 0.1
      vertex 68.5221 21.5243 0.1
    endloop
  endfacet
  facet normal 0.860746 -0.509035 0
    outer loop
      vertex 39.7135 11.1526 1.5
      vertex 40.4538 12.4044 0.1
      vertex 40.4538 12.4044 1.5
    endloop
  endfacet
  facet normal 0.860746 -0.509035 0
    outer loop
      vertex 40.4538 12.4044 0.1
      vertex 39.7135 11.1526 1.5
      vertex 39.7135 11.1526 0.1
    endloop
  endfacet
  facet normal 0.0940628 -0.995566 0
    outer loop
      vertex 57.0985 22.9675 0.1
      vertex 58.5464 23.1043 1.5
      vertex 57.0985 22.9675 1.5
    endloop
  endfacet
  facet normal 0.0940628 -0.995566 0
    outer loop
      vertex 58.5464 23.1043 1.5
      vertex 57.0985 22.9675 0.1
      vertex 58.5464 23.1043 0.1
    endloop
  endfacet
  facet normal 0.827056 0.56212 0
    outer loop
      vertex 41.2713 -13.6072 1.5
      vertex 40.4538 -12.4044 0.1
      vertex 40.4538 -12.4044 1.5
    endloop
  endfacet
  facet normal 0.827056 0.56212 0
    outer loop
      vertex 40.4538 -12.4044 0.1
      vertex 41.2713 -13.6072 1.5
      vertex 41.2713 -13.6072 0.1
    endloop
  endfacet
  facet normal 0 0 1
    outer loop
      vertex 81.95 0 0.1
      vertex 83.15 0 0.1
      vertex 83.1043 1.4536 0.1
    endloop
  endfacet
  facet normal 0 0 1
    outer loop
      vertex 81.9067 1.37825 0.1
      vertex 83.1043 1.4536 0.1
      vertex 82.9675 2.90146 0.1
    endloop
  endfacet
  facet normal 0 0 1
    outer loop
      vertex 83.15 0 0.1
      vertex 81.95 0 0.1
      vertex 83.1043 -1.4536 0.1
    endloop
  endfacet
  facet normal 0 0 1
    outer loop
      vertex 81.7769 2.75106 0.1
      vertex 82.9675 2.90146 0.1
      vertex 82.74 4.33788 0.1
    endloop
  endfacet
  facet normal -0 0 1
    outer loop
      vertex 81.9067 -1.37825 0.1
      vertex 83.1043 -1.4536 0.1
      vertex 81.95 0 0.1
    endloop
  endfacet
  facet normal 0 0 1
    outer loop
      vertex 81.5612 4.11302 0.1
      vertex 82.74 4.33788 0.1
      vertex 82.4227 5.75717 0.1
    endloop
  endfacet
  facet normal 0 0 1
    outer loop
      vertex 83.1043 -1.4536 0.1
      vertex 81.9067 -1.37825 0.1
      vertex 82.9675 -2.90146 0.1
    endloop
  endfacet
  facet normal 0 0 1
    outer loop
      vertex 81.2604 5.45874 0.1
      vertex 82.4227 5.75717 0.1
      vertex 82.017 7.15374 0.1
    endloop
  endfacet
  facet normal -0 0 1
    outer loop
      vertex 81.7769 -2.75106 0.1
      vertex 82.9675 -2.90146 0.1
      vertex 81.9067 -1.37825 0.1
    endloop
  endfacet
  facet normal 0 0 1
    outer loop
      vertex 82.9675 -2.90146 0.1
      vertex 81.7769 -2.75106 0.1
      vertex 82.74 -4.33788 0.1
    endloop
  endfacet
  facet normal 0 0 1
    outer loop
      vertex 83.1043 1.4536 0.1
      vertex 81.9067 1.37825 0.1
      vertex 81.95 0 0.1
    endloop
  endfacet
  facet normal 0 0 1
    outer loop
      vertex 82.9675 2.90146 0.1
      vertex 81.7769 2.75106 0.1
      vertex 81.9067 1.37825 0.1
    endloop
  endfacet
  facet normal 0 0 1
    outer loop
      vertex 82.74 4.33788 0.1
      vertex 81.5612 4.11302 0.1
      vertex 81.7769 2.75106 0.1
    endloop
  endfacet
  facet normal 0 0 1
    outer loop
      vertex 80.8757 6.78292 0.1
      vertex 82.017 7.15374 0.1
      vertex 81.5243 8.52208 0.1
    endloop
  endfacet
  facet normal 0 0 1
    outer loop
      vertex 82.4227 5.75717 0.1
      vertex 81.2604 5.45874 0.1
      vertex 81.5612 4.11302 0.1
    endloop
  endfacet
  facet normal 0 0 1
    outer loop
      vertex 80.4086 8.08033 0.1
      vertex 81.5243 8.52208 0.1
      vertex 80.9467 9.85679 0.1
    endloop
  endfacet
  facet normal 0 0 1
    outer loop
      vertex 82.017 7.15374 0.1
      vertex 80.8757 6.78292 0.1
      vertex 81.2604 5.45874 0.1
    endloop
  endfacet
  facet normal 0 0 1
    outer loop
      vertex 81.5243 8.52208 0.1
      vertex 80.4086 8.08033 0.1
      vertex 80.8757 6.78292 0.1
    endloop
  endfacet
  facet normal 0 0 1
    outer loop
      vertex 79.861 9.34585 0.1
      vertex 80.9467 9.85679 0.1
      vertex 80.2865 11.1526 0.1
    endloop
  endfacet
  facet normal 0 0 1
    outer loop
      vertex 80.9467 9.85679 0.1
      vertex 79.861 9.34585 0.1
      vertex 80.4086 8.08033 0.1
    endloop
  endfacet
  facet normal 0 0 1
    outer loop
      vertex 79.2349 10.5745 0.1
      vertex 80.2865 11.1526 0.1
      vertex 79.5462 12.4044 0.1
    endloop
  endfacet
  facet normal 0 0 1
    outer loop
      vertex 80.2865 11.1526 0.1
      vertex 79.2349 10.5745 0.1
      vertex 79.861 9.34585 0.1
    endloop
  endfacet
  facet normal 0 0 1
    outer loop
      vertex 78.533 11.7614 0.1
      vertex 79.5462 12.4044 0.1
      vertex 78.7287 13.6072 0.1
    endloop
  endfacet
  facet normal 0 0 1
    outer loop
      vertex 79.5462 12.4044 0.1
      vertex 78.533 11.7614 0.1
      vertex 79.2349 10.5745 0.1
    endloop
  endfacet
  facet normal 0 0 1
    outer loop
      vertex 77.7579 12.9019 0.1
      vertex 78.7287 13.6072 0.1
      vertex 77.8374 14.7564 0.1
    endloop
  endfacet
  facet normal 0 0 1
    outer loop
      vertex 78.7287 13.6072 0.1
      vertex 77.7579 12.9019 0.1
      vertex 78.533 11.7614 0.1
    endloop
  endfacet
  facet normal 0 0 1
    outer loop
      vertex 77.8374 14.7564 0.1
      vertex 76.9128 13.9915 0.1
      vertex 77.7579 12.9019 0.1
    endloop
  endfacet
  facet normal 0 0 1
    outer loop
      vertex 76.8756 15.8473 0.1
      vertex 76.9128 13.9915 0.1
      vertex 77.8374 14.7564 0.1
    endloop
  endfacet
  facet normal 0 0 1
    outer loop
      vertex 76.8756 15.8473 0.1
      vertex 76.0009 15.0258 0.1
      vertex 76.9128 13.9915 0.1
    endloop
  endfacet
  facet normal 0 0 1
    outer loop
      vertex 75.8473 16.8756 0.1
      vertex 76.0009 15.0258 0.1
      vertex 76.8756 15.8473 0.1
    endloop
  endfacet
  facet normal 0 0 1
    outer loop
      vertex 75.8473 16.8756 0.1
      vertex 75.0258 16.0009 0.1
      vertex 76.0009 15.0258 0.1
    endloop
  endfacet
  facet normal 0 0 1
    outer loop
      vertex 74.7564 17.8374 0.1
      vertex 75.0258 16.0009 0.1
      vertex 75.8473 16.8756 0.1
    endloop
  endfacet
  facet normal 0 0 1
    outer loop
      vertex 74.7564 17.8374 0.1
      vertex 73.9915 16.9128 0.1
      vertex 75.0258 16.0009 0.1
    endloop
  endfacet
  facet normal 0 0 1
    outer loop
      vertex 73.6072 18.7287 0.1
      vertex 73.9915 16.9128 0.1
      vertex 74.7564 17.8374 0.1
    endloop
  endfacet
  facet normal 0 0 1
    outer loop
      vertex 73.6072 18.7287 0.1
      vertex 72.9019 17.7579 0.1
      vertex 73.9915 16.9128 0.1
    endloop
  endfacet
  facet normal 0 0 1
    outer loop
      vertex 72.4044 19.5462 0.1
      vertex 72.9019 17.7579 0.1
      vertex 73.6072 18.7287 0.1
    endloop
  endfacet
  facet normal 0 0 1
    outer loop
      vertex 72.4044 19.5462 0.1
      vertex 71.7614 18.533 0.1
      vertex 72.9019 17.7579 0.1
    endloop
  endfacet
  facet normal 0 0 1
    outer loop
      vertex 71.1526 20.2865 0.1
      vertex 71.7614 18.533 0.1
      vertex 72.4044 19.5462 0.1
    endloop
  endfacet
  facet normal 0 0 1
    outer loop
      vertex 71.1526 20.2865 0.1
      vertex 70.5745 19.2349 0.1
      vertex 71.7614 18.533 0.1
    endloop
  endfacet
  facet normal 0 0 1
    outer loop
      vertex 69.8568 20.9467 0.1
      vertex 70.5745 19.2349 0.1
      vertex 71.1526 20.2865 0.1
    endloop
  endfacet
  facet normal 0 0 1
    outer loop
      vertex 69.8568 20.9467 0.1
      vertex 69.3459 19.861 0.1
      vertex 70.5745 19.2349 0.1
    endloop
  endfacet
  facet normal 0 0 1
    outer loop
      vertex 68.5221 21.5243 0.1
      vertex 69.3459 19.861 0.1
      vertex 69.8568 20.9467 0.1
    endloop
  endfacet
  facet normal 0 0 1
    outer loop
      vertex 68.5221 21.5243 0.1
      vertex 68.0803 20.4086 0.1
      vertex 69.3459 19.861 0.1
    endloop
  endfacet
  facet normal 0 0 1
    outer loop
      vertex 67.1537 22.017 0.1
      vertex 68.0803 20.4086 0.1
      vertex 68.5221 21.5243 0.1
    endloop
  endfacet
  facet normal 0 0 1
    outer loop
      vertex 67.1537 22.017 0.1
      vertex 66.7829 20.8757 0.1
      vertex 68.0803 20.4086 0.1
    endloop
  endfacet
  facet normal 0 0 1
    outer loop
      vertex 65.7572 22.4227 0.1
      vertex 66.7829 20.8757 0.1
      vertex 67.1537 22.017 0.1
    endloop
  endfacet
  facet normal 0 0 1
    outer loop
      vertex 65.7572 22.4227 0.1
      vertex 65.4587 21.2604 0.1
      vertex 66.7829 20.8757 0.1
    endloop
  endfacet
  facet normal 0 0 1
    outer loop
      vertex 64.3379 22.7399 0.1
      vertex 65.4587 21.2604 0.1
      vertex 65.7572 22.4227 0.1
    endloop
  endfacet
  facet normal 0 0 1
    outer loop
      vertex 64.3379 22.7399 0.1
      vertex 64.113 21.5612 0.1
      vertex 65.4587 21.2604 0.1
    endloop
  endfacet
  facet normal 0 0 1
    outer loop
      vertex 62.9015 22.9675 0.1
      vertex 64.113 21.5612 0.1
      vertex 64.3379 22.7399 0.1
    endloop
  endfacet
  facet normal 0 0 1
    outer loop
      vertex 62.9015 22.9675 0.1
      vertex 62.7511 21.7769 0.1
      vertex 64.113 21.5612 0.1
    endloop
  endfacet
  facet normal 0 0 1
    outer loop
      vertex 61.4536 23.1043 0.1
      vertex 62.7511 21.7769 0.1
      vertex 62.9015 22.9675 0.1
    endloop
  endfacet
  facet normal 0 0 1
    outer loop
      vertex 61.4536 23.1043 0.1
      vertex 61.3783 21.9067 0.1
      vertex 62.7511 21.7769 0.1
    endloop
  endfacet
  facet normal 0 0 1
    outer loop
      vertex 60 23.15 0.1
      vertex 61.3783 21.9067 0.1
      vertex 61.4536 23.1043 0.1
    endloop
  endfacet
  facet normal 0 0 1
    outer loop
      vertex 60 23.15 0.1
      vertex 60 21.95 0.1
      vertex 61.3783 21.9067 0.1
    endloop
  endfacet
  facet normal 0 0 1
    outer loop
      vertex 60 23.15 0.1
      vertex 58.6217 21.9067 0.1
      vertex 60 21.95 0.1
    endloop
  endfacet
  facet normal -0 0 1
    outer loop
      vertex 58.5464 23.1043 0.1
      vertex 58.6217 21.9067 0.1
      vertex 60 23.15 0.1
    endloop
  endfacet
  facet normal 0 0 1
    outer loop
      vertex 58.5464 23.1043 0.1
      vertex 57.2489 21.7769 0.1
      vertex 58.6217 21.9067 0.1
    endloop
  endfacet
  facet normal -0 0 1
    outer loop
      vertex 57.0985 22.9675 0.1
      vertex 57.2489 21.7769 0.1
      vertex 58.5464 23.1043 0.1
    endloop
  endfacet
  facet normal 0 0 1
    outer loop
      vertex 57.0985 22.9675 0.1
      vertex 55.887 21.5612 0.1
      vertex 57.2489 21.7769 0.1
    endloop
  endfacet
  facet normal -0 0 1
    outer loop
      vertex 55.6621 22.7399 0.1
      vertex 55.887 21.5612 0.1
      vertex 57.0985 22.9675 0.1
    endloop
  endfacet
  facet normal 0 0 1
    outer loop
      vertex 55.6621 22.7399 0.1
      vertex 54.5413 21.2604 0.1
      vertex 55.887 21.5612 0.1
    endloop
  endfacet
  facet normal -0 0 1
    outer loop
      vertex 54.2428 22.4227 0.1
      vertex 54.5413 21.2604 0.1
      vertex 55.6621 22.7399 0.1
    endloop
  endfacet
  facet normal 0 0 1
    outer loop
      vertex 54.2428 22.4227 0.1
      vertex 53.2171 20.8757 0.1
      vertex 54.5413 21.2604 0.1
    endloop
  endfacet
  facet normal -0 0 1
    outer loop
      vertex 52.8463 22.017 0.1
      vertex 53.2171 20.8757 0.1
      vertex 54.2428 22.4227 0.1
    endloop
  endfacet
  facet normal 0 0 1
    outer loop
      vertex 52.8463 22.017 0.1
      vertex 51.9197 20.4086 0.1
      vertex 53.2171 20.8757 0.1
    endloop
  endfacet
  facet normal -0 0 1
    outer loop
      vertex 51.4779 21.5243 0.1
      vertex 51.9197 20.4086 0.1
      vertex 52.8463 22.017 0.1
    endloop
  endfacet
  facet normal 0 0 1
    outer loop
      vertex 51.4779 21.5243 0.1
      vertex 50.6541 19.861 0.1
      vertex 51.9197 20.4086 0.1
    endloop
  endfacet
  facet normal -0 0 1
    outer loop
      vertex 50.1432 20.9467 0.1
      vertex 50.6541 19.861 0.1
      vertex 51.4779 21.5243 0.1
    endloop
  endfacet
  facet normal 0 0 1
    outer loop
      vertex 50.1432 20.9467 0.1
      vertex 49.4255 19.2349 0.1
      vertex 50.6541 19.861 0.1
    endloop
  endfacet
  facet normal -0 0 1
    outer loop
      vertex 48.8474 20.2865 0.1
      vertex 49.4255 19.2349 0.1
      vertex 50.1432 20.9467 0.1
    endloop
  endfacet
  facet normal 0 0 1
    outer loop
      vertex 48.8474 20.2865 0.1
      vertex 48.2386 18.533 0.1
      vertex 49.4255 19.2349 0.1
    endloop
  endfacet
  facet normal -0 0 1
    outer loop
      vertex 47.5956 19.5462 0.1
      vertex 48.2386 18.533 0.1
      vertex 48.8474 20.2865 0.1
    endloop
  endfacet
  facet normal 0 0 1
    outer loop
      vertex 47.5956 19.5462 0.1
      vertex 47.0981 17.7579 0.1
      vertex 48.2386 18.533 0.1
    endloop
  endfacet
  facet normal -0 0 1
    outer loop
      vertex 46.3928 18.7287 0.1
      vertex 47.0981 17.7579 0.1
      vertex 47.5956 19.5462 0.1
    endloop
  endfacet
  facet normal 0 0 1
    outer loop
      vertex 46.3928 18.7287 0.1
      vertex 46.0085 16.9128 0.1
      vertex 47.0981 17.7579 0.1
    endloop
  endfacet
  facet normal -0 0 1
    outer loop
      vertex 45.2436 17.8374 0.1
      vertex 46.0085 16.9128 0.1
      vertex 46.3928 18.7287 0.1
    endloop
  endfacet
  facet normal 0 0 1
    outer loop
      vertex 45.2436 17.8374 0.1
      vertex 44.9742 16.0009 0.1
      vertex 46.0085 16.9128 0.1
    endloop
  endfacet
  facet normal -0 0 1
    outer loop
      vertex 44.1527 16.8756 0.1
      vertex 44.9742 16.0009 0.1
      vertex 45.2436 17.8374 0.1
    endloop
  endfacet
  facet normal 0 0 1
    outer loop
      vertex 44.1527 16.8756 0.1
      vertex 43.9991 15.0258 0.1
      vertex 44.9742 16.0009 0.1
    endloop
  endfacet
  facet normal -0 0 1
    outer loop
      vertex 43.1244 15.8473 0.1
      vertex 43.9991 15.0258 0.1
      vertex 44.1527 16.8756 0.1
    endloop
  endfacet
  facet normal 0 0 1
    outer loop
      vertex 43.1244 15.8473 0.1
      vertex 43.0872 13.9915 0.1
      vertex 43.9991 15.0258 0.1
    endloop
  endfacet
  facet normal -0 0 1
    outer loop
      vertex 42.1626 14.7564 0.1
      vertex 43.0872 13.9915 0.1
      vertex 43.1244 15.8473 0.1
    endloop
  endfacet
  facet normal 0 0 1
    outer loop
      vertex 43.0872 13.9915 0.1
      vertex 42.1626 14.7564 0.1
      vertex 42.2421 12.9019 0.1
    endloop
  endfacet
  facet normal -0 0 1
    outer loop
      vertex 41.2713 13.6072 0.1
      vertex 42.2421 12.9019 0.1
      vertex 42.1626 14.7564 0.1
    endloop
  endfacet
  facet normal 0 0 1
    outer loop
      vertex 42.2421 12.9019 0.1
      vertex 41.2713 13.6072 0.1
      vertex 41.467 11.7614 0.1
    endloop
  endfacet
  facet normal -0 0 1
    outer loop
      vertex 40.4538 12.4044 0.1
      vertex 41.467 11.7614 0.1
      vertex 41.2713 13.6072 0.1
    endloop
  endfacet
  facet normal 0 0 1
    outer loop
      vertex 41.467 11.7614 0.1
      vertex 40.4538 12.4044 0.1
      vertex 40.7651 10.5745 0.1
    endloop
  endfacet
  facet normal -0 0 1
    outer loop
      vertex 39.7135 11.1526 0.1
      vertex 40.7651 10.5745 0.1
      vertex 40.4538 12.4044 0.1
    endloop
  endfacet
  facet normal 0 0 1
    outer loop
      vertex 40.7651 10.5745 0.1
      vertex 39.7135 11.1526 0.1
      vertex 40.139 9.34585 0.1
    endloop
  endfacet
  facet normal -0 0 1
    outer loop
      vertex 39.0533 9.85679 0.1
      vertex 40.139 9.34585 0.1
      vertex 39.7135 11.1526 0.1
    endloop
  endfacet
  facet normal 0 0 1
    outer loop
      vertex 40.139 9.34585 0.1
      vertex 39.0533 9.85679 0.1
      vertex 39.5914 8.08033 0.1
    endloop
  endfacet
  facet normal -0 0 1
    outer loop
      vertex 38.4757 8.52208 0.1
      vertex 39.5914 8.08033 0.1
      vertex 39.0533 9.85679 0.1
    endloop
  endfacet
  facet normal 0 0 1
    outer loop
      vertex 39.5914 8.08033 0.1
      vertex 38.4757 8.52208 0.1
      vertex 39.1243 6.78292 0.1
    endloop
  endfacet
  facet normal -0 0 1
    outer loop
      vertex 37.983 7.15374 0.1
      vertex 39.1243 6.78292 0.1
      vertex 38.4757 8.52208 0.1
    endloop
  endfacet
  facet normal 0 0 1
    outer loop
      vertex 39.1243 6.78292 0.1
      vertex 37.983 7.15374 0.1
      vertex 38.7396 5.45874 0.1
    endloop
  endfacet
  facet normal -0 0 1
    outer loop
      vertex 37.5773 5.75717 0.1
      vertex 38.7396 5.45874 0.1
      vertex 37.983 7.15374 0.1
    endloop
  endfacet
  facet normal 0 0 1
    outer loop
      vertex 38.7396 5.45874 0.1
      vertex 37.5773 5.75717 0.1
      vertex 38.4388 4.11302 0.1
    endloop
  endfacet
  facet normal 0 0 1
    outer loop
      vertex 38.4388 4.11302 0.1
      vertex 37.2601 4.33788 0.1
      vertex 38.2231 2.75106 0.1
    endloop
  endfacet
  facet normal -0 0 1
    outer loop
      vertex 37.2601 4.33788 0.1
      vertex 38.4388 4.11302 0.1
      vertex 37.5773 5.75717 0.1
    endloop
  endfacet
  facet normal -0 0 1
    outer loop
      vertex 81.5612 -4.11302 0.1
      vertex 82.74 -4.33788 0.1
      vertex 81.7769 -2.75106 0.1
    endloop
  endfacet
  facet normal 0 0 1
    outer loop
      vertex 82.74 -4.33788 0.1
      vertex 81.5612 -4.11302 0.1
      vertex 82.4227 -5.75717 0.1
    endloop
  endfacet
  facet normal -0 0 1
    outer loop
      vertex 81.2604 -5.45874 0.1
      vertex 82.4227 -5.75717 0.1
      vertex 81.5612 -4.11302 0.1
    endloop
  endfacet
  facet normal 0 0 1
    outer loop
      vertex 82.4227 -5.75717 0.1
      vertex 81.2604 -5.45874 0.1
      vertex 82.017 -7.15374 0.1
    endloop
  endfacet
  facet normal -0 0 1
    outer loop
      vertex 80.8757 -6.78292 0.1
      vertex 82.017 -7.15374 0.1
      vertex 81.2604 -5.45874 0.1
    endloop
  endfacet
  facet normal 0 0 1
    outer loop
      vertex 82.017 -7.15374 0.1
      vertex 80.8757 -6.78292 0.1
      vertex 81.5243 -8.52208 0.1
    endloop
  endfacet
  facet normal -0 0 1
    outer loop
      vertex 80.4086 -8.08033 0.1
      vertex 81.5243 -8.52208 0.1
      vertex 80.8757 -6.78292 0.1
    endloop
  endfacet
  facet normal 0 0 1
    outer loop
      vertex 81.5243 -8.52208 0.1
      vertex 80.4086 -8.08033 0.1
      vertex 80.9467 -9.85679 0.1
    endloop
  endfacet
  facet normal -0 0 1
    outer loop
      vertex 79.861 -9.34585 0.1
      vertex 80.9467 -9.85679 0.1
      vertex 80.4086 -8.08033 0.1
    endloop
  endfacet
  facet normal 0 0 1
    outer loop
      vertex 80.9467 -9.85679 0.1
      vertex 79.861 -9.34585 0.1
      vertex 80.2865 -11.1526 0.1
    endloop
  endfacet
  facet normal -0 0 1
    outer loop
      vertex 79.2349 -10.5745 0.1
      vertex 80.2865 -11.1526 0.1
      vertex 79.861 -9.34585 0.1
    endloop
  endfacet
  facet normal 0 0 1
    outer loop
      vertex 80.2865 -11.1526 0.1
      vertex 79.2349 -10.5745 0.1
      vertex 79.5462 -12.4044 0.1
    endloop
  endfacet
  facet normal -0 0 1
    outer loop
      vertex 78.533 -11.7614 0.1
      vertex 79.5462 -12.4044 0.1
      vertex 79.2349 -10.5745 0.1
    endloop
  endfacet
  facet normal 0 0 1
    outer loop
      vertex 79.5462 -12.4044 0.1
      vertex 78.533 -11.7614 0.1
      vertex 78.7287 -13.6072 0.1
    endloop
  endfacet
  facet normal -0 0 1
    outer loop
      vertex 77.7579 -12.9019 0.1
      vertex 78.7287 -13.6072 0.1
      vertex 78.533 -11.7614 0.1
    endloop
  endfacet
  facet normal 0 0 1
    outer loop
      vertex 78.7287 -13.6072 0.1
      vertex 77.7579 -12.9019 0.1
      vertex 77.8374 -14.7564 0.1
    endloop
  endfacet
  facet normal -0 0 1
    outer loop
      vertex 76.9128 -13.9915 0.1
      vertex 77.8374 -14.7564 0.1
      vertex 77.7579 -12.9019 0.1
    endloop
  endfacet
  facet normal 0 0 1
    outer loop
      vertex 76.9128 -13.9915 0.1
      vertex 76.8756 -15.8473 0.1
      vertex 77.8374 -14.7564 0.1
    endloop
  endfacet
  facet normal -0 0 1
    outer loop
      vertex 76.0009 -15.0258 0.1
      vertex 76.8756 -15.8473 0.1
      vertex 76.9128 -13.9915 0.1
    endloop
  endfacet
  facet normal 0 0 1
    outer loop
      vertex 76.0009 -15.0258 0.1
      vertex 75.8473 -16.8756 0.1
      vertex 76.8756 -15.8473 0.1
    endloop
  endfacet
  facet normal -0 0 1
    outer loop
      vertex 75.0258 -16.0009 0.1
      vertex 75.8473 -16.8756 0.1
      vertex 76.0009 -15.0258 0.1
    endloop
  endfacet
  facet normal 0 0 1
    outer loop
      vertex 75.0258 -16.0009 0.1
      vertex 74.7564 -17.8374 0.1
      vertex 75.8473 -16.8756 0.1
    endloop
  endfacet
  facet normal -0 0 1
    outer loop
      vertex 73.9915 -16.9128 0.1
      vertex 74.7564 -17.8374 0.1
      vertex 75.0258 -16.0009 0.1
    endloop
  endfacet
  facet normal 0 0 1
    outer loop
      vertex 73.9915 -16.9128 0.1
      vertex 73.6072 -18.7287 0.1
      vertex 74.7564 -17.8374 0.1
    endloop
  endfacet
  facet normal -0 0 1
    outer loop
      vertex 72.9019 -17.7579 0.1
      vertex 73.6072 -18.7287 0.1
      vertex 73.9915 -16.9128 0.1
    endloop
  endfacet
  facet normal 0 0 1
    outer loop
      vertex 72.9019 -17.7579 0.1
      vertex 72.4044 -19.5462 0.1
      vertex 73.6072 -18.7287 0.1
    endloop
  endfacet
  facet normal -0 0 1
    outer loop
      vertex 71.7614 -18.533 0.1
      vertex 72.4044 -19.5462 0.1
      vertex 72.9019 -17.7579 0.1
    endloop
  endfacet
  facet normal 0 0 1
    outer loop
      vertex 71.7614 -18.533 0.1
      vertex 71.1526 -20.2865 0.1
      vertex 72.4044 -19.5462 0.1
    endloop
  endfacet
  facet normal -0 0 1
    outer loop
      vertex 70.5745 -19.2349 0.1
      vertex 71.1526 -20.2865 0.1
      vertex 71.7614 -18.533 0.1
    endloop
  endfacet
  facet normal 0 0 1
    outer loop
      vertex 70.5745 -19.2349 0.1
      vertex 69.8568 -20.9467 0.1
      vertex 71.1526 -20.2865 0.1
    endloop
  endfacet
  facet normal -0 0 1
    outer loop
      vertex 69.3459 -19.861 0.1
      vertex 69.8568 -20.9467 0.1
      vertex 70.5745 -19.2349 0.1
    endloop
  endfacet
  facet normal 0 0 1
    outer loop
      vertex 69.3459 -19.861 0.1
      vertex 68.5221 -21.5243 0.1
      vertex 69.8568 -20.9467 0.1
    endloop
  endfacet
  facet normal -0 0 1
    outer loop
      vertex 68.0803 -20.4086 0.1
      vertex 68.5221 -21.5243 0.1
      vertex 69.3459 -19.861 0.1
    endloop
  endfacet
  facet normal 0 0 1
    outer loop
      vertex 68.0803 -20.4086 0.1
      vertex 67.1537 -22.017 0.1
      vertex 68.5221 -21.5243 0.1
    endloop
  endfacet
  facet normal -0 0 1
    outer loop
      vertex 66.7829 -20.8757 0.1
      vertex 67.1537 -22.017 0.1
      vertex 68.0803 -20.4086 0.1
    endloop
  endfacet
  facet normal 0 0 1
    outer loop
      vertex 66.7829 -20.8757 0.1
      vertex 65.7572 -22.4227 0.1
      vertex 67.1537 -22.017 0.1
    endloop
  endfacet
  facet normal -0 0 1
    outer loop
      vertex 65.4587 -21.2604 0.1
      vertex 65.7572 -22.4227 0.1
      vertex 66.7829 -20.8757 0.1
    endloop
  endfacet
  facet normal 0 0 1
    outer loop
      vertex 65.4587 -21.2604 0.1
      vertex 64.3379 -22.7399 0.1
      vertex 65.7572 -22.4227 0.1
    endloop
  endfacet
  facet normal -0 0 1
    outer loop
      vertex 64.113 -21.5612 0.1
      vertex 64.3379 -22.7399 0.1
      vertex 65.4587 -21.2604 0.1
    endloop
  endfacet
  facet normal 0 0 1
    outer loop
      vertex 64.113 -21.5612 0.1
      vertex 62.9015 -22.9675 0.1
      vertex 64.3379 -22.7399 0.1
    endloop
  endfacet
  facet normal -0 0 1
    outer loop
      vertex 62.7511 -21.7769 0.1
      vertex 62.9015 -22.9675 0.1
      vertex 64.113 -21.5612 0.1
    endloop
  endfacet
  facet normal 0 0 1
    outer loop
      vertex 62.7511 -21.7769 0.1
      vertex 61.4536 -23.1043 0.1
      vertex 62.9015 -22.9675 0.1
    endloop
  endfacet
  facet normal -0 0 1
    outer loop
      vertex 61.3783 -21.9067 0.1
      vertex 61.4536 -23.1043 0.1
      vertex 62.7511 -21.7769 0.1
    endloop
  endfacet
  facet normal -0 0 1
    outer loop
      vertex 60 -21.95 0.1
      vertex 61.4536 -23.1043 0.1
      vertex 61.3783 -21.9067 0.1
    endloop
  endfacet
  facet normal 0 0 1
    outer loop
      vertex 60 -21.95 0.1
      vertex 60 -23.15 0.1
      vertex 61.4536 -23.1043 0.1
    endloop
  endfacet
  facet normal 0 0 1
    outer loop
      vertex 58.6217 -21.9067 0.1
      vertex 60 -23.15 0.1
      vertex 60 -21.95 0.1
    endloop
  endfacet
  facet normal 0 0 1
    outer loop
      vertex 58.6217 -21.9067 0.1
      vertex 58.5464 -23.1043 0.1
      vertex 60 -23.15 0.1
    endloop
  endfacet
  facet normal 0 0 1
    outer loop
      vertex 57.2489 -21.7769 0.1
      vertex 58.5464 -23.1043 0.1
      vertex 58.6217 -21.9067 0.1
    endloop
  endfacet
  facet normal 0 0 1
    outer loop
      vertex 57.2489 -21.7769 0.1
      vertex 57.0985 -22.9675 0.1
      vertex 58.5464 -23.1043 0.1
    endloop
  endfacet
  facet normal 0 0 1
    outer loop
      vertex 55.887 -21.5612 0.1
      vertex 57.0985 -22.9675 0.1
      vertex 57.2489 -21.7769 0.1
    endloop
  endfacet
  facet normal 0 0 1
    outer loop
      vertex 55.887 -21.5612 0.1
      vertex 55.6621 -22.7399 0.1
      vertex 57.0985 -22.9675 0.1
    endloop
  endfacet
  facet normal 0 0 1
    outer loop
      vertex 54.5413 -21.2604 0.1
      vertex 55.6621 -22.7399 0.1
      vertex 55.887 -21.5612 0.1
    endloop
  endfacet
  facet normal 0 0 1
    outer loop
      vertex 54.5413 -21.2604 0.1
      vertex 54.2428 -22.4227 0.1
      vertex 55.6621 -22.7399 0.1
    endloop
  endfacet
  facet normal 0 0 1
    outer loop
      vertex 53.2171 -20.8757 0.1
      vertex 54.2428 -22.4227 0.1
      vertex 54.5413 -21.2604 0.1
    endloop
  endfacet
  facet normal 0 0 1
    outer loop
      vertex 53.2171 -20.8757 0.1
      vertex 52.8463 -22.017 0.1
      vertex 54.2428 -22.4227 0.1
    endloop
  endfacet
  facet normal 0 0 1
    outer loop
      vertex 51.9197 -20.4086 0.1
      vertex 52.8463 -22.017 0.1
      vertex 53.2171 -20.8757 0.1
    endloop
  endfacet
  facet normal 0 0 1
    outer loop
      vertex 51.9197 -20.4086 0.1
      vertex 51.4779 -21.5243 0.1
      vertex 52.8463 -22.017 0.1
    endloop
  endfacet
  facet normal 0 0 1
    outer loop
      vertex 50.6541 -19.861 0.1
      vertex 51.4779 -21.5243 0.1
      vertex 51.9197 -20.4086 0.1
    endloop
  endfacet
  facet normal 0 0 1
    outer loop
      vertex 50.6541 -19.861 0.1
      vertex 50.1432 -20.9467 0.1
      vertex 51.4779 -21.5243 0.1
    endloop
  endfacet
  facet normal 0 0 1
    outer loop
      vertex 49.4255 -19.2349 0.1
      vertex 50.1432 -20.9467 0.1
      vertex 50.6541 -19.861 0.1
    endloop
  endfacet
  facet normal 0 0 1
    outer loop
      vertex 49.4255 -19.2349 0.1
      vertex 48.8474 -20.2865 0.1
      vertex 50.1432 -20.9467 0.1
    endloop
  endfacet
  facet normal 0 0 1
    outer loop
      vertex 48.2386 -18.533 0.1
      vertex 48.8474 -20.2865 0.1
      vertex 49.4255 -19.2349 0.1
    endloop
  endfacet
  facet normal 0 0 1
    outer loop
      vertex 48.2386 -18.533 0.1
      vertex 47.5956 -19.5462 0.1
      vertex 48.8474 -20.2865 0.1
    endloop
  endfacet
  facet normal 0 0 1
    outer loop
      vertex 47.0981 -17.7579 0.1
      vertex 47.5956 -19.5462 0.1
      vertex 48.2386 -18.533 0.1
    endloop
  endfacet
  facet normal 0 0 1
    outer loop
      vertex 47.0981 -17.7579 0.1
      vertex 46.3928 -18.7287 0.1
      vertex 47.5956 -19.5462 0.1
    endloop
  endfacet
  facet normal 0 0 1
    outer loop
      vertex 46.0085 -16.9128 0.1
      vertex 46.3928 -18.7287 0.1
      vertex 47.0981 -17.7579 0.1
    endloop
  endfacet
  facet normal 0 0 1
    outer loop
      vertex 46.0085 -16.9128 0.1
      vertex 45.2436 -17.8374 0.1
      vertex 46.3928 -18.7287 0.1
    endloop
  endfacet
  facet normal 0 0 1
    outer loop
      vertex 44.9742 -16.0009 0.1
      vertex 45.2436 -17.8374 0.1
      vertex 46.0085 -16.9128 0.1
    endloop
  endfacet
  facet normal 0 0 1
    outer loop
      vertex 44.9742 -16.0009 0.1
      vertex 44.1527 -16.8756 0.1
      vertex 45.2436 -17.8374 0.1
    endloop
  endfacet
  facet normal 0 0 1
    outer loop
      vertex 43.9991 -15.0258 0.1
      vertex 44.1527 -16.8756 0.1
      vertex 44.9742 -16.0009 0.1
    endloop
  endfacet
  facet normal 0 0 1
    outer loop
      vertex 43.9991 -15.0258 0.1
      vertex 43.1244 -15.8473 0.1
      vertex 44.1527 -16.8756 0.1
    endloop
  endfacet
  facet normal 0 0 1
    outer loop
      vertex 43.0872 -13.9915 0.1
      vertex 43.1244 -15.8473 0.1
      vertex 43.9991 -15.0258 0.1
    endloop
  endfacet
  facet normal 0 0 1
    outer loop
      vertex 42.1626 -14.7564 0.1
      vertex 43.0872 -13.9915 0.1
      vertex 42.2421 -12.9019 0.1
    endloop
  endfacet
  facet normal 0 0 1
    outer loop
      vertex 43.0872 -13.9915 0.1
      vertex 42.1626 -14.7564 0.1
      vertex 43.1244 -15.8473 0.1
    endloop
  endfacet
  facet normal 0 0 1
    outer loop
      vertex 41.2713 -13.6072 0.1
      vertex 42.2421 -12.9019 0.1
      vertex 41.467 -11.7614 0.1
    endloop
  endfacet
  facet normal 0 0 1
    outer loop
      vertex 42.2421 -12.9019 0.1
      vertex 41.2713 -13.6072 0.1
      vertex 42.1626 -14.7564 0.1
    endloop
  endfacet
  facet normal 0 0 1
    outer loop
      vertex 40.4538 -12.4044 0.1
      vertex 41.467 -11.7614 0.1
      vertex 40.7651 -10.5745 0.1
    endloop
  endfacet
  facet normal 0 0 1
    outer loop
      vertex 41.467 -11.7614 0.1
      vertex 40.4538 -12.4044 0.1
      vertex 41.2713 -13.6072 0.1
    endloop
  endfacet
  facet normal 0 0 1
    outer loop
      vertex 39.7135 -11.1526 0.1
      vertex 40.7651 -10.5745 0.1
      vertex 40.139 -9.34585 0.1
    endloop
  endfacet
  facet normal 0 0 1
    outer loop
      vertex 40.7651 -10.5745 0.1
      vertex 39.7135 -11.1526 0.1
      vertex 40.4538 -12.4044 0.1
    endloop
  endfacet
  facet normal 0 0 1
    outer loop
      vertex 39.0533 -9.85679 0.1
      vertex 40.139 -9.34585 0.1
      vertex 39.5914 -8.08033 0.1
    endloop
  endfacet
  facet normal 0 0 1
    outer loop
      vertex 38.4757 -8.52208 0.1
      vertex 39.5914 -8.08033 0.1
      vertex 39.1243 -6.78292 0.1
    endloop
  endfacet
  facet normal 0 0 1
    outer loop
      vertex 40.139 -9.34585 0.1
      vertex 39.0533 -9.85679 0.1
      vertex 39.7135 -11.1526 0.1
    endloop
  endfacet
  facet normal 0 0 1
    outer loop
      vertex 37.983 -7.15374 0.1
      vertex 39.1243 -6.78292 0.1
      vertex 38.7396 -5.45874 0.1
    endloop
  endfacet
  facet normal 0 0 1
    outer loop
      vertex 39.5914 -8.08033 0.1
      vertex 38.4757 -8.52208 0.1
      vertex 39.0533 -9.85679 0.1
    endloop
  endfacet
  facet normal 0 0 1
    outer loop
      vertex 37.5773 -5.75717 0.1
      vertex 38.7396 -5.45874 0.1
      vertex 38.4388 -4.11302 0.1
    endloop
  endfacet
  facet normal 0 0 1
    outer loop
      vertex 37.2601 -4.33788 0.1
      vertex 38.4388 -4.11302 0.1
      vertex 38.2231 -2.75106 0.1
    endloop
  endfacet
  facet normal 0 0 1
    outer loop
      vertex 37.0325 -2.90146 0.1
      vertex 38.2231 -2.75106 0.1
      vertex 38.0933 -1.37825 0.1
    endloop
  endfacet
  facet normal 0 0 1
    outer loop
      vertex 39.1243 -6.78292 0.1
      vertex 37.983 -7.15374 0.1
      vertex 38.4757 -8.52208 0.1
    endloop
  endfacet
  facet normal 0 0 1
    outer loop
      vertex 36.8957 -1.4536 0.1
      vertex 38.0933 -1.37825 0.1
      vertex 38.05 0 0.1
    endloop
  endfacet
  facet normal -0 0 1
    outer loop
      vertex 37.0325 2.90146 0.1
      vertex 38.2231 2.75106 0.1
      vertex 37.2601 4.33788 0.1
    endloop
  endfacet
  facet normal 0 0 1
    outer loop
      vertex 38.2231 2.75106 0.1
      vertex 37.0325 2.90146 0.1
      vertex 38.0933 1.37825 0.1
    endloop
  endfacet
  facet normal 0 0 1
    outer loop
      vertex 38.7396 -5.45874 0.1
      vertex 37.5773 -5.75717 0.1
      vertex 37.983 -7.15374 0.1
    endloop
  endfacet
  facet normal -0 0 1
    outer loop
      vertex 36.8957 1.4536 0.1
      vertex 38.0933 1.37825 0.1
      vertex 37.0325 2.90146 0.1
    endloop
  endfacet
  facet normal 0 0 1
    outer loop
      vertex 38.4388 -4.11302 0.1
      vertex 37.2601 -4.33788 0.1
      vertex 37.5773 -5.75717 0.1
    endloop
  endfacet
  facet normal 0 0 1
    outer loop
      vertex 38.0933 1.37825 0.1
      vertex 36.8957 1.4536 0.1
      vertex 38.05 0 0.1
    endloop
  endfacet
  facet normal 0 0 1
    outer loop
      vertex 38.2231 -2.75106 0.1
      vertex 37.0325 -2.90146 0.1
      vertex 37.2601 -4.33788 0.1
    endloop
  endfacet
  facet normal 0 0 1
    outer loop
      vertex 36.85 0 0.1
      vertex 38.05 0 0.1
      vertex 36.8957 1.4536 0.1
    endloop
  endfacet
  facet normal 0 0 1
    outer loop
      vertex 38.0933 -1.37825 0.1
      vertex 36.8957 -1.4536 0.1
      vertex 37.0325 -2.90146 0.1
    endloop
  endfacet
  facet normal 0 0 1
    outer loop
      vertex 38.05 0 0.1
      vertex 36.85 0 0.1
      vertex 36.8957 -1.4536 0.1
    endloop
  endfacet
  facet normal 0.156499 -0.987678 0
    outer loop
      vertex 55.6621 22.7399 0.1
      vertex 57.0985 22.9675 1.5
      vertex 55.6621 22.7399 1.5
    endloop
  endfacet
  facet normal 0.156499 -0.987678 0
    outer loop
      vertex 57.0985 22.9675 1.5
      vertex 55.6621 22.7399 0.1
      vertex 57.0985 22.9675 0.1
    endloop
  endfacet
  facet normal 0.999507 0.0314012 0
    outer loop
      vertex 81.95 0 2
      vertex 81.9067 1.37825 0.1
      vertex 81.9067 1.37825 2
    endloop
  endfacet
  facet normal 0.999507 0.0314012 0
    outer loop
      vertex 81.9067 1.37825 0.1
      vertex 81.95 0 2
      vertex 81.95 0 0.1
    endloop
  endfacet
  facet normal 0.99556 -0.0941308 0
    outer loop
      vertex 81.7769 -2.75106 2
      vertex 81.9067 -1.37825 0.1
      vertex 81.9067 -1.37825 2
    endloop
  endfacet
  facet normal 0.99556 -0.0941308 0
    outer loop
      vertex 81.9067 -1.37825 0.1
      vertex 81.7769 -2.75106 2
      vertex 81.7769 -2.75106 0.1
    endloop
  endfacet
  facet normal 0.999507 -0.0314012 0
    outer loop
      vertex 81.9067 -1.37825 2
      vertex 81.95 0 0.1
      vertex 81.95 0 2
    endloop
  endfacet
  facet normal 0.999507 -0.0314012 0
    outer loop
      vertex 81.95 0 0.1
      vertex 81.9067 -1.37825 2
      vertex 81.9067 -1.37825 0.1
    endloop
  endfacet
  facet normal -0.860752 0.509025 0
    outer loop
      vertex 40.7651 10.5745 0.1
      vertex 41.467 11.7614 2
      vertex 41.467 11.7614 0.1
    endloop
  endfacet
  facet normal -0.860752 0.509025 0
    outer loop
      vertex 41.467 11.7614 2
      vertex 40.7651 10.5745 0.1
      vertex 40.7651 10.5745 2
    endloop
  endfacet
  facet normal 0.454046 0.890978 -0
    outer loop
      vertex 70.5745 19.2349 0.1
      vertex 69.3459 19.861 2
      vertex 70.5745 19.2349 2
    endloop
  endfacet
  facet normal 0.454046 0.890978 0
    outer loop
      vertex 69.3459 19.861 2
      vertex 70.5745 19.2349 0.1
      vertex 69.3459 19.861 0.1
    endloop
  endfacet
  facet normal -0.94088 0.33874 0
    outer loop
      vertex 39.1243 6.78292 0.1
      vertex 39.5914 8.08033 2
      vertex 39.5914 8.08033 0.1
    endloop
  endfacet
  facet normal -0.94088 0.33874 0
    outer loop
      vertex 39.5914 8.08033 2
      vertex 39.1243 6.78292 0.1
      vertex 39.1243 6.78292 2
    endloop
  endfacet
  facet normal -0.975917 0.21814 0
    outer loop
      vertex 38.4388 4.11302 0.1
      vertex 38.7396 5.45874 2
      vertex 38.7396 5.45874 0.1
    endloop
  endfacet
  facet normal -0.975917 0.21814 0
    outer loop
      vertex 38.7396 5.45874 2
      vertex 38.4388 4.11302 0.1
      vertex 38.4388 4.11302 2
    endloop
  endfacet
  facet normal -0.790183 -0.612871 0
    outer loop
      vertex 43.0872 -13.9915 0.1
      vertex 42.2421 -12.9019 2
      vertex 42.2421 -12.9019 0.1
    endloop
  endfacet
  facet normal -0.790183 -0.612871 0
    outer loop
      vertex 42.2421 -12.9019 2
      vertex 43.0872 -13.9915 0.1
      vertex 43.0872 -13.9915 2
    endloop
  endfacet
  facet normal 0.0941315 0.99556 -0
    outer loop
      vertex 62.7511 21.7769 0.1
      vertex 61.3783 21.9067 2
      vertex 62.7511 21.7769 2
    endloop
  endfacet
  facet normal 0.0941315 0.99556 0
    outer loop
      vertex 61.3783 21.9067 2
      vertex 62.7511 21.7769 0.1
      vertex 61.3783 21.9067 0.1
    endloop
  endfacet
  facet normal 0.509025 -0.860752 0
    outer loop
      vertex 70.5745 -19.2349 0.1
      vertex 71.7614 -18.533 2
      vertex 70.5745 -19.2349 2
    endloop
  endfacet
  facet normal 0.509025 -0.860752 0
    outer loop
      vertex 71.7614 -18.533 2
      vertex 70.5745 -19.2349 0.1
      vertex 71.7614 -18.533 0.1
    endloop
  endfacet
  facet normal -0.661329 -0.750096 0
    outer loop
      vertex 44.9742 -16.0009 0.1
      vertex 46.0085 -16.9128 2
      vertex 44.9742 -16.0009 2
    endloop
  endfacet
  facet normal -0.661329 -0.750096 -0
    outer loop
      vertex 46.0085 -16.9128 2
      vertex 44.9742 -16.0009 0.1
      vertex 46.0085 -16.9128 0.1
    endloop
  endfacet
  facet normal 0.156432 0.987689 -0
    outer loop
      vertex 64.113 21.5612 0.1
      vertex 62.7511 21.7769 2
      vertex 64.113 21.5612 2
    endloop
  endfacet
  facet normal 0.156432 0.987689 0
    outer loop
      vertex 62.7511 21.7769 2
      vertex 64.113 21.5612 0.1
      vertex 62.7511 21.7769 0.1
    endloop
  endfacet
  facet normal 0.790183 0.612871 0
    outer loop
      vertex 77.7579 12.9019 2
      vertex 76.9128 13.9915 0.1
      vertex 76.9128 13.9915 2
    endloop
  endfacet
  facet normal 0.790183 0.612871 0
    outer loop
      vertex 76.9128 13.9915 0.1
      vertex 77.7579 12.9019 2
      vertex 77.7579 12.9019 0.1
    endloop
  endfacet
  facet normal -0.0941315 0.99556 0
    outer loop
      vertex 58.6217 21.9067 0.1
      vertex 57.2489 21.7769 2
      vertex 58.6217 21.9067 2
    endloop
  endfacet
  facet normal -0.0941315 0.99556 0
    outer loop
      vertex 57.2489 21.7769 2
      vertex 58.6217 21.9067 0.1
      vertex 57.2489 21.7769 0.1
    endloop
  endfacet
  facet normal 0.750096 0.661329 0
    outer loop
      vertex 76.9128 13.9915 2
      vertex 76.0009 15.0258 0.1
      vertex 76.0009 15.0258 2
    endloop
  endfacet
  facet normal 0.750096 0.661329 0
    outer loop
      vertex 76.0009 15.0258 0.1
      vertex 76.9128 13.9915 2
      vertex 76.9128 13.9915 0.1
    endloop
  endfacet
  facet normal 0.890986 0.454032 0
    outer loop
      vertex 79.861 9.34585 2
      vertex 79.2349 10.5745 0.1
      vertex 79.2349 10.5745 2
    endloop
  endfacet
  facet normal 0.890986 0.454032 0
    outer loop
      vertex 79.2349 10.5745 0.1
      vertex 79.861 9.34585 2
      vertex 79.861 9.34585 0.1
    endloop
  endfacet
  facet normal 0.960296 0.278985 0
    outer loop
      vertex 81.2604 5.45874 2
      vertex 80.8757 6.78292 0.1
      vertex 80.8757 6.78292 2
    endloop
  endfacet
  facet normal 0.960296 0.278985 0
    outer loop
      vertex 80.8757 6.78292 0.1
      vertex 81.2604 5.45874 2
      vertex 81.2604 5.45874 0.1
    endloop
  endfacet
  facet normal 0.661329 -0.750096 0
    outer loop
      vertex 73.9915 -16.9128 0.1
      vertex 75.0258 -16.0009 2
      vertex 73.9915 -16.9128 2
    endloop
  endfacet
  facet normal 0.661329 -0.750096 0
    outer loop
      vertex 75.0258 -16.0009 2
      vertex 73.9915 -16.9128 0.1
      vertex 75.0258 -16.0009 0.1
    endloop
  endfacet
  facet normal 0.707107 -0.707107 0
    outer loop
      vertex 75.0258 -16.0009 2
      vertex 76.0009 -15.0258 0.1
      vertex 76.0009 -15.0258 2
    endloop
  endfacet
  facet normal 0.707107 -0.707107 0
    outer loop
      vertex 76.0009 -15.0258 0.1
      vertex 75.0258 -16.0009 2
      vertex 75.0258 -16.0009 0.1
    endloop
  endfacet
  facet normal -0.661329 0.750096 0
    outer loop
      vertex 46.0085 16.9128 0.1
      vertex 44.9742 16.0009 2
      vertex 46.0085 16.9128 2
    endloop
  endfacet
  facet normal -0.661329 0.750096 0
    outer loop
      vertex 44.9742 16.0009 2
      vertex 46.0085 16.9128 0.1
      vertex 44.9742 16.0009 0.1
    endloop
  endfacet
  facet normal -0.509025 0.860752 0
    outer loop
      vertex 49.4255 19.2349 0.1
      vertex 48.2386 18.533 2
      vertex 49.4255 19.2349 2
    endloop
  endfacet
  facet normal -0.509025 0.860752 0
    outer loop
      vertex 48.2386 18.533 2
      vertex 49.4255 19.2349 0.1
      vertex 48.2386 18.533 0.1
    endloop
  endfacet
  facet normal 0.94088 0.33874 0
    outer loop
      vertex 80.8757 6.78292 2
      vertex 80.4086 8.08033 0.1
      vertex 80.4086 8.08033 2
    endloop
  endfacet
  facet normal 0.94088 0.33874 0
    outer loop
      vertex 80.4086 8.08033 0.1
      vertex 80.8757 6.78292 2
      vertex 80.8757 6.78292 0.1
    endloop
  endfacet
  facet normal 0.860752 -0.509025 0
    outer loop
      vertex 78.533 -11.7614 2
      vertex 79.2349 -10.5745 0.1
      vertex 79.2349 -10.5745 2
    endloop
  endfacet
  facet normal 0.860752 -0.509025 0
    outer loop
      vertex 79.2349 -10.5745 0.1
      vertex 78.533 -11.7614 2
      vertex 78.533 -11.7614 0.1
    endloop
  endfacet
  facet normal -0.454046 0.890978 0
    outer loop
      vertex 50.6541 19.861 0.1
      vertex 49.4255 19.2349 2
      vertex 50.6541 19.861 2
    endloop
  endfacet
  facet normal -0.454046 0.890978 0
    outer loop
      vertex 49.4255 19.2349 2
      vertex 50.6541 19.861 0.1
      vertex 49.4255 19.2349 0.1
    endloop
  endfacet
  facet normal -0.397103 -0.917774 0
    outer loop
      vertex 50.6541 -19.861 0.1
      vertex 51.9197 -20.4086 2
      vertex 50.6541 -19.861 2
    endloop
  endfacet
  facet normal -0.397103 -0.917774 -0
    outer loop
      vertex 51.9197 -20.4086 2
      vertex 50.6541 -19.861 0.1
      vertex 51.9197 -20.4086 0.1
    endloop
  endfacet
  facet normal 0.397103 -0.917774 0
    outer loop
      vertex 68.0803 -20.4086 0.1
      vertex 69.3459 -19.861 2
      vertex 68.0803 -20.4086 2
    endloop
  endfacet
  facet normal 0.397103 -0.917774 0
    outer loop
      vertex 69.3459 -19.861 2
      vertex 68.0803 -20.4086 0.1
      vertex 69.3459 -19.861 0.1
    endloop
  endfacet
  facet normal 0.0314 0.999507 -0
    outer loop
      vertex 61.3783 21.9067 0.1
      vertex 60 21.95 2
      vertex 61.3783 21.9067 2
    endloop
  endfacet
  facet normal 0.0314 0.999507 0
    outer loop
      vertex 60 21.95 2
      vertex 61.3783 21.9067 0.1
      vertex 60 21.95 0.1
    endloop
  endfacet
  facet normal -0.612871 0.790183 0
    outer loop
      vertex 47.0981 17.7579 0.1
      vertex 46.0085 16.9128 2
      vertex 47.0981 17.7579 2
    endloop
  endfacet
  facet normal -0.612871 0.790183 0
    outer loop
      vertex 46.0085 16.9128 2
      vertex 47.0981 17.7579 0.1
      vertex 46.0085 16.9128 0.1
    endloop
  endfacet
  facet normal -0.338743 -0.940879 0
    outer loop
      vertex 51.9197 -20.4086 0.1
      vertex 53.2171 -20.8757 2
      vertex 51.9197 -20.4086 2
    endloop
  endfacet
  facet normal -0.338743 -0.940879 -0
    outer loop
      vertex 53.2171 -20.8757 2
      vertex 51.9197 -20.4086 0.1
      vertex 53.2171 -20.8757 0.1
    endloop
  endfacet
  facet normal 0.454046 -0.890978 0
    outer loop
      vertex 69.3459 -19.861 0.1
      vertex 70.5745 -19.2349 2
      vertex 69.3459 -19.861 2
    endloop
  endfacet
  facet normal 0.454046 -0.890978 0
    outer loop
      vertex 70.5745 -19.2349 2
      vertex 69.3459 -19.861 0.1
      vertex 70.5745 -19.2349 0.1
    endloop
  endfacet
  facet normal 0.975917 0.21814 0
    outer loop
      vertex 81.5612 4.11302 2
      vertex 81.2604 5.45874 0.1
      vertex 81.2604 5.45874 2
    endloop
  endfacet
  facet normal 0.975917 0.21814 0
    outer loop
      vertex 81.2604 5.45874 0.1
      vertex 81.5612 4.11302 2
      vertex 81.5612 4.11302 0.1
    endloop
  endfacet
  facet normal -0.707107 -0.707107 0
    outer loop
      vertex 44.9742 -16.0009 0.1
      vertex 43.9991 -15.0258 2
      vertex 43.9991 -15.0258 0.1
    endloop
  endfacet
  facet normal -0.707107 -0.707107 0
    outer loop
      vertex 43.9991 -15.0258 2
      vertex 44.9742 -16.0009 0.1
      vertex 44.9742 -16.0009 2
    endloop
  endfacet
  facet normal -0.750096 0.661329 0
    outer loop
      vertex 43.0872 13.9915 0.1
      vertex 43.9991 15.0258 2
      vertex 43.9991 15.0258 0.1
    endloop
  endfacet
  facet normal -0.750096 0.661329 0
    outer loop
      vertex 43.9991 15.0258 2
      vertex 43.0872 13.9915 0.1
      vertex 43.0872 13.9915 2
    endloop
  endfacet
  facet normal -0.960296 0.278985 0
    outer loop
      vertex 38.7396 5.45874 0.1
      vertex 39.1243 6.78292 2
      vertex 39.1243 6.78292 0.1
    endloop
  endfacet
  facet normal -0.960296 0.278985 0
    outer loop
      vertex 39.1243 6.78292 2
      vertex 38.7396 5.45874 0.1
      vertex 38.7396 5.45874 2
    endloop
  endfacet
  facet normal -0.960296 -0.278985 0
    outer loop
      vertex 39.1243 -6.78292 0.1
      vertex 38.7396 -5.45874 2
      vertex 38.7396 -5.45874 0.1
    endloop
  endfacet
  facet normal -0.960296 -0.278985 0
    outer loop
      vertex 38.7396 -5.45874 2
      vertex 39.1243 -6.78292 0.1
      vertex 39.1243 -6.78292 2
    endloop
  endfacet
  facet normal -0.156432 -0.987689 0
    outer loop
      vertex 55.887 -21.5612 0.1
      vertex 57.2489 -21.7769 2
      vertex 55.887 -21.5612 2
    endloop
  endfacet
  facet normal -0.156432 -0.987689 -0
    outer loop
      vertex 57.2489 -21.7769 2
      vertex 55.887 -21.5612 0.1
      vertex 57.2489 -21.7769 0.1
    endloop
  endfacet
  facet normal 0.98769 0.156425 0
    outer loop
      vertex 81.7769 2.75106 2
      vertex 81.5612 4.11302 0.1
      vertex 81.5612 4.11302 2
    endloop
  endfacet
  facet normal 0.98769 0.156425 0
    outer loop
      vertex 81.5612 4.11302 0.1
      vertex 81.7769 2.75106 2
      vertex 81.7769 2.75106 0.1
    endloop
  endfacet
  facet normal -0.509025 -0.860752 0
    outer loop
      vertex 48.2386 -18.533 0.1
      vertex 49.4255 -19.2349 2
      vertex 48.2386 -18.533 2
    endloop
  endfacet
  facet normal -0.509025 -0.860752 -0
    outer loop
      vertex 49.4255 -19.2349 2
      vertex 48.2386 -18.533 0.1
      vertex 49.4255 -19.2349 0.1
    endloop
  endfacet
  facet normal 0.99556 0.0941308 0
    outer loop
      vertex 81.9067 1.37825 2
      vertex 81.7769 2.75106 0.1
      vertex 81.7769 2.75106 2
    endloop
  endfacet
  facet normal 0.99556 0.0941308 0
    outer loop
      vertex 81.7769 2.75106 0.1
      vertex 81.9067 1.37825 2
      vertex 81.9067 1.37825 0.1
    endloop
  endfacet
  facet normal 0.509025 0.860752 -0
    outer loop
      vertex 71.7614 18.533 0.1
      vertex 70.5745 19.2349 2
      vertex 71.7614 18.533 2
    endloop
  endfacet
  facet normal 0.509025 0.860752 0
    outer loop
      vertex 70.5745 19.2349 2
      vertex 71.7614 18.533 0.1
      vertex 70.5745 19.2349 0.1
    endloop
  endfacet
  facet normal -0.827075 -0.562092 0
    outer loop
      vertex 42.2421 -12.9019 0.1
      vertex 41.467 -11.7614 2
      vertex 41.467 -11.7614 0.1
    endloop
  endfacet
  facet normal -0.827075 -0.562092 0
    outer loop
      vertex 41.467 -11.7614 2
      vertex 42.2421 -12.9019 0.1
      vertex 42.2421 -12.9019 2
    endloop
  endfacet
  facet normal 0.278981 -0.960297 0
    outer loop
      vertex 65.4587 -21.2604 0.1
      vertex 66.7829 -20.8757 2
      vertex 65.4587 -21.2604 2
    endloop
  endfacet
  facet normal 0.278981 -0.960297 0
    outer loop
      vertex 66.7829 -20.8757 2
      vertex 65.4587 -21.2604 0.1
      vertex 66.7829 -20.8757 0.1
    endloop
  endfacet
  facet normal 0.790183 -0.612871 0
    outer loop
      vertex 76.9128 -13.9915 2
      vertex 77.7579 -12.9019 0.1
      vertex 77.7579 -12.9019 2
    endloop
  endfacet
  facet normal 0.790183 -0.612871 0
    outer loop
      vertex 77.7579 -12.9019 0.1
      vertex 76.9128 -13.9915 2
      vertex 76.9128 -13.9915 0.1
    endloop
  endfacet
  facet normal 0.960296 -0.278985 0
    outer loop
      vertex 80.8757 -6.78292 2
      vertex 81.2604 -5.45874 0.1
      vertex 81.2604 -5.45874 2
    endloop
  endfacet
  facet normal 0.960296 -0.278985 0
    outer loop
      vertex 81.2604 -5.45874 0.1
      vertex 80.8757 -6.78292 2
      vertex 80.8757 -6.78292 0.1
    endloop
  endfacet
  facet normal -0.338743 0.940879 0
    outer loop
      vertex 53.2171 20.8757 0.1
      vertex 51.9197 20.4086 2
      vertex 53.2171 20.8757 2
    endloop
  endfacet
  facet normal -0.338743 0.940879 0
    outer loop
      vertex 51.9197 20.4086 2
      vertex 53.2171 20.8757 0.1
      vertex 51.9197 20.4086 0.1
    endloop
  endfacet
  facet normal -0.562092 -0.827075 0
    outer loop
      vertex 47.0981 -17.7579 0.1
      vertex 48.2386 -18.533 2
      vertex 47.0981 -17.7579 2
    endloop
  endfacet
  facet normal -0.562092 -0.827075 -0
    outer loop
      vertex 48.2386 -18.533 2
      vertex 47.0981 -17.7579 0.1
      vertex 48.2386 -18.533 0.1
    endloop
  endfacet
  facet normal -0.0314 0.999507 0
    outer loop
      vertex 60 21.95 0.1
      vertex 58.6217 21.9067 2
      vertex 60 21.95 2
    endloop
  endfacet
  facet normal -0.0314 0.999507 0
    outer loop
      vertex 58.6217 21.9067 2
      vertex 60 21.95 0.1
      vertex 58.6217 21.9067 0.1
    endloop
  endfacet
  facet normal 0.750096 -0.661329 0
    outer loop
      vertex 76.0009 -15.0258 2
      vertex 76.9128 -13.9915 0.1
      vertex 76.9128 -13.9915 2
    endloop
  endfacet
  facet normal 0.750096 -0.661329 0
    outer loop
      vertex 76.9128 -13.9915 0.1
      vertex 76.0009 -15.0258 2
      vertex 76.0009 -15.0258 0.1
    endloop
  endfacet
  facet normal 0.661329 0.750096 -0
    outer loop
      vertex 75.0258 16.0009 0.1
      vertex 73.9915 16.9128 2
      vertex 75.0258 16.0009 2
    endloop
  endfacet
  facet normal 0.661329 0.750096 0
    outer loop
      vertex 73.9915 16.9128 2
      vertex 75.0258 16.0009 0.1
      vertex 73.9915 16.9128 0.1
    endloop
  endfacet
  facet normal -0.98769 0.156425 0
    outer loop
      vertex 38.2231 2.75106 0.1
      vertex 38.4388 4.11302 2
      vertex 38.4388 4.11302 0.1
    endloop
  endfacet
  facet normal -0.98769 0.156425 0
    outer loop
      vertex 38.4388 4.11302 2
      vertex 38.2231 2.75106 0.1
      vertex 38.2231 2.75106 2
    endloop
  endfacet
  facet normal 0.890986 -0.454032 0
    outer loop
      vertex 79.2349 -10.5745 2
      vertex 79.861 -9.34585 0.1
      vertex 79.861 -9.34585 2
    endloop
  endfacet
  facet normal 0.890986 -0.454032 0
    outer loop
      vertex 79.861 -9.34585 0.1
      vertex 79.2349 -10.5745 2
      vertex 79.2349 -10.5745 0.1
    endloop
  endfacet
  facet normal -0.790183 0.612871 0
    outer loop
      vertex 42.2421 12.9019 0.1
      vertex 43.0872 13.9915 2
      vertex 43.0872 13.9915 0.1
    endloop
  endfacet
  facet normal -0.790183 0.612871 0
    outer loop
      vertex 43.0872 13.9915 2
      vertex 42.2421 12.9019 0.1
      vertex 42.2421 12.9019 2
    endloop
  endfacet
  facet normal -0.999507 0.0314012 0
    outer loop
      vertex 38.05 0 0.1
      vertex 38.0933 1.37825 2
      vertex 38.0933 1.37825 0.1
    endloop
  endfacet
  facet normal -0.999507 0.0314012 0
    outer loop
      vertex 38.0933 1.37825 2
      vertex 38.05 0 0.1
      vertex 38.05 0 2
    endloop
  endfacet
  facet normal 0.562092 0.827075 -0
    outer loop
      vertex 72.9019 17.7579 0.1
      vertex 71.7614 18.533 2
      vertex 72.9019 17.7579 2
    endloop
  endfacet
  facet normal 0.562092 0.827075 0
    outer loop
      vertex 71.7614 18.533 2
      vertex 72.9019 17.7579 0.1
      vertex 71.7614 18.533 0.1
    endloop
  endfacet
  facet normal 0.612871 -0.790183 0
    outer loop
      vertex 72.9019 -17.7579 0.1
      vertex 73.9915 -16.9128 2
      vertex 72.9019 -17.7579 2
    endloop
  endfacet
  facet normal 0.612871 -0.790183 0
    outer loop
      vertex 73.9915 -16.9128 2
      vertex 72.9019 -17.7579 0.1
      vertex 73.9915 -16.9128 0.1
    endloop
  endfacet
  facet normal 0.156432 -0.987689 0
    outer loop
      vertex 62.7511 -21.7769 0.1
      vertex 64.113 -21.5612 2
      vertex 62.7511 -21.7769 2
    endloop
  endfacet
  facet normal 0.156432 -0.987689 0
    outer loop
      vertex 64.113 -21.5612 2
      vertex 62.7511 -21.7769 0.1
      vertex 64.113 -21.5612 0.1
    endloop
  endfacet
  facet normal 0.562092 -0.827075 0
    outer loop
      vertex 71.7614 -18.533 0.1
      vertex 72.9019 -17.7579 2
      vertex 71.7614 -18.533 2
    endloop
  endfacet
  facet normal 0.562092 -0.827075 0
    outer loop
      vertex 72.9019 -17.7579 2
      vertex 71.7614 -18.533 0.1
      vertex 72.9019 -17.7579 0.1
    endloop
  endfacet
  facet normal -0.99556 0.0941308 0
    outer loop
      vertex 38.0933 1.37825 0.1
      vertex 38.2231 2.75106 2
      vertex 38.2231 2.75106 0.1
    endloop
  endfacet
  facet normal -0.99556 0.0941308 0
    outer loop
      vertex 38.2231 2.75106 2
      vertex 38.0933 1.37825 0.1
      vertex 38.0933 1.37825 2
    endloop
  endfacet
  facet normal -0.612871 -0.790183 0
    outer loop
      vertex 46.0085 -16.9128 0.1
      vertex 47.0981 -17.7579 2
      vertex 46.0085 -16.9128 2
    endloop
  endfacet
  facet normal -0.612871 -0.790183 -0
    outer loop
      vertex 47.0981 -17.7579 2
      vertex 46.0085 -16.9128 0.1
      vertex 47.0981 -17.7579 0.1
    endloop
  endfacet
  facet normal 0.827075 -0.562092 0
    outer loop
      vertex 77.7579 -12.9019 2
      vertex 78.533 -11.7614 0.1
      vertex 78.533 -11.7614 2
    endloop
  endfacet
  facet normal 0.827075 -0.562092 0
    outer loop
      vertex 78.533 -11.7614 0.1
      vertex 77.7579 -12.9019 2
      vertex 77.7579 -12.9019 0.1
    endloop
  endfacet
  facet normal -0.917765 -0.397124 0
    outer loop
      vertex 40.139 -9.34585 0.1
      vertex 39.5914 -8.08033 2
      vertex 39.5914 -8.08033 0.1
    endloop
  endfacet
  facet normal -0.917765 -0.397124 0
    outer loop
      vertex 39.5914 -8.08033 2
      vertex 40.139 -9.34585 0.1
      vertex 40.139 -9.34585 2
    endloop
  endfacet
  facet normal -0.278981 0.960297 0
    outer loop
      vertex 54.5413 21.2604 0.1
      vertex 53.2171 20.8757 2
      vertex 54.5413 21.2604 2
    endloop
  endfacet
  facet normal -0.278981 0.960297 0
    outer loop
      vertex 53.2171 20.8757 2
      vertex 54.5413 21.2604 0.1
      vertex 53.2171 20.8757 0.1
    endloop
  endfacet
  facet normal -0.0941315 -0.99556 0
    outer loop
      vertex 57.2489 -21.7769 0.1
      vertex 58.6217 -21.9067 2
      vertex 57.2489 -21.7769 2
    endloop
  endfacet
  facet normal -0.0941315 -0.99556 -0
    outer loop
      vertex 58.6217 -21.9067 2
      vertex 57.2489 -21.7769 0.1
      vertex 58.6217 -21.9067 0.1
    endloop
  endfacet
  facet normal -0.917765 0.397124 0
    outer loop
      vertex 39.5914 8.08033 0.1
      vertex 40.139 9.34585 2
      vertex 40.139 9.34585 0.1
    endloop
  endfacet
  facet normal -0.917765 0.397124 0
    outer loop
      vertex 40.139 9.34585 2
      vertex 39.5914 8.08033 0.1
      vertex 39.5914 8.08033 2
    endloop
  endfacet
  facet normal 0.278981 0.960297 -0
    outer loop
      vertex 66.7829 20.8757 0.1
      vertex 65.4587 21.2604 2
      vertex 66.7829 20.8757 2
    endloop
  endfacet
  facet normal 0.278981 0.960297 0
    outer loop
      vertex 65.4587 21.2604 2
      vertex 66.7829 20.8757 0.1
      vertex 65.4587 21.2604 0.1
    endloop
  endfacet
  facet normal 0.827075 0.562092 0
    outer loop
      vertex 78.533 11.7614 2
      vertex 77.7579 12.9019 0.1
      vertex 77.7579 12.9019 2
    endloop
  endfacet
  facet normal 0.827075 0.562092 0
    outer loop
      vertex 77.7579 12.9019 0.1
      vertex 78.533 11.7614 2
      vertex 78.533 11.7614 0.1
    endloop
  endfacet
  facet normal -0.750096 -0.661329 0
    outer loop
      vertex 43.9991 -15.0258 0.1
      vertex 43.0872 -13.9915 2
      vertex 43.0872 -13.9915 0.1
    endloop
  endfacet
  facet normal -0.750096 -0.661329 0
    outer loop
      vertex 43.0872 -13.9915 2
      vertex 43.9991 -15.0258 0.1
      vertex 43.9991 -15.0258 2
    endloop
  endfacet
  facet normal -0.218144 -0.975917 0
    outer loop
      vertex 54.5413 -21.2604 0.1
      vertex 55.887 -21.5612 2
      vertex 54.5413 -21.2604 2
    endloop
  endfacet
  facet normal -0.218144 -0.975917 -0
    outer loop
      vertex 55.887 -21.5612 2
      vertex 54.5413 -21.2604 0.1
      vertex 55.887 -21.5612 0.1
    endloop
  endfacet
  facet normal -0.156432 0.987689 0
    outer loop
      vertex 57.2489 21.7769 0.1
      vertex 55.887 21.5612 2
      vertex 57.2489 21.7769 2
    endloop
  endfacet
  facet normal -0.156432 0.987689 0
    outer loop
      vertex 55.887 21.5612 2
      vertex 57.2489 21.7769 0.1
      vertex 55.887 21.5612 0.1
    endloop
  endfacet
  facet normal -0.454046 -0.890978 0
    outer loop
      vertex 49.4255 -19.2349 0.1
      vertex 50.6541 -19.861 2
      vertex 49.4255 -19.2349 2
    endloop
  endfacet
  facet normal -0.454046 -0.890978 -0
    outer loop
      vertex 50.6541 -19.861 2
      vertex 49.4255 -19.2349 0.1
      vertex 50.6541 -19.861 0.1
    endloop
  endfacet
  facet normal 0.707107 0.707107 0
    outer loop
      vertex 76.0009 15.0258 2
      vertex 75.0258 16.0009 0.1
      vertex 75.0258 16.0009 2
    endloop
  endfacet
  facet normal 0.707107 0.707107 0
    outer loop
      vertex 75.0258 16.0009 0.1
      vertex 76.0009 15.0258 2
      vertex 76.0009 15.0258 0.1
    endloop
  endfacet
  facet normal 0.917765 -0.397124 0
    outer loop
      vertex 79.861 -9.34585 2
      vertex 80.4086 -8.08033 0.1
      vertex 80.4086 -8.08033 2
    endloop
  endfacet
  facet normal 0.917765 -0.397124 0
    outer loop
      vertex 80.4086 -8.08033 0.1
      vertex 79.861 -9.34585 2
      vertex 79.861 -9.34585 0.1
    endloop
  endfacet
  facet normal -0.98769 -0.156425 0
    outer loop
      vertex 38.4388 -4.11302 0.1
      vertex 38.2231 -2.75106 2
      vertex 38.2231 -2.75106 0.1
    endloop
  endfacet
  facet normal -0.98769 -0.156425 0
    outer loop
      vertex 38.2231 -2.75106 2
      vertex 38.4388 -4.11302 0.1
      vertex 38.4388 -4.11302 2
    endloop
  endfacet
  facet normal 0.975917 -0.21814 0
    outer loop
      vertex 81.2604 -5.45874 2
      vertex 81.5612 -4.11302 0.1
      vertex 81.5612 -4.11302 2
    endloop
  endfacet
  facet normal 0.975917 -0.21814 0
    outer loop
      vertex 81.5612 -4.11302 0.1
      vertex 81.2604 -5.45874 2
      vertex 81.2604 -5.45874 0.1
    endloop
  endfacet
  facet normal 0.94088 -0.33874 0
    outer loop
      vertex 80.4086 -8.08033 2
      vertex 80.8757 -6.78292 0.1
      vertex 80.8757 -6.78292 2
    endloop
  endfacet
  facet normal 0.94088 -0.33874 0
    outer loop
      vertex 80.8757 -6.78292 0.1
      vertex 80.4086 -8.08033 2
      vertex 80.4086 -8.08033 0.1
    endloop
  endfacet
  facet normal 0.98769 -0.156425 0
    outer loop
      vertex 81.5612 -4.11302 2
      vertex 81.7769 -2.75106 0.1
      vertex 81.7769 -2.75106 2
    endloop
  endfacet
  facet normal 0.98769 -0.156425 0
    outer loop
      vertex 81.7769 -2.75106 0.1
      vertex 81.5612 -4.11302 2
      vertex 81.5612 -4.11302 0.1
    endloop
  endfacet
  facet normal -0.278981 -0.960297 0
    outer loop
      vertex 53.2171 -20.8757 0.1
      vertex 54.5413 -21.2604 2
      vertex 53.2171 -20.8757 2
    endloop
  endfacet
  facet normal -0.278981 -0.960297 -0
    outer loop
      vertex 54.5413 -21.2604 2
      vertex 53.2171 -20.8757 0.1
      vertex 54.5413 -21.2604 0.1
    endloop
  endfacet
  facet normal -0.975917 -0.21814 0
    outer loop
      vertex 38.7396 -5.45874 0.1
      vertex 38.4388 -4.11302 2
      vertex 38.4388 -4.11302 0.1
    endloop
  endfacet
  facet normal -0.975917 -0.21814 0
    outer loop
      vertex 38.4388 -4.11302 2
      vertex 38.7396 -5.45874 0.1
      vertex 38.7396 -5.45874 2
    endloop
  endfacet
  facet normal -0.562092 0.827075 0
    outer loop
      vertex 48.2386 18.533 0.1
      vertex 47.0981 17.7579 2
      vertex 48.2386 18.533 2
    endloop
  endfacet
  facet normal -0.562092 0.827075 0
    outer loop
      vertex 47.0981 17.7579 2
      vertex 48.2386 18.533 0.1
      vertex 47.0981 17.7579 0.1
    endloop
  endfacet
  facet normal -0.94088 -0.33874 0
    outer loop
      vertex 39.5914 -8.08033 0.1
      vertex 39.1243 -6.78292 2
      vertex 39.1243 -6.78292 0.1
    endloop
  endfacet
  facet normal -0.94088 -0.33874 0
    outer loop
      vertex 39.1243 -6.78292 2
      vertex 39.5914 -8.08033 0.1
      vertex 39.5914 -8.08033 2
    endloop
  endfacet
  facet normal 0.860752 0.509025 0
    outer loop
      vertex 79.2349 10.5745 2
      vertex 78.533 11.7614 0.1
      vertex 78.533 11.7614 2
    endloop
  endfacet
  facet normal 0.860752 0.509025 0
    outer loop
      vertex 78.533 11.7614 0.1
      vertex 79.2349 10.5745 2
      vertex 79.2349 10.5745 0.1
    endloop
  endfacet
  facet normal 0.218144 0.975917 -0
    outer loop
      vertex 65.4587 21.2604 0.1
      vertex 64.113 21.5612 2
      vertex 65.4587 21.2604 2
    endloop
  endfacet
  facet normal 0.218144 0.975917 0
    outer loop
      vertex 64.113 21.5612 2
      vertex 65.4587 21.2604 0.1
      vertex 64.113 21.5612 0.1
    endloop
  endfacet
  facet normal 0.917765 0.397124 0
    outer loop
      vertex 80.4086 8.08033 2
      vertex 79.861 9.34585 0.1
      vertex 79.861 9.34585 2
    endloop
  endfacet
  facet normal 0.917765 0.397124 0
    outer loop
      vertex 79.861 9.34585 0.1
      vertex 80.4086 8.08033 2
      vertex 80.4086 8.08033 0.1
    endloop
  endfacet
  facet normal -0.0314 -0.999507 0
    outer loop
      vertex 58.6217 -21.9067 0.1
      vertex 60 -21.95 2
      vertex 58.6217 -21.9067 2
    endloop
  endfacet
  facet normal -0.0314 -0.999507 -0
    outer loop
      vertex 60 -21.95 2
      vertex 58.6217 -21.9067 0.1
      vertex 60 -21.95 0.1
    endloop
  endfacet
  facet normal 0.0941315 -0.99556 0
    outer loop
      vertex 61.3783 -21.9067 0.1
      vertex 62.7511 -21.7769 2
      vertex 61.3783 -21.9067 2
    endloop
  endfacet
  facet normal 0.0941315 -0.99556 0
    outer loop
      vertex 62.7511 -21.7769 2
      vertex 61.3783 -21.9067 0.1
      vertex 62.7511 -21.7769 0.1
    endloop
  endfacet
  facet normal 0.612871 0.790183 -0
    outer loop
      vertex 73.9915 16.9128 0.1
      vertex 72.9019 17.7579 2
      vertex 73.9915 16.9128 2
    endloop
  endfacet
  facet normal 0.612871 0.790183 0
    outer loop
      vertex 72.9019 17.7579 2
      vertex 73.9915 16.9128 0.1
      vertex 72.9019 17.7579 0.1
    endloop
  endfacet
  facet normal 0.0314 -0.999507 0
    outer loop
      vertex 60 -21.95 0.1
      vertex 61.3783 -21.9067 2
      vertex 60 -21.95 2
    endloop
  endfacet
  facet normal 0.0314 -0.999507 0
    outer loop
      vertex 61.3783 -21.9067 2
      vertex 60 -21.95 0.1
      vertex 61.3783 -21.9067 0.1
    endloop
  endfacet
  facet normal -0.707107 0.707107 0
    outer loop
      vertex 43.9991 15.0258 0.1
      vertex 44.9742 16.0009 2
      vertex 44.9742 16.0009 0.1
    endloop
  endfacet
  facet normal -0.707107 0.707107 0
    outer loop
      vertex 44.9742 16.0009 2
      vertex 43.9991 15.0258 0.1
      vertex 43.9991 15.0258 2
    endloop
  endfacet
  facet normal 0.338743 -0.940879 0
    outer loop
      vertex 66.7829 -20.8757 0.1
      vertex 68.0803 -20.4086 2
      vertex 66.7829 -20.8757 2
    endloop
  endfacet
  facet normal 0.338743 -0.940879 0
    outer loop
      vertex 68.0803 -20.4086 2
      vertex 66.7829 -20.8757 0.1
      vertex 68.0803 -20.4086 0.1
    endloop
  endfacet
  facet normal -0.218144 0.975917 0
    outer loop
      vertex 55.887 21.5612 0.1
      vertex 54.5413 21.2604 2
      vertex 55.887 21.5612 2
    endloop
  endfacet
  facet normal -0.218144 0.975917 0
    outer loop
      vertex 54.5413 21.2604 2
      vertex 55.887 21.5612 0.1
      vertex 54.5413 21.2604 0.1
    endloop
  endfacet
  facet normal -0.827075 0.562092 0
    outer loop
      vertex 41.467 11.7614 0.1
      vertex 42.2421 12.9019 2
      vertex 42.2421 12.9019 0.1
    endloop
  endfacet
  facet normal -0.827075 0.562092 0
    outer loop
      vertex 42.2421 12.9019 2
      vertex 41.467 11.7614 0.1
      vertex 41.467 11.7614 2
    endloop
  endfacet
  facet normal -0.860752 -0.509025 0
    outer loop
      vertex 41.467 -11.7614 0.1
      vertex 40.7651 -10.5745 2
      vertex 40.7651 -10.5745 0.1
    endloop
  endfacet
  facet normal -0.860752 -0.509025 0
    outer loop
      vertex 40.7651 -10.5745 2
      vertex 41.467 -11.7614 0.1
      vertex 41.467 -11.7614 2
    endloop
  endfacet
  facet normal -0.890986 -0.454032 0
    outer loop
      vertex 40.7651 -10.5745 0.1
      vertex 40.139 -9.34585 2
      vertex 40.139 -9.34585 0.1
    endloop
  endfacet
  facet normal -0.890986 -0.454032 0
    outer loop
      vertex 40.139 -9.34585 2
      vertex 40.7651 -10.5745 0.1
      vertex 40.7651 -10.5745 2
    endloop
  endfacet
  facet normal 0.338743 0.940879 -0
    outer loop
      vertex 68.0803 20.4086 0.1
      vertex 66.7829 20.8757 2
      vertex 68.0803 20.4086 2
    endloop
  endfacet
  facet normal 0.338743 0.940879 0
    outer loop
      vertex 66.7829 20.8757 2
      vertex 68.0803 20.4086 0.1
      vertex 66.7829 20.8757 0.1
    endloop
  endfacet
  facet normal 0.397103 0.917774 -0
    outer loop
      vertex 69.3459 19.861 0.1
      vertex 68.0803 20.4086 2
      vertex 69.3459 19.861 2
    endloop
  endfacet
  facet normal 0.397103 0.917774 0
    outer loop
      vertex 68.0803 20.4086 2
      vertex 69.3459 19.861 0.1
      vertex 68.0803 20.4086 0.1
    endloop
  endfacet
  facet normal -0.99556 -0.0941308 0
    outer loop
      vertex 38.2231 -2.75106 0.1
      vertex 38.0933 -1.37825 2
      vertex 38.0933 -1.37825 0.1
    endloop
  endfacet
  facet normal -0.99556 -0.0941308 0
    outer loop
      vertex 38.0933 -1.37825 2
      vertex 38.2231 -2.75106 0.1
      vertex 38.2231 -2.75106 2
    endloop
  endfacet
  facet normal -0.999507 -0.0314012 0
    outer loop
      vertex 38.0933 -1.37825 0.1
      vertex 38.05 0 2
      vertex 38.05 0 0.1
    endloop
  endfacet
  facet normal -0.999507 -0.0314012 0
    outer loop
      vertex 38.05 0 2
      vertex 38.0933 -1.37825 0.1
      vertex 38.0933 -1.37825 2
    endloop
  endfacet
  facet normal -0.397103 0.917774 0
    outer loop
      vertex 51.9197 20.4086 0.1
      vertex 50.6541 19.861 2
      vertex 51.9197 20.4086 2
    endloop
  endfacet
  facet normal -0.397103 0.917774 0
    outer loop
      vertex 50.6541 19.861 2
      vertex 51.9197 20.4086 0.1
      vertex 50.6541 19.861 0.1
    endloop
  endfacet
  facet normal -0.890986 0.454032 0
    outer loop
      vertex 40.139 9.34585 0.1
      vertex 40.7651 10.5745 2
      vertex 40.7651 10.5745 0.1
    endloop
  endfacet
  facet normal -0.890986 0.454032 0
    outer loop
      vertex 40.7651 10.5745 2
      vertex 40.139 9.34585 0.1
      vertex 40.139 9.34585 2
    endloop
  endfacet
  facet normal 0.218144 -0.975917 0
    outer loop
      vertex 64.113 -21.5612 0.1
      vertex 65.4587 -21.2604 2
      vertex 64.113 -21.5612 2
    endloop
  endfacet
  facet normal 0.218144 -0.975917 0
    outer loop
      vertex 65.4587 -21.2604 2
      vertex 64.113 -21.5612 0.1
      vertex 65.4587 -21.2604 0.1
    endloop
  endfacet
endsolid OpenSCAD_Model
